==========================================
🚀 ost 模型训练
==========================================
lr=5e-4
batch_size=32
epochs=20
patch_size=124
embed_dim=192
depth=6
decoder_depth=1
num_heads=16
mlp_ratio=4.0
drop_path=0.1
drop_rate=0.1
t_max=500
pred_len=2
weight_decay=1e-5
grad_clip_norm=1.0
np=8
tag=lr5e_4_emb192_dep6_dec1
MASTER_ADDR=127.0.0.1
MASTER_PORT=36038
==========================================

== Launch Command ==
 torchrun --standalone --nproc_per_node=8 --master_port=36038 train.py --config_filepath /mnt/bn/gec-scl-ltm-forecast/zhouziyu/CirT/logs/ost/ost_20251212_132816.yaml --devices 8 --accelerator gpu --strategy ddp_find_unused_parameters_true

[rank: 6] Global seed set to 42
[rank: 6] Global seed set to 42
[rank: 5] Global seed set to 42
[rank: 5] Global seed set to 42
[rank: 3] Global seed set to 42
[rank: 3] Global seed set to 42
[rank: 2] Global seed set to 42
[rank: 2] Global seed set to 42
[rank: 7] Global seed set to 42
[rank: 7] Global seed set to 42
[rank: 4] Global seed set to 42
[rank: 4] Global seed set to 42
[rank: 1] Global seed set to 42
[rank: 1] Global seed set to 42
[rank: 0] Global seed set to 42
[rank: 0] Global seed set to 42
[rank: 5] Global seed set to 42
[rank: 5] Global seed set to 42
Initializing distributed: GLOBAL_RANK: 5, MEMBER: 6/8
Initializing distributed: GLOBAL_RANK: 5, MEMBER: 6/8
[rank: 6] Global seed set to 42
[rank: 6] Global seed set to 42
Initializing distributed: GLOBAL_RANK: 6, MEMBER: 7/8
Initializing distributed: GLOBAL_RANK: 6, MEMBER: 7/8
[rank: 3] Global seed set to 42
[rank: 3] Global seed set to 42
Initializing distributed: GLOBAL_RANK: 3, MEMBER: 4/8
Initializing distributed: GLOBAL_RANK: 3, MEMBER: 4/8
[rank: 2] Global seed set to 42
[rank: 2] Global seed set to 42
Initializing distributed: GLOBAL_RANK: 2, MEMBER: 3/8
Initializing distributed: GLOBAL_RANK: 2, MEMBER: 3/8
[rank: 4] Global seed set to 42
[rank: 4] Global seed set to 42
Initializing distributed: GLOBAL_RANK: 4, MEMBER: 5/8
Initializing distributed: GLOBAL_RANK: 4, MEMBER: 5/8
[rank: 7] Global seed set to 42
[rank: 7] Global seed set to 42
Initializing distributed: GLOBAL_RANK: 7, MEMBER: 8/8
Initializing distributed: GLOBAL_RANK: 7, MEMBER: 8/8
[rank: 1] Global seed set to 42
[rank: 1] Global seed set to 42
Initializing distributed: GLOBAL_RANK: 1, MEMBER: 2/8
Initializing distributed: GLOBAL_RANK: 1, MEMBER: 2/8
🚀 使用最高性能模式（禁用TensorBoard）
🚀 使用最高性能模式（禁用TensorBoard）
Trainer config -> accelerator=gpu, devices=8, strategy=ddp_find_unused_parameters_true, precision=16-mixed
Trainer config -> accelerator=gpu, devices=8, strategy=ddp_find_unused_parameters_true, precision=16-mixed
Using 16bit Automatic Mixed Precision (AMP)
Using 16bit Automatic Mixed Precision (AMP)
GPU available: True (cuda), used: True
GPU available: True (cuda), used: True
TPU available: False, using: 0 TPU cores
TPU available: False, using: 0 TPU cores
IPU available: False, using: 0 IPUs
IPU available: False, using: 0 IPUs
HPU available: False, using: 0 HPUs
HPU available: False, using: 0 HPUs
/home/tiger/.local/lib/python3.11/site-packages/lightning/pytorch/trainer/connectors/logger_connector/logger_connector.py:67: UserWarning: Starting from v1.9.0, `tensorboardX` has been removed as a dependency of the `lightning.pytorch` package, due to potential conflicts with other packages in the ML ecosystem. For this reason, `logger=True` will use `CSVLogger` as the default logger, unless the `tensorboard` or `tensorboardX` packages are found. Please `pip install lightning[extra]` or one of them to enable TensorBoard support by default
  warning_cache.warn(
/home/tiger/.local/lib/python3.11/site-packages/lightning/pytorch/trainer/connectors/logger_connector/logger_connector.py:67: UserWarning: Starting from v1.9.0, `tensorboardX` has been removed as a dependency of the `lightning.pytorch` package, due to potential conflicts with other packages in the ML ecosystem. For this reason, `logger=True` will use `CSVLogger` as the default logger, unless the `tensorboard` or `tensorboardX` packages are found. Please `pip install lightning[extra]` or one of them to enable TensorBoard support by default
  warning_cache.warn(
🕐 当前时间 (UTC+8): 2025-12-12 13:28:28
🕐 当前时间 (UTC+8): 2025-12-12 13:28:28
🚀 开始训练...
🚀 开始训练...
[rank: 0] Global seed set to 42
[rank: 0] Global seed set to 42
Initializing distributed: GLOBAL_RANK: 0, MEMBER: 1/8
Initializing distributed: GLOBAL_RANK: 0, MEMBER: 1/8
----------------------------------------------------------------------------------------------------
distributed_backend=nccl
All distributed processes registered. Starting with 8 processes
----------------------------------------------------------------------------------------------------

----------------------------------------------------------------------------------------------------
distributed_backend=nccl
All distributed processes registered. Starting with 8 processes
----------------------------------------------------------------------------------------------------

You are using a CUDA device ('NVIDIA H20') that has Tensor Cores. To properly utilize them, you should set `torch.set_float32_matmul_precision('medium' | 'high')` which will trade-off precision for performance. For more details, read https://pytorch.org/docs/stable/generated/torch.set_float32_matmul_precision.html#torch.set_float32_matmul_precision
You are using a CUDA device ('NVIDIA H20') that has Tensor Cores. To properly utilize them, you should set `torch.set_float32_matmul_precision('medium' | 'high')` which will trade-off precision for performance. For more details, read https://pytorch.org/docs/stable/generated/torch.set_float32_matmul_precision.html#torch.set_float32_matmul_precision
2025-12-12 13:28:30.136 dc53-p32-t108-n023:389992:389992 [0] NCCL INFO NCCL_SOCKET_FAMILY set by environment to AF_INET
2025-12-12 13:28:30.136 dc53-p32-t108-n023:389992:389992 [0] NCCL INFO NCCL_SOCKET_IFNAME set by environment to lo
2025-12-12 13:28:30.136 dc53-p32-t108-n023:389992:389992 [0] NCCL INFO NCCL_SOCKET_FAMILY set by environment to AF_INET
2025-12-12 13:28:30.136 dc53-p32-t108-n023:389992:389992 [0] NCCL INFO NCCL_SOCKET_IFNAME set by environment to lo
2025-12-12 13:28:30.140 dc53-p32-t108-n023:389992:389992 [0] NCCL INFO Bootstrap : Using lo:127.0.0.1<0>
2025-12-12 13:28:30.140 dc53-p32-t108-n023:389992:389992 [0] NCCL INFO Bootstrap : Using lo:127.0.0.1<0>
2025-12-12 13:28:30.140 dc53-p32-t108-n023:389992:389992 [0] NCCL INFO NET/Plugin: No plugin found (none)
2025-12-12 13:28:30.140 dc53-p32-t108-n023:389992:389992 [0] NCCL INFO NET/Plugin: No plugin found (none)
2025-12-12 13:28:30.140 dc53-p32-t108-n023:389992:389992 [0] NCCL INFO NET/Plugin: No plugin found (libnccl-net-none.so)
2025-12-12 13:28:30.140 dc53-p32-t108-n023:389992:389992 [0] NCCL INFO NET/Plugin: Plugin load returned 2 : libnccl-net-none.so: cannot open shared object file: No such file or directory : when loading none
2025-12-12 13:28:30.140 dc53-p32-t108-n023:389992:389992 [0] NCCL INFO NET/Plugin: Using internal network plugin.
2025-12-12 13:28:30.140 dc53-p32-t108-n023:389992:389992 [0] NCCL INFO NET/Plugin: No plugin found (libnccl-net-none.so)
2025-12-12 13:28:30.140 dc53-p32-t108-n023:389992:389992 [0] NCCL INFO NET/Plugin: Plugin load returned 2 : libnccl-net-none.so: cannot open shared object file: No such file or directory : when loading none
2025-12-12 13:28:30.140 dc53-p32-t108-n023:389992:389992 [0] NCCL INFO NET/Plugin: Using internal network plugin.
2025-12-12 13:28:30.141 dc53-p32-t108-n023:389992:389992 [0] NCCL INFO cudaDriverVersion 12040
2025-12-12 13:28:30.141 dc53-p32-t108-n023:389992:389992 [0] NCCL INFO cudaDriverVersion 12040
2025-12-12 13:28:30.141 dc53-p32-t108-n023:389992:389992 [0] NCCL INFO NCCL LOG Enabled
NCCL version 2.21.5-2+cuda12.4
2025-12-12 13:28:30.141 dc53-p32-t108-n023:389992:389992 [0] NCCL INFO NCCL LOG Enabled
NCCL version 2.21.5-2+cuda12.4
2025-12-12 13:28:30.220 dc53-p32-t108-n023:389993:389993 [1] NCCL INFO cudaDriverVersion 12040
2025-12-12 13:28:30.220 dc53-p32-t108-n023:389993:389993 [1] NCCL INFO cudaDriverVersion 12040
2025-12-12 13:28:30.221 dc53-p32-t108-n023:389993:389993 [1] NCCL INFO NCCL LOG Enabled
2025-12-12 13:28:30.221 dc53-p32-t108-n023:389993:389993 [1] NCCL INFO NCCL_SOCKET_FAMILY set by environment to AF_INET
2025-12-12 13:28:30.221 dc53-p32-t108-n023:389993:389993 [1] NCCL INFO NCCL_SOCKET_IFNAME set by environment to lo
2025-12-12 13:28:30.221 dc53-p32-t108-n023:389993:389993 [1] NCCL INFO NCCL LOG Enabled
2025-12-12 13:28:30.221 dc53-p32-t108-n023:389993:389993 [1] NCCL INFO NCCL_SOCKET_FAMILY set by environment to AF_INET
2025-12-12 13:28:30.221 dc53-p32-t108-n023:389993:389993 [1] NCCL INFO NCCL_SOCKET_IFNAME set by environment to lo
2025-12-12 13:28:30.224 dc53-p32-t108-n023:389993:389993 [1] NCCL INFO Bootstrap : Using lo:127.0.0.1<0>
2025-12-12 13:28:30.224 dc53-p32-t108-n023:389993:389993 [1] NCCL INFO Bootstrap : Using lo:127.0.0.1<0>
2025-12-12 13:28:30.224 dc53-p32-t108-n023:389993:389993 [1] NCCL INFO NET/Plugin: No plugin found (none)
2025-12-12 13:28:30.224 dc53-p32-t108-n023:389993:389993 [1] NCCL INFO NET/Plugin: No plugin found (none)
2025-12-12 13:28:30.224 dc53-p32-t108-n023:389993:389993 [1] NCCL INFO NET/Plugin: No plugin found (libnccl-net-none.so)
2025-12-12 13:28:30.224 dc53-p32-t108-n023:389993:389993 [1] NCCL INFO NET/Plugin: Plugin load returned 2 : libnccl-net-none.so: cannot open shared object file: No such file or directory : when loading none
2025-12-12 13:28:30.224 dc53-p32-t108-n023:389993:389993 [1] NCCL INFO NET/Plugin: Using internal network plugin.
2025-12-12 13:28:30.224 dc53-p32-t108-n023:389993:389993 [1] NCCL INFO NET/Plugin: No plugin found (libnccl-net-none.so)
2025-12-12 13:28:30.224 dc53-p32-t108-n023:389993:389993 [1] NCCL INFO NET/Plugin: Plugin load returned 2 : libnccl-net-none.so: cannot open shared object file: No such file or directory : when loading none
2025-12-12 13:28:30.224 dc53-p32-t108-n023:389993:389993 [1] NCCL INFO NET/Plugin: Using internal network plugin.
2025-12-12 13:28:30.229 dc53-p32-t108-n023:389999:389999 [7] NCCL INFO cudaDriverVersion 12040
2025-12-12 13:28:30.229 dc53-p32-t108-n023:389999:389999 [7] NCCL INFO cudaDriverVersion 12040
2025-12-12 13:28:30.229 dc53-p32-t108-n023:389999:389999 [7] NCCL INFO NCCL LOG Enabled
2025-12-12 13:28:30.230 dc53-p32-t108-n023:389999:389999 [7] NCCL INFO NCCL_SOCKET_FAMILY set by environment to AF_INET
2025-12-12 13:28:30.229 dc53-p32-t108-n023:389999:389999 [7] NCCL INFO NCCL LOG Enabled
2025-12-12 13:28:30.230 dc53-p32-t108-n023:389999:389999 [7] NCCL INFO NCCL_SOCKET_IFNAME set by environment to lo
2025-12-12 13:28:30.230 dc53-p32-t108-n023:389999:389999 [7] NCCL INFO NCCL_SOCKET_FAMILY set by environment to AF_INET
2025-12-12 13:28:30.230 dc53-p32-t108-n023:389999:389999 [7] NCCL INFO NCCL_SOCKET_IFNAME set by environment to lo
2025-12-12 13:28:30.231 dc53-p32-t108-n023:389999:389999 [7] NCCL INFO Bootstrap : Using lo:127.0.0.1<0>
2025-12-12 13:28:30.231 dc53-p32-t108-n023:389999:389999 [7] NCCL INFO Bootstrap : Using lo:127.0.0.1<0>
2025-12-12 13:28:30.231 dc53-p32-t108-n023:389999:389999 [7] NCCL INFO NET/Plugin: No plugin found (none)
2025-12-12 13:28:30.231 dc53-p32-t108-n023:389999:389999 [7] NCCL INFO NET/Plugin: No plugin found (none)
2025-12-12 13:28:30.231 dc53-p32-t108-n023:389999:389999 [7] NCCL INFO NET/Plugin: No plugin found (libnccl-net-none.so)
2025-12-12 13:28:30.231 dc53-p32-t108-n023:389999:389999 [7] NCCL INFO NET/Plugin: Plugin load returned 2 : libnccl-net-none.so: cannot open shared object file: No such file or directory : when loading none
2025-12-12 13:28:30.231 dc53-p32-t108-n023:389999:389999 [7] NCCL INFO NET/Plugin: Using internal network plugin.
2025-12-12 13:28:30.231 dc53-p32-t108-n023:389999:389999 [7] NCCL INFO NET/Plugin: No plugin found (libnccl-net-none.so)
2025-12-12 13:28:30.231 dc53-p32-t108-n023:389999:389999 [7] NCCL INFO NET/Plugin: Plugin load returned 2 : libnccl-net-none.so: cannot open shared object file: No such file or directory : when loading none
2025-12-12 13:28:30.231 dc53-p32-t108-n023:389999:389999 [7] NCCL INFO NET/Plugin: Using internal network plugin.
2025-12-12 13:28:30.232 dc53-p32-t108-n023:389995:389995 [3] NCCL INFO cudaDriverVersion 12040
2025-12-12 13:28:30.232 dc53-p32-t108-n023:389995:389995 [3] NCCL INFO cudaDriverVersion 12040
2025-12-12 13:28:30.232 dc53-p32-t108-n023:389995:389995 [3] NCCL INFO NCCL LOG Enabled
2025-12-12 13:28:30.232 dc53-p32-t108-n023:389995:389995 [3] NCCL INFO NCCL LOG Enabled
2025-12-12 13:28:30.232 dc53-p32-t108-n023:389995:389995 [3] NCCL INFO NCCL_SOCKET_FAMILY set by environment to AF_INET
2025-12-12 13:28:30.232 dc53-p32-t108-n023:389995:389995 [3] NCCL INFO NCCL_SOCKET_IFNAME set by environment to lo
2025-12-12 13:28:30.232 dc53-p32-t108-n023:389995:389995 [3] NCCL INFO NCCL_SOCKET_FAMILY set by environment to AF_INET
2025-12-12 13:28:30.232 dc53-p32-t108-n023:389995:389995 [3] NCCL INFO NCCL_SOCKET_IFNAME set by environment to lo
2025-12-12 13:28:30.233 dc53-p32-t108-n023:389997:389997 [5] NCCL INFO cudaDriverVersion 12040
2025-12-12 13:28:30.233 dc53-p32-t108-n023:389997:389997 [5] NCCL INFO cudaDriverVersion 12040
2025-12-12 13:28:30.233 dc53-p32-t108-n023:389997:389997 [5] NCCL INFO NCCL LOG Enabled
2025-12-12 13:28:30.233 dc53-p32-t108-n023:389997:389997 [5] NCCL INFO NCCL LOG Enabled
2025-12-12 13:28:30.233 dc53-p32-t108-n023:389997:389997 [5] NCCL INFO NCCL_SOCKET_FAMILY set by environment to AF_INET
2025-12-12 13:28:30.233 dc53-p32-t108-n023:389997:389997 [5] NCCL INFO NCCL_SOCKET_IFNAME set by environment to lo
2025-12-12 13:28:30.233 dc53-p32-t108-n023:389997:389997 [5] NCCL INFO NCCL_SOCKET_FAMILY set by environment to AF_INET
2025-12-12 13:28:30.233 dc53-p32-t108-n023:389997:389997 [5] NCCL INFO NCCL_SOCKET_IFNAME set by environment to lo
2025-12-12 13:28:30.233 dc53-p32-t108-n023:389996:389996 [4] NCCL INFO cudaDriverVersion 12040
2025-12-12 13:28:30.233 dc53-p32-t108-n023:389996:389996 [4] NCCL INFO cudaDriverVersion 12040
2025-12-12 13:28:30.233 dc53-p32-t108-n023:389996:389996 [4] NCCL INFO NCCL LOG Enabled
2025-12-12 13:28:30.233 dc53-p32-t108-n023:389996:389996 [4] NCCL INFO NCCL LOG Enabled
2025-12-12 13:28:30.233 dc53-p32-t108-n023:389996:389996 [4] NCCL INFO NCCL_SOCKET_FAMILY set by environment to AF_INET
2025-12-12 13:28:30.233 dc53-p32-t108-n023:389996:389996 [4] NCCL INFO NCCL_SOCKET_IFNAME set by environment to lo
2025-12-12 13:28:30.233 dc53-p32-t108-n023:389996:389996 [4] NCCL INFO NCCL_SOCKET_FAMILY set by environment to AF_INET
2025-12-12 13:28:30.233 dc53-p32-t108-n023:389996:389996 [4] NCCL INFO NCCL_SOCKET_IFNAME set by environment to lo
2025-12-12 13:28:30.233 dc53-p32-t108-n023:389998:389998 [6] NCCL INFO cudaDriverVersion 12040
2025-12-12 13:28:30.233 dc53-p32-t108-n023:389998:389998 [6] NCCL INFO cudaDriverVersion 12040
2025-12-12 13:28:30.233 dc53-p32-t108-n023:389998:389998 [6] NCCL INFO NCCL LOG Enabled
2025-12-12 13:28:30.233 dc53-p32-t108-n023:389998:389998 [6] NCCL INFO NCCL LOG Enabled
2025-12-12 13:28:30.233 dc53-p32-t108-n023:389998:389998 [6] NCCL INFO NCCL_SOCKET_FAMILY set by environment to AF_INET
2025-12-12 13:28:30.233 dc53-p32-t108-n023:389998:389998 [6] NCCL INFO NCCL_SOCKET_IFNAME set by environment to lo
2025-12-12 13:28:30.233 dc53-p32-t108-n023:389998:389998 [6] NCCL INFO NCCL_SOCKET_FAMILY set by environment to AF_INET
2025-12-12 13:28:30.233 dc53-p32-t108-n023:389998:389998 [6] NCCL INFO NCCL_SOCKET_IFNAME set by environment to lo
2025-12-12 13:28:30.233 dc53-p32-t108-n023:389994:389994 [2] NCCL INFO cudaDriverVersion 12040
2025-12-12 13:28:30.233 dc53-p32-t108-n023:389994:389994 [2] NCCL INFO cudaDriverVersion 12040
2025-12-12 13:28:30.233 dc53-p32-t108-n023:389994:389994 [2] NCCL INFO NCCL LOG Enabled
2025-12-12 13:28:30.233 dc53-p32-t108-n023:389994:389994 [2] NCCL INFO NCCL LOG Enabled
2025-12-12 13:28:30.233 dc53-p32-t108-n023:389994:389994 [2] NCCL INFO NCCL_SOCKET_FAMILY set by environment to AF_INET
2025-12-12 13:28:30.233 dc53-p32-t108-n023:389994:389994 [2] NCCL INFO NCCL_SOCKET_IFNAME set by environment to lo
2025-12-12 13:28:30.233 dc53-p32-t108-n023:389994:389994 [2] NCCL INFO NCCL_SOCKET_FAMILY set by environment to AF_INET
2025-12-12 13:28:30.233 dc53-p32-t108-n023:389994:389994 [2] NCCL INFO NCCL_SOCKET_IFNAME set by environment to lo
2025-12-12 13:28:30.239 dc53-p32-t108-n023:389998:389998 [6] NCCL INFO Bootstrap : Using lo:127.0.0.1<0>
2025-12-12 13:28:30.239 dc53-p32-t108-n023:389996:389996 [4] NCCL INFO Bootstrap : Using lo:127.0.0.1<0>
2025-12-12 13:28:30.239 dc53-p32-t108-n023:389997:389997 [5] NCCL INFO Bootstrap : Using lo:127.0.0.1<0>
2025-12-12 13:28:30.239 dc53-p32-t108-n023:389995:389995 [3] NCCL INFO Bootstrap : Using lo:127.0.0.1<0>
2025-12-12 13:28:30.239 dc53-p32-t108-n023:389994:389994 [2] NCCL INFO Bootstrap : Using lo:127.0.0.1<0>
2025-12-12 13:28:30.239 dc53-p32-t108-n023:389998:389998 [6] NCCL INFO Bootstrap : Using lo:127.0.0.1<0>
2025-12-12 13:28:30.239 dc53-p32-t108-n023:389996:389996 [4] NCCL INFO Bootstrap : Using lo:127.0.0.1<0>
2025-12-12 13:28:30.239 dc53-p32-t108-n023:389997:389997 [5] NCCL INFO Bootstrap : Using lo:127.0.0.1<0>
2025-12-12 13:28:30.239 dc53-p32-t108-n023:389995:389995 [3] NCCL INFO Bootstrap : Using lo:127.0.0.1<0>
2025-12-12 13:28:30.239 dc53-p32-t108-n023:389994:389994 [2] NCCL INFO Bootstrap : Using lo:127.0.0.1<0>
2025-12-12 13:28:30.239 dc53-p32-t108-n023:389998:389998 [6] NCCL INFO NET/Plugin: No plugin found (none)
2025-12-12 13:28:30.239 dc53-p32-t108-n023:389996:389996 [4] NCCL INFO NET/Plugin: No plugin found (none)
2025-12-12 13:28:30.239 dc53-p32-t108-n023:389998:389998 [6] NCCL INFO NET/Plugin: No plugin found (none)
2025-12-12 13:28:30.239 dc53-p32-t108-n023:389997:389997 [5] NCCL INFO NET/Plugin: No plugin found (none)
2025-12-12 13:28:30.239 dc53-p32-t108-n023:389994:389994 [2] NCCL INFO NET/Plugin: No plugin found (none)
2025-12-12 13:28:30.239 dc53-p32-t108-n023:389996:389996 [4] NCCL INFO NET/Plugin: No plugin found (none)
2025-12-12 13:28:30.239 dc53-p32-t108-n023:389995:389995 [3] NCCL INFO NET/Plugin: No plugin found (none)
2025-12-12 13:28:30.239 dc53-p32-t108-n023:389998:389998 [6] NCCL INFO NET/Plugin: No plugin found (libnccl-net-none.so)
2025-12-12 13:28:30.239 dc53-p32-t108-n023:389996:389996 [4] NCCL INFO NET/Plugin: No plugin found (libnccl-net-none.so)
2025-12-12 13:28:30.239 dc53-p32-t108-n023:389997:389997 [5] NCCL INFO NET/Plugin: No plugin found (none)
2025-12-12 13:28:30.239 dc53-p32-t108-n023:389998:389998 [6] NCCL INFO NET/Plugin: Plugin load returned 2 : libnccl-net-none.so: cannot open shared object file: No such file or directory : when loading none
2025-12-12 13:28:30.239 dc53-p32-t108-n023:389996:389996 [4] NCCL INFO NET/Plugin: Plugin load returned 2 : libnccl-net-none.so: cannot open shared object file: No such file or directory : when loading none
2025-12-12 13:28:30.239 dc53-p32-t108-n023:389996:389996 [4] NCCL INFO NET/Plugin: Using internal network plugin.
2025-12-12 13:28:30.239 dc53-p32-t108-n023:389998:389998 [6] NCCL INFO NET/Plugin: Using internal network plugin.
2025-12-12 13:28:30.239 dc53-p32-t108-n023:389994:389994 [2] NCCL INFO NET/Plugin: No plugin found (none)
2025-12-12 13:28:30.239 dc53-p32-t108-n023:389997:389997 [5] NCCL INFO NET/Plugin: No plugin found (libnccl-net-none.so)
2025-12-12 13:28:30.239 dc53-p32-t108-n023:389997:389997 [5] NCCL INFO NET/Plugin: Plugin load returned 2 : libnccl-net-none.so: cannot open shared object file: No such file or directory : when loading none
2025-12-12 13:28:30.239 dc53-p32-t108-n023:389997:389997 [5] NCCL INFO NET/Plugin: Using internal network plugin.
2025-12-12 13:28:30.239 dc53-p32-t108-n023:389995:389995 [3] NCCL INFO NET/Plugin: No plugin found (none)
2025-12-12 13:28:30.239 dc53-p32-t108-n023:389995:389995 [3] NCCL INFO NET/Plugin: No plugin found (libnccl-net-none.so)
2025-12-12 13:28:30.239 dc53-p32-t108-n023:389994:389994 [2] NCCL INFO NET/Plugin: No plugin found (libnccl-net-none.so)
2025-12-12 13:28:30.239 dc53-p32-t108-n023:389995:389995 [3] NCCL INFO NET/Plugin: Plugin load returned 2 : libnccl-net-none.so: cannot open shared object file: No such file or directory : when loading none
2025-12-12 13:28:30.239 dc53-p32-t108-n023:389994:389994 [2] NCCL INFO NET/Plugin: Plugin load returned 2 : libnccl-net-none.so: cannot open shared object file: No such file or directory : when loading none
2025-12-12 13:28:30.239 dc53-p32-t108-n023:389995:389995 [3] NCCL INFO NET/Plugin: Using internal network plugin.
2025-12-12 13:28:30.239 dc53-p32-t108-n023:389994:389994 [2] NCCL INFO NET/Plugin: Using internal network plugin.
2025-12-12 13:28:30.239 dc53-p32-t108-n023:389998:389998 [6] NCCL INFO NET/Plugin: No plugin found (libnccl-net-none.so)
2025-12-12 13:28:30.239 dc53-p32-t108-n023:389996:389996 [4] NCCL INFO NET/Plugin: No plugin found (libnccl-net-none.so)
2025-12-12 13:28:30.239 dc53-p32-t108-n023:389998:389998 [6] NCCL INFO NET/Plugin: Plugin load returned 2 : libnccl-net-none.so: cannot open shared object file: No such file or directory : when loading none
2025-12-12 13:28:30.239 dc53-p32-t108-n023:389996:389996 [4] NCCL INFO NET/Plugin: Plugin load returned 2 : libnccl-net-none.so: cannot open shared object file: No such file or directory : when loading none
2025-12-12 13:28:30.239 dc53-p32-t108-n023:389996:389996 [4] NCCL INFO NET/Plugin: Using internal network plugin.
2025-12-12 13:28:30.239 dc53-p32-t108-n023:389998:389998 [6] NCCL INFO NET/Plugin: Using internal network plugin.
2025-12-12 13:28:30.239 dc53-p32-t108-n023:389997:389997 [5] NCCL INFO NET/Plugin: No plugin found (libnccl-net-none.so)
2025-12-12 13:28:30.239 dc53-p32-t108-n023:389997:389997 [5] NCCL INFO NET/Plugin: Plugin load returned 2 : libnccl-net-none.so: cannot open shared object file: No such file or directory : when loading none
2025-12-12 13:28:30.239 dc53-p32-t108-n023:389997:389997 [5] NCCL INFO NET/Plugin: Using internal network plugin.
2025-12-12 13:28:30.239 dc53-p32-t108-n023:389995:389995 [3] NCCL INFO NET/Plugin: No plugin found (libnccl-net-none.so)
2025-12-12 13:28:30.239 dc53-p32-t108-n023:389994:389994 [2] NCCL INFO NET/Plugin: No plugin found (libnccl-net-none.so)
2025-12-12 13:28:30.239 dc53-p32-t108-n023:389995:389995 [3] NCCL INFO NET/Plugin: Plugin load returned 2 : libnccl-net-none.so: cannot open shared object file: No such file or directory : when loading none
2025-12-12 13:28:30.239 dc53-p32-t108-n023:389994:389994 [2] NCCL INFO NET/Plugin: Plugin load returned 2 : libnccl-net-none.so: cannot open shared object file: No such file or directory : when loading none
2025-12-12 13:28:30.239 dc53-p32-t108-n023:389995:389995 [3] NCCL INFO NET/Plugin: Using internal network plugin.
2025-12-12 13:28:30.239 dc53-p32-t108-n023:389994:389994 [2] NCCL INFO NET/Plugin: Using internal network plugin.
2025-12-12 13:28:30.415 dc53-p32-t108-n023:389992:390590 [0] NCCL INFO NCCL_IB_DISABLE set by environment to 0.
2025-12-12 13:28:30.415 dc53-p32-t108-n023:389992:390590 [0] NCCL INFO NCCL_IB_DISABLE set by environment to 0.
2025-12-12 13:28:30.416 dc53-p32-t108-n023:389992:390590 [0] NCCL INFO NCCL_SOCKET_FAMILY set by environment to AF_INET
2025-12-12 13:28:30.416 dc53-p32-t108-n023:389992:390590 [0] NCCL INFO NCCL_SOCKET_IFNAME set by environment to lo
2025-12-12 13:28:30.416 dc53-p32-t108-n023:389992:390590 [0] NCCL INFO NCCL_SOCKET_FAMILY set by environment to AF_INET
2025-12-12 13:28:30.416 dc53-p32-t108-n023:389992:390590 [0] NCCL INFO NCCL_SOCKET_IFNAME set by environment to lo
2025-12-12 13:28:30.420 dc53-p32-t108-n023:389992:390590 [0] NCCL INFO NCCL_IB_HCA set to ^=mlx5_0
2025-12-12 13:28:30.420 dc53-p32-t108-n023:389992:390590 [0] NCCL INFO NCCL_IB_HCA set to ^=mlx5_0
2025-12-12 13:28:30.421 dc53-p32-t108-n023:389993:390591 [1] NCCL INFO NCCL_IB_DISABLE set by environment to 0.
2025-12-12 13:28:30.421 dc53-p32-t108-n023:389993:390591 [1] NCCL INFO NCCL_IB_DISABLE set by environment to 0.
2025-12-12 13:28:30.421 dc53-p32-t108-n023:389993:390591 [1] NCCL INFO NCCL_SOCKET_FAMILY set by environment to AF_INET
2025-12-12 13:28:30.421 dc53-p32-t108-n023:389993:390591 [1] NCCL INFO NCCL_SOCKET_IFNAME set by environment to lo
2025-12-12 13:28:30.421 dc53-p32-t108-n023:389993:390591 [1] NCCL INFO NCCL_SOCKET_FAMILY set by environment to AF_INET
2025-12-12 13:28:30.421 dc53-p32-t108-n023:389993:390591 [1] NCCL INFO NCCL_SOCKET_IFNAME set by environment to lo
2025-12-12 13:28:30.427 dc53-p32-t108-n023:389999:390592 [7] NCCL INFO NCCL_IB_DISABLE set by environment to 0.
2025-12-12 13:28:30.427 dc53-p32-t108-n023:389999:390592 [7] NCCL INFO NCCL_IB_DISABLE set by environment to 0.
2025-12-12 13:28:30.428 dc53-p32-t108-n023:389999:390592 [7] NCCL INFO NCCL_SOCKET_FAMILY set by environment to AF_INET
2025-12-12 13:28:30.428 dc53-p32-t108-n023:389999:390592 [7] NCCL INFO NCCL_SOCKET_IFNAME set by environment to lo
2025-12-12 13:28:30.428 dc53-p32-t108-n023:389999:390592 [7] NCCL INFO NCCL_SOCKET_FAMILY set by environment to AF_INET
2025-12-12 13:28:30.428 dc53-p32-t108-n023:389999:390592 [7] NCCL INFO NCCL_SOCKET_IFNAME set by environment to lo
2025-12-12 13:28:30.434 dc53-p32-t108-n023:389993:390591 [1] NCCL INFO NCCL_IB_HCA set to ^=mlx5_0
2025-12-12 13:28:30.434 dc53-p32-t108-n023:389993:390591 [1] NCCL INFO NCCL_IB_HCA set to ^=mlx5_0
2025-12-12 13:28:30.434 dc53-p32-t108-n023:389999:390592 [7] NCCL INFO NCCL_IB_HCA set to ^=mlx5_0
2025-12-12 13:28:30.434 dc53-p32-t108-n023:389999:390592 [7] NCCL INFO NCCL_IB_HCA set to ^=mlx5_0
2025-12-12 13:28:30.435 dc53-p32-t108-n023:389996:390594 [4] NCCL INFO NCCL_IB_DISABLE set by environment to 0.
2025-12-12 13:28:30.435 dc53-p32-t108-n023:389996:390594 [4] NCCL INFO NCCL_IB_DISABLE set by environment to 0.
2025-12-12 13:28:30.436 dc53-p32-t108-n023:389994:390596 [2] NCCL INFO NCCL_IB_DISABLE set by environment to 0.
2025-12-12 13:28:30.436 dc53-p32-t108-n023:389994:390596 [2] NCCL INFO NCCL_IB_DISABLE set by environment to 0.
2025-12-12 13:28:30.436 dc53-p32-t108-n023:389996:390594 [4] NCCL INFO NCCL_SOCKET_FAMILY set by environment to AF_INET
2025-12-12 13:28:30.436 dc53-p32-t108-n023:389996:390594 [4] NCCL INFO NCCL_SOCKET_IFNAME set by environment to lo
2025-12-12 13:28:30.436 dc53-p32-t108-n023:389996:390594 [4] NCCL INFO NCCL_SOCKET_FAMILY set by environment to AF_INET
2025-12-12 13:28:30.436 dc53-p32-t108-n023:389996:390594 [4] NCCL INFO NCCL_SOCKET_IFNAME set by environment to lo
2025-12-12 13:28:30.436 dc53-p32-t108-n023:389997:390595 [5] NCCL INFO NCCL_IB_DISABLE set by environment to 0.
2025-12-12 13:28:30.436 dc53-p32-t108-n023:389997:390595 [5] NCCL INFO NCCL_IB_DISABLE set by environment to 0.
2025-12-12 13:28:30.436 dc53-p32-t108-n023:389995:390597 [3] NCCL INFO NCCL_IB_DISABLE set by environment to 0.
2025-12-12 13:28:30.436 dc53-p32-t108-n023:389995:390597 [3] NCCL INFO NCCL_IB_DISABLE set by environment to 0.
2025-12-12 13:28:30.437 dc53-p32-t108-n023:389994:390596 [2] NCCL INFO NCCL_SOCKET_FAMILY set by environment to AF_INET
2025-12-12 13:28:30.437 dc53-p32-t108-n023:389994:390596 [2] NCCL INFO NCCL_SOCKET_IFNAME set by environment to lo
2025-12-12 13:28:30.437 dc53-p32-t108-n023:389994:390596 [2] NCCL INFO NCCL_SOCKET_FAMILY set by environment to AF_INET
2025-12-12 13:28:30.437 dc53-p32-t108-n023:389994:390596 [2] NCCL INFO NCCL_SOCKET_IFNAME set by environment to lo
2025-12-12 13:28:30.437 dc53-p32-t108-n023:389997:390595 [5] NCCL INFO NCCL_SOCKET_FAMILY set by environment to AF_INET
2025-12-12 13:28:30.437 dc53-p32-t108-n023:389997:390595 [5] NCCL INFO NCCL_SOCKET_IFNAME set by environment to lo
2025-12-12 13:28:30.437 dc53-p32-t108-n023:389995:390597 [3] NCCL INFO NCCL_SOCKET_FAMILY set by environment to AF_INET
2025-12-12 13:28:30.437 dc53-p32-t108-n023:389995:390597 [3] NCCL INFO NCCL_SOCKET_IFNAME set by environment to lo
2025-12-12 13:28:30.437 dc53-p32-t108-n023:389997:390595 [5] NCCL INFO NCCL_SOCKET_FAMILY set by environment to AF_INET
2025-12-12 13:28:30.437 dc53-p32-t108-n023:389997:390595 [5] NCCL INFO NCCL_SOCKET_IFNAME set by environment to lo
2025-12-12 13:28:30.437 dc53-p32-t108-n023:389995:390597 [3] NCCL INFO NCCL_SOCKET_FAMILY set by environment to AF_INET
2025-12-12 13:28:30.437 dc53-p32-t108-n023:389995:390597 [3] NCCL INFO NCCL_SOCKET_IFNAME set by environment to lo
2025-12-12 13:28:30.437 dc53-p32-t108-n023:389998:390593 [6] NCCL INFO NCCL_IB_DISABLE set by environment to 0.
2025-12-12 13:28:30.437 dc53-p32-t108-n023:389998:390593 [6] NCCL INFO NCCL_IB_DISABLE set by environment to 0.
2025-12-12 13:28:30.438 dc53-p32-t108-n023:389998:390593 [6] NCCL INFO NCCL_SOCKET_FAMILY set by environment to AF_INET
2025-12-12 13:28:30.438 dc53-p32-t108-n023:389998:390593 [6] NCCL INFO NCCL_SOCKET_IFNAME set by environment to lo
2025-12-12 13:28:30.438 dc53-p32-t108-n023:389998:390593 [6] NCCL INFO NCCL_SOCKET_FAMILY set by environment to AF_INET
2025-12-12 13:28:30.438 dc53-p32-t108-n023:389998:390593 [6] NCCL INFO NCCL_SOCKET_IFNAME set by environment to lo
2025-12-12 13:28:30.442 dc53-p32-t108-n023:389996:390594 [4] NCCL INFO NCCL_IB_HCA set to ^=mlx5_0
2025-12-12 13:28:30.442 dc53-p32-t108-n023:389996:390594 [4] NCCL INFO NCCL_IB_HCA set to ^=mlx5_0
2025-12-12 13:28:30.442 dc53-p32-t108-n023:389994:390596 [2] NCCL INFO NCCL_IB_HCA set to ^=mlx5_0
2025-12-12 13:28:30.442 dc53-p32-t108-n023:389995:390597 [3] NCCL INFO NCCL_IB_HCA set to ^=mlx5_0
2025-12-12 13:28:30.442 dc53-p32-t108-n023:389997:390595 [5] NCCL INFO NCCL_IB_HCA set to ^=mlx5_0
2025-12-12 13:28:30.442 dc53-p32-t108-n023:389998:390593 [6] NCCL INFO NCCL_IB_HCA set to ^=mlx5_0
2025-12-12 13:28:30.442 dc53-p32-t108-n023:389994:390596 [2] NCCL INFO NCCL_IB_HCA set to ^=mlx5_0
2025-12-12 13:28:30.442 dc53-p32-t108-n023:389995:390597 [3] NCCL INFO NCCL_IB_HCA set to ^=mlx5_0
2025-12-12 13:28:30.442 dc53-p32-t108-n023:389997:390595 [5] NCCL INFO NCCL_IB_HCA set to ^=mlx5_0
2025-12-12 13:28:30.442 dc53-p32-t108-n023:389998:390593 [6] NCCL INFO NCCL_IB_HCA set to ^=mlx5_0
2025-12-12 13:28:30.467 dc53-p32-t108-n023:389992:390590 [0] NCCL INFO NET/IB : Using [0]mlx5_1:1/RoCE [1]mlx5_3:1/RoCE [2]mlx5_4:1/RoCE [3]mlx5_5:1/RoCE [4]mlx5_6:1/RoCE [5]mlx5_8:1/RoCE [6]mlx5_9:1/RoCE [7]mlx5_10:1/RoCE [8]mlx5_11:1/RoCE [RO]; OOB lo:127.0.0.1<0>
2025-12-12 13:28:30.467 dc53-p32-t108-n023:389992:390590 [0] NCCL INFO NET/IB : Using [0]mlx5_1:1/RoCE [1]mlx5_3:1/RoCE [2]mlx5_4:1/RoCE [3]mlx5_5:1/RoCE [4]mlx5_6:1/RoCE [5]mlx5_8:1/RoCE [6]mlx5_9:1/RoCE [7]mlx5_10:1/RoCE [8]mlx5_11:1/RoCE [RO]; OOB lo:127.0.0.1<0>
2025-12-12 13:28:30.467 dc53-p32-t108-n023:389992:390590 [0] NCCL INFO Using non-device net plugin version 0
2025-12-12 13:28:30.467 dc53-p32-t108-n023:389992:390590 [0] NCCL INFO Using network IB
2025-12-12 13:28:30.467 dc53-p32-t108-n023:389992:390590 [0] NCCL INFO Using non-device net plugin version 0
2025-12-12 13:28:30.467 dc53-p32-t108-n023:389992:390590 [0] NCCL INFO Using network IB
2025-12-12 13:28:30.472 dc53-p32-t108-n023:389993:390591 [1] NCCL INFO NET/IB : Using [0]mlx5_1:1/RoCE [1]mlx5_3:1/RoCE [2]mlx5_4:1/RoCE [3]mlx5_5:1/RoCE [4]mlx5_6:1/RoCE [5]mlx5_8:1/RoCE [6]mlx5_9:1/RoCE [7]mlx5_10:1/RoCE [8]mlx5_11:1/RoCE [RO]; OOB lo:127.0.0.1<0>
2025-12-12 13:28:30.472 dc53-p32-t108-n023:389993:390591 [1] NCCL INFO NET/IB : Using [0]mlx5_1:1/RoCE [1]mlx5_3:1/RoCE [2]mlx5_4:1/RoCE [3]mlx5_5:1/RoCE [4]mlx5_6:1/RoCE [5]mlx5_8:1/RoCE [6]mlx5_9:1/RoCE [7]mlx5_10:1/RoCE [8]mlx5_11:1/RoCE [RO]; OOB lo:127.0.0.1<0>
2025-12-12 13:28:30.472 dc53-p32-t108-n023:389999:390592 [7] NCCL INFO NET/IB : Using [0]mlx5_1:1/RoCE [1]mlx5_3:1/RoCE [2]mlx5_4:1/RoCE [3]mlx5_5:1/RoCE [4]mlx5_6:1/RoCE [5]mlx5_8:1/RoCE [6]mlx5_9:1/RoCE [7]mlx5_10:1/RoCE [8]mlx5_11:1/RoCE [RO]; OOB lo:127.0.0.1<0>
2025-12-12 13:28:30.472 dc53-p32-t108-n023:389993:390591 [1] NCCL INFO Using non-device net plugin version 0
2025-12-12 13:28:30.472 dc53-p32-t108-n023:389993:390591 [1] NCCL INFO Using network IB
2025-12-12 13:28:30.472 dc53-p32-t108-n023:389999:390592 [7] NCCL INFO NET/IB : Using [0]mlx5_1:1/RoCE [1]mlx5_3:1/RoCE [2]mlx5_4:1/RoCE [3]mlx5_5:1/RoCE [4]mlx5_6:1/RoCE [5]mlx5_8:1/RoCE [6]mlx5_9:1/RoCE [7]mlx5_10:1/RoCE [8]mlx5_11:1/RoCE [RO]; OOB lo:127.0.0.1<0>
2025-12-12 13:28:30.472 dc53-p32-t108-n023:389993:390591 [1] NCCL INFO Using non-device net plugin version 0
2025-12-12 13:28:30.472 dc53-p32-t108-n023:389999:390592 [7] NCCL INFO Using non-device net plugin version 0
2025-12-12 13:28:30.472 dc53-p32-t108-n023:389999:390592 [7] NCCL INFO Using network IB
2025-12-12 13:28:30.472 dc53-p32-t108-n023:389993:390591 [1] NCCL INFO Using network IB
2025-12-12 13:28:30.472 dc53-p32-t108-n023:389999:390592 [7] NCCL INFO Using non-device net plugin version 0
2025-12-12 13:28:30.472 dc53-p32-t108-n023:389999:390592 [7] NCCL INFO Using network IB
2025-12-12 13:28:30.478 dc53-p32-t108-n023:389996:390594 [4] NCCL INFO NET/IB : Using [0]mlx5_1:1/RoCE [1]mlx5_3:1/RoCE [2]mlx5_4:1/RoCE [3]mlx5_5:1/RoCE [4]mlx5_6:1/RoCE [5]mlx5_8:1/RoCE [6]mlx5_9:1/RoCE [7]mlx5_10:1/RoCE [8]mlx5_11:1/RoCE [RO]; OOB lo:127.0.0.1<0>
2025-12-12 13:28:30.478 dc53-p32-t108-n023:389996:390594 [4] NCCL INFO NET/IB : Using [0]mlx5_1:1/RoCE [1]mlx5_3:1/RoCE [2]mlx5_4:1/RoCE [3]mlx5_5:1/RoCE [4]mlx5_6:1/RoCE [5]mlx5_8:1/RoCE [6]mlx5_9:1/RoCE [7]mlx5_10:1/RoCE [8]mlx5_11:1/RoCE [RO]; OOB lo:127.0.0.1<0>
2025-12-12 13:28:30.478 dc53-p32-t108-n023:389996:390594 [4] NCCL INFO Using non-device net plugin version 0
2025-12-12 13:28:30.478 dc53-p32-t108-n023:389996:390594 [4] NCCL INFO Using network IB
2025-12-12 13:28:30.478 dc53-p32-t108-n023:389996:390594 [4] NCCL INFO Using non-device net plugin version 0
2025-12-12 13:28:30.478 dc53-p32-t108-n023:389996:390594 [4] NCCL INFO Using network IB
2025-12-12 13:28:30.479 dc53-p32-t108-n023:389994:390596 [2] NCCL INFO NET/IB : Using [0]mlx5_1:1/RoCE [1]mlx5_3:1/RoCE [2]mlx5_4:1/RoCE [3]mlx5_5:1/RoCE [4]mlx5_6:1/RoCE [5]mlx5_8:1/RoCE [6]mlx5_9:1/RoCE [7]mlx5_10:1/RoCE [8]mlx5_11:1/RoCE [RO]; OOB lo:127.0.0.1<0>
2025-12-12 13:28:30.479 dc53-p32-t108-n023:389994:390596 [2] NCCL INFO NET/IB : Using [0]mlx5_1:1/RoCE [1]mlx5_3:1/RoCE [2]mlx5_4:1/RoCE [3]mlx5_5:1/RoCE [4]mlx5_6:1/RoCE [5]mlx5_8:1/RoCE [6]mlx5_9:1/RoCE [7]mlx5_10:1/RoCE [8]mlx5_11:1/RoCE [RO]; OOB lo:127.0.0.1<0>
2025-12-12 13:28:30.479 dc53-p32-t108-n023:389994:390596 [2] NCCL INFO Using non-device net plugin version 0
2025-12-12 13:28:30.479 dc53-p32-t108-n023:389994:390596 [2] NCCL INFO Using network IB
2025-12-12 13:28:30.479 dc53-p32-t108-n023:389994:390596 [2] NCCL INFO Using non-device net plugin version 0
2025-12-12 13:28:30.479 dc53-p32-t108-n023:389994:390596 [2] NCCL INFO Using network IB
2025-12-12 13:28:30.479 dc53-p32-t108-n023:389995:390597 [3] NCCL INFO NET/IB : Using [0]mlx5_1:1/RoCE [1]mlx5_3:1/RoCE [2]mlx5_4:1/RoCE [3]mlx5_5:1/RoCE [4]mlx5_6:1/RoCE [5]mlx5_8:1/RoCE [6]mlx5_9:1/RoCE [7]mlx5_10:1/RoCE [8]mlx5_11:1/RoCE [RO]; OOB lo:127.0.0.1<0>
2025-12-12 13:28:30.479 dc53-p32-t108-n023:389995:390597 [3] NCCL INFO NET/IB : Using [0]mlx5_1:1/RoCE [1]mlx5_3:1/RoCE [2]mlx5_4:1/RoCE [3]mlx5_5:1/RoCE [4]mlx5_6:1/RoCE [5]mlx5_8:1/RoCE [6]mlx5_9:1/RoCE [7]mlx5_10:1/RoCE [8]mlx5_11:1/RoCE [RO]; OOB lo:127.0.0.1<0>
2025-12-12 13:28:30.479 dc53-p32-t108-n023:389995:390597 [3] NCCL INFO Using non-device net plugin version 0
2025-12-12 13:28:30.479 dc53-p32-t108-n023:389995:390597 [3] NCCL INFO Using network IB
2025-12-12 13:28:30.479 dc53-p32-t108-n023:389995:390597 [3] NCCL INFO Using non-device net plugin version 0
2025-12-12 13:28:30.479 dc53-p32-t108-n023:389995:390597 [3] NCCL INFO Using network IB
2025-12-12 13:28:30.479 dc53-p32-t108-n023:389997:390595 [5] NCCL INFO NET/IB : Using [0]mlx5_1:1/RoCE [1]mlx5_3:1/RoCE [2]mlx5_4:1/RoCE [3]mlx5_5:1/RoCE [4]mlx5_6:1/RoCE [5]mlx5_8:1/RoCE [6]mlx5_9:1/RoCE [7]mlx5_10:1/RoCE [8]mlx5_11:1/RoCE [RO]; OOB lo:127.0.0.1<0>
2025-12-12 13:28:30.479 dc53-p32-t108-n023:389997:390595 [5] NCCL INFO NET/IB : Using [0]mlx5_1:1/RoCE [1]mlx5_3:1/RoCE [2]mlx5_4:1/RoCE [3]mlx5_5:1/RoCE [4]mlx5_6:1/RoCE [5]mlx5_8:1/RoCE [6]mlx5_9:1/RoCE [7]mlx5_10:1/RoCE [8]mlx5_11:1/RoCE [RO]; OOB lo:127.0.0.1<0>
2025-12-12 13:28:30.479 dc53-p32-t108-n023:389998:390593 [6] NCCL INFO NET/IB : Using [0]mlx5_1:1/RoCE [1]mlx5_3:1/RoCE [2]mlx5_4:1/RoCE [3]mlx5_5:1/RoCE [4]mlx5_6:1/RoCE [5]mlx5_8:1/RoCE [6]mlx5_9:1/RoCE [7]mlx5_10:1/RoCE [8]mlx5_11:1/RoCE [RO]; OOB lo:127.0.0.1<0>
2025-12-12 13:28:30.479 dc53-p32-t108-n023:389997:390595 [5] NCCL INFO Using non-device net plugin version 0
2025-12-12 13:28:30.479 dc53-p32-t108-n023:389997:390595 [5] NCCL INFO Using network IB
2025-12-12 13:28:30.479 dc53-p32-t108-n023:389998:390593 [6] NCCL INFO NET/IB : Using [0]mlx5_1:1/RoCE [1]mlx5_3:1/RoCE [2]mlx5_4:1/RoCE [3]mlx5_5:1/RoCE [4]mlx5_6:1/RoCE [5]mlx5_8:1/RoCE [6]mlx5_9:1/RoCE [7]mlx5_10:1/RoCE [8]mlx5_11:1/RoCE [RO]; OOB lo:127.0.0.1<0>
2025-12-12 13:28:30.479 dc53-p32-t108-n023:389997:390595 [5] NCCL INFO Using non-device net plugin version 0
2025-12-12 13:28:30.479 dc53-p32-t108-n023:389998:390593 [6] NCCL INFO Using non-device net plugin version 0
2025-12-12 13:28:30.479 dc53-p32-t108-n023:389998:390593 [6] NCCL INFO Using network IB
2025-12-12 13:28:30.479 dc53-p32-t108-n023:389997:390595 [5] NCCL INFO Using network IB
2025-12-12 13:28:30.479 dc53-p32-t108-n023:389998:390593 [6] NCCL INFO Using non-device net plugin version 0
2025-12-12 13:28:30.479 dc53-p32-t108-n023:389998:390593 [6] NCCL INFO Using network IB
2025-12-12 13:28:31.711 dc53-p32-t108-n023:389994:390596 [2] NCCL INFO ncclCommInitRank comm 0xf9da070 rank 2 nranks 8 cudaDev 2 nvmlDev 2 busId 4b000 commId 0xb3a2ba2129b6ef3e - Init START
2025-12-12 13:28:31.711 dc53-p32-t108-n023:389995:390597 [3] NCCL INFO ncclCommInitRank comm 0xefd4da0 rank 3 nranks 8 cudaDev 3 nvmlDev 3 busId 5d000 commId 0xb3a2ba2129b6ef3e - Init START
2025-12-12 13:28:31.711 dc53-p32-t108-n023:389999:390592 [7] NCCL INFO ncclCommInitRank comm 0xee88760 rank 7 nranks 8 cudaDev 7 nvmlDev 7 busId db000 commId 0xb3a2ba2129b6ef3e - Init START
2025-12-12 13:28:31.711 dc53-p32-t108-n023:389996:390594 [4] NCCL INFO ncclCommInitRank comm 0xf818780 rank 4 nranks 8 cudaDev 4 nvmlDev 4 busId 9a000 commId 0xb3a2ba2129b6ef3e - Init START
2025-12-12 13:28:31.711 dc53-p32-t108-n023:389998:390593 [6] NCCL INFO ncclCommInitRank comm 0xf091310 rank 6 nranks 8 cudaDev 6 nvmlDev 6 busId ca000 commId 0xb3a2ba2129b6ef3e - Init START
2025-12-12 13:28:31.711 dc53-p32-t108-n023:389993:390591 [1] NCCL INFO ncclCommInitRank comm 0xfa77d80 rank 1 nranks 8 cudaDev 1 nvmlDev 1 busId 41000 commId 0xb3a2ba2129b6ef3e - Init START
2025-12-12 13:28:31.711 dc53-p32-t108-n023:389997:390595 [5] NCCL INFO ncclCommInitRank comm 0xfab5ba0 rank 5 nranks 8 cudaDev 5 nvmlDev 5 busId bb000 commId 0xb3a2ba2129b6ef3e - Init START
2025-12-12 13:28:31.711 dc53-p32-t108-n023:389992:390590 [0] NCCL INFO ncclCommInitRank comm 0x105af860 rank 0 nranks 8 cudaDev 0 nvmlDev 0 busId 18000 commId 0xb3a2ba2129b6ef3e - Init START
2025-12-12 13:28:31.711 dc53-p32-t108-n023:389994:390596 [2] NCCL INFO ncclCommInitRank comm 0xf9da070 rank 2 nranks 8 cudaDev 2 nvmlDev 2 busId 4b000 commId 0xb3a2ba2129b6ef3e - Init START
2025-12-12 13:28:31.711 dc53-p32-t108-n023:389995:390597 [3] NCCL INFO ncclCommInitRank comm 0xefd4da0 rank 3 nranks 8 cudaDev 3 nvmlDev 3 busId 5d000 commId 0xb3a2ba2129b6ef3e - Init START
2025-12-12 13:28:31.711 dc53-p32-t108-n023:389999:390592 [7] NCCL INFO ncclCommInitRank comm 0xee88760 rank 7 nranks 8 cudaDev 7 nvmlDev 7 busId db000 commId 0xb3a2ba2129b6ef3e - Init START
2025-12-12 13:28:31.711 dc53-p32-t108-n023:389996:390594 [4] NCCL INFO ncclCommInitRank comm 0xf818780 rank 4 nranks 8 cudaDev 4 nvmlDev 4 busId 9a000 commId 0xb3a2ba2129b6ef3e - Init START
2025-12-12 13:28:31.711 dc53-p32-t108-n023:389998:390593 [6] NCCL INFO ncclCommInitRank comm 0xf091310 rank 6 nranks 8 cudaDev 6 nvmlDev 6 busId ca000 commId 0xb3a2ba2129b6ef3e - Init START
2025-12-12 13:28:31.711 dc53-p32-t108-n023:389993:390591 [1] NCCL INFO ncclCommInitRank comm 0xfa77d80 rank 1 nranks 8 cudaDev 1 nvmlDev 1 busId 41000 commId 0xb3a2ba2129b6ef3e - Init START
2025-12-12 13:28:31.711 dc53-p32-t108-n023:389997:390595 [5] NCCL INFO ncclCommInitRank comm 0xfab5ba0 rank 5 nranks 8 cudaDev 5 nvmlDev 5 busId bb000 commId 0xb3a2ba2129b6ef3e - Init START
2025-12-12 13:28:31.711 dc53-p32-t108-n023:389992:390590 [0] NCCL INFO ncclCommInitRank comm 0x105af860 rank 0 nranks 8 cudaDev 0 nvmlDev 0 busId 18000 commId 0xb3a2ba2129b6ef3e - Init START
2025-12-12 13:28:36.188 dc53-p32-t108-n023:389998:390593 [6] NCCL INFO KV Convert to int : could not find value of 'Unknown speed' in dictionary, falling back to 60
2025-12-12 13:28:36.188 dc53-p32-t108-n023:389998:390593 [6] NCCL INFO KV Convert to int : could not find value of 'Unknown speed' in dictionary, falling back to 60
2025-12-12 13:28:36.188 dc53-p32-t108-n023:389998:390593 [6] NCCL INFO KV Convert to int : could not find value of 'Unknown speed' in dictionary, falling back to 60
2025-12-12 13:28:36.188 dc53-p32-t108-n023:389998:390593 [6] NCCL INFO KV Convert to int : could not find value of 'Unknown speed' in dictionary, falling back to 60
2025-12-12 13:28:36.188 dc53-p32-t108-n023:389998:390593 [6] NCCL INFO KV Convert to int : could not find value of 'Unknown speed' in dictionary, falling back to 60
2025-12-12 13:28:36.188 dc53-p32-t108-n023:389998:390593 [6] NCCL INFO KV Convert to int : could not find value of 'Unknown speed' in dictionary, falling back to 60
2025-12-12 13:28:36.188 dc53-p32-t108-n023:389998:390593 [6] NCCL INFO KV Convert to int : could not find value of 'Unknown speed' in dictionary, falling back to 60
2025-12-12 13:28:36.188 dc53-p32-t108-n023:389998:390593 [6] NCCL INFO KV Convert to int : could not find value of 'Unknown speed' in dictionary, falling back to 60
2025-12-12 13:28:36.188 dc53-p32-t108-n023:389998:390593 [6] NCCL INFO KV Convert to int : could not find value of 'Unknown speed' in dictionary, falling back to 60
2025-12-12 13:28:36.188 dc53-p32-t108-n023:389998:390593 [6] NCCL INFO KV Convert to int : could not find value of 'Unknown speed' in dictionary, falling back to 60
2025-12-12 13:28:36.188 dc53-p32-t108-n023:389998:390593 [6] NCCL INFO KV Convert to int : could not find value of 'Unknown speed' in dictionary, falling back to 60
2025-12-12 13:28:36.188 dc53-p32-t108-n023:389998:390593 [6] NCCL INFO KV Convert to int : could not find value of 'Unknown speed' in dictionary, falling back to 60
2025-12-12 13:28:36.188 dc53-p32-t108-n023:389998:390593 [6] NCCL INFO KV Convert to int : could not find value of 'Unknown speed' in dictionary, falling back to 60
2025-12-12 13:28:36.189 dc53-p32-t108-n023:389998:390593 [6] NCCL INFO KV Convert to int : could not find value of 'Unknown speed' in dictionary, falling back to 60
2025-12-12 13:28:36.189 dc53-p32-t108-n023:389998:390593 [6] NCCL INFO KV Convert to int : could not find value of 'Unknown speed' in dictionary, falling back to 60
2025-12-12 13:28:36.189 dc53-p32-t108-n023:389998:390593 [6] NCCL INFO KV Convert to int : could not find value of 'Unknown speed' in dictionary, falling back to 60
2025-12-12 13:28:36.189 dc53-p32-t108-n023:389998:390593 [6] NCCL INFO KV Convert to int : could not find value of 'Unknown speed' in dictionary, falling back to 60
2025-12-12 13:28:36.189 dc53-p32-t108-n023:389998:390593 [6] NCCL INFO KV Convert to int : could not find value of 'Unknown speed' in dictionary, falling back to 60
2025-12-12 13:28:36.189 dc53-p32-t108-n023:389998:390593 [6] NCCL INFO KV Convert to int : could not find value of 'Unknown speed' in dictionary, falling back to 60
2025-12-12 13:28:36.189 dc53-p32-t108-n023:389998:390593 [6] NCCL INFO KV Convert to int : could not find value of 'Unknown speed' in dictionary, falling back to 60
2025-12-12 13:28:36.189 dc53-p32-t108-n023:389998:390593 [6] NCCL INFO KV Convert to int : could not find value of 'Unknown speed' in dictionary, falling back to 60
2025-12-12 13:28:36.189 dc53-p32-t108-n023:389998:390593 [6] NCCL INFO KV Convert to int : could not find value of 'Unknown speed' in dictionary, falling back to 60
2025-12-12 13:28:36.188 dc53-p32-t108-n023:389998:390593 [6] NCCL INFO KV Convert to int : could not find value of 'Unknown speed' in dictionary, falling back to 60
2025-12-12 13:28:36.189 dc53-p32-t108-n023:389998:390593 [6] NCCL INFO KV Convert to int : could not find value of 'Unknown speed' in dictionary, falling back to 60
2025-12-12 13:28:36.189 dc53-p32-t108-n023:389998:390593 [6] NCCL INFO KV Convert to int : could not find value of 'Unknown speed' in dictionary, falling back to 60
2025-12-12 13:28:36.189 dc53-p32-t108-n023:389998:390593 [6] NCCL INFO KV Convert to int : could not find value of 'Unknown speed' in dictionary, falling back to 60
2025-12-12 13:28:36.188 dc53-p32-t108-n023:389998:390593 [6] NCCL INFO KV Convert to int : could not find value of 'Unknown speed' in dictionary, falling back to 60
2025-12-12 13:28:36.188 dc53-p32-t108-n023:389998:390593 [6] NCCL INFO KV Convert to int : could not find value of 'Unknown speed' in dictionary, falling back to 60
2025-12-12 13:28:36.188 dc53-p32-t108-n023:389998:390593 [6] NCCL INFO KV Convert to int : could not find value of 'Unknown speed' in dictionary, falling back to 60
2025-12-12 13:28:36.188 dc53-p32-t108-n023:389998:390593 [6] NCCL INFO KV Convert to int : could not find value of 'Unknown speed' in dictionary, falling back to 60
2025-12-12 13:28:36.188 dc53-p32-t108-n023:389998:390593 [6] NCCL INFO KV Convert to int : could not find value of 'Unknown speed' in dictionary, falling back to 60
2025-12-12 13:28:36.188 dc53-p32-t108-n023:389998:390593 [6] NCCL INFO KV Convert to int : could not find value of 'Unknown speed' in dictionary, falling back to 60
2025-12-12 13:28:36.188 dc53-p32-t108-n023:389998:390593 [6] NCCL INFO KV Convert to int : could not find value of 'Unknown speed' in dictionary, falling back to 60
2025-12-12 13:28:36.188 dc53-p32-t108-n023:389998:390593 [6] NCCL INFO KV Convert to int : could not find value of 'Unknown speed' in dictionary, falling back to 60
2025-12-12 13:28:36.188 dc53-p32-t108-n023:389998:390593 [6] NCCL INFO KV Convert to int : could not find value of 'Unknown speed' in dictionary, falling back to 60
2025-12-12 13:28:36.188 dc53-p32-t108-n023:389998:390593 [6] NCCL INFO KV Convert to int : could not find value of 'Unknown speed' in dictionary, falling back to 60
2025-12-12 13:28:36.188 dc53-p32-t108-n023:389998:390593 [6] NCCL INFO KV Convert to int : could not find value of 'Unknown speed' in dictionary, falling back to 60
2025-12-12 13:28:36.188 dc53-p32-t108-n023:389998:390593 [6] NCCL INFO KV Convert to int : could not find value of 'Unknown speed' in dictionary, falling back to 60
2025-12-12 13:28:36.189 dc53-p32-t108-n023:389998:390593 [6] NCCL INFO KV Convert to int : could not find value of 'Unknown speed' in dictionary, falling back to 60
2025-12-12 13:28:36.189 dc53-p32-t108-n023:389998:390593 [6] NCCL INFO KV Convert to int : could not find value of 'Unknown speed' in dictionary, falling back to 60
2025-12-12 13:28:36.189 dc53-p32-t108-n023:389998:390593 [6] NCCL INFO KV Convert to int : could not find value of 'Unknown speed' in dictionary, falling back to 60
2025-12-12 13:28:36.189 dc53-p32-t108-n023:389998:390593 [6] NCCL INFO KV Convert to int : could not find value of 'Unknown speed' in dictionary, falling back to 60
2025-12-12 13:28:36.189 dc53-p32-t108-n023:389998:390593 [6] NCCL INFO KV Convert to int : could not find value of 'Unknown speed' in dictionary, falling back to 60
2025-12-12 13:28:36.189 dc53-p32-t108-n023:389998:390593 [6] NCCL INFO KV Convert to int : could not find value of 'Unknown speed' in dictionary, falling back to 60
2025-12-12 13:28:36.189 dc53-p32-t108-n023:389998:390593 [6] NCCL INFO KV Convert to int : could not find value of 'Unknown speed' in dictionary, falling back to 60
2025-12-12 13:28:36.189 dc53-p32-t108-n023:389998:390593 [6] NCCL INFO KV Convert to int : could not find value of 'Unknown speed' in dictionary, falling back to 60
2025-12-12 13:28:36.189 dc53-p32-t108-n023:389998:390593 [6] NCCL INFO KV Convert to int : could not find value of 'Unknown speed' in dictionary, falling back to 60
2025-12-12 13:28:36.189 dc53-p32-t108-n023:389998:390593 [6] NCCL INFO KV Convert to int : could not find value of 'Unknown speed' in dictionary, falling back to 60
2025-12-12 13:28:36.189 dc53-p32-t108-n023:389998:390593 [6] NCCL INFO KV Convert to int : could not find value of 'Unknown speed' in dictionary, falling back to 60
2025-12-12 13:28:36.189 dc53-p32-t108-n023:389998:390593 [6] NCCL INFO KV Convert to int : could not find value of 'Unknown speed' in dictionary, falling back to 60
2025-12-12 13:28:36.193 dc53-p32-t108-n023:389998:390593 [6] NCCL INFO === System : maxBw 370.8 totalBw 370.8 ===
2025-12-12 13:28:36.193 dc53-p32-t108-n023:389998:390593 [6] NCCL INFO CPU/0-0 (1/1/2)
2025-12-12 13:28:36.193 dc53-p32-t108-n023:389998:390593 [6] NCCL INFO + PCI[12.0] - PCI/0-16000 (1000c0301000100b)
2025-12-12 13:28:36.193 dc53-p32-t108-n023:389998:390593 [6] NCCL INFO               + PCI[12.0] - GPU/0-18000 (0)
2025-12-12 13:28:36.193 dc53-p32-t108-n023:389998:390593 [6] NCCL INFO                             + NVL[370.8] - NVS/0
2025-12-12 13:28:36.193 dc53-p32-t108-n023:389998:390593 [6] NCCL INFO + PCI[12.0] - PCI/0-38000 (1000c0301000100b)
2025-12-12 13:28:36.193 dc53-p32-t108-n023:389998:390593 [6] NCCL INFO               + PCI[12.0] - NIC/0-3a000
2025-12-12 13:28:36.193 dc53-p32-t108-n023:389998:390593 [6] NCCL INFO               + PCI[12.0] - GPU/0-41000 (1)
2025-12-12 13:28:36.193 dc53-p32-t108-n023:389998:390593 [6] NCCL INFO                             + NVL[370.8] - NVS/0
2025-12-12 13:28:36.193 dc53-p32-t108-n023:389998:390593 [6] NCCL INFO + PCI[12.0] - PCI/0-49000 (1000c0301000100b)
2025-12-12 13:28:36.193 dc53-p32-t108-n023:389998:390593 [6] NCCL INFO               + PCI[12.0] - GPU/0-4b000 (2)
2025-12-12 13:28:36.193 dc53-p32-t108-n023:389998:390593 [6] NCCL INFO                             + NVL[370.8] - NVS/0
2025-12-12 13:28:36.193 dc53-p32-t108-n023:389998:390593 [6] NCCL INFO               + PCI[12.0] - NIC/0-4c000
2025-12-12 13:28:36.193 dc53-p32-t108-n023:389998:390593 [6] NCCL INFO + PCI[12.0] - PCI/0-5a000 (1000c0301000100b)
2025-12-12 13:28:36.193 dc53-p32-t108-n023:389998:390593 [6] NCCL INFO               + PCI[12.0] - NIC/0-5c000
2025-12-12 13:28:36.193 dc53-p32-t108-n023:389998:390593 [6] NCCL INFO               + PCI[12.0] - GPU/0-5d000 (3)
2025-12-12 13:28:36.193 dc53-p32-t108-n023:389998:390593 [6] NCCL INFO                             + NVL[370.8] - NVS/0
2025-12-12 13:28:36.193 dc53-p32-t108-n023:389998:390593 [6] NCCL INFO === System : maxBw 370.8 totalBw 370.8 ===
2025-12-12 13:28:36.193 dc53-p32-t108-n023:389998:390593 [6] NCCL INFO + SYS[10.0] - CPU/1
2025-12-12 13:28:36.193 dc53-p32-t108-n023:389998:390593 [6] NCCL INFO + PCI[6.0] - NIC/0-27000
2025-12-12 13:28:36.193 dc53-p32-t108-n023:389998:390593 [6] NCCL INFO CPU/0-1 (1/1/2)
2025-12-12 13:28:36.193 dc53-p32-t108-n023:389998:390593 [6] NCCL INFO + PCI[12.0] - PCI/0-98000 (1000c0301000100b)
2025-12-12 13:28:36.193 dc53-p32-t108-n023:389998:390593 [6] NCCL INFO               + PCI[12.0] - GPU/0-9a000 (4)
2025-12-12 13:28:36.193 dc53-p32-t108-n023:389998:390593 [6] NCCL INFO                             + NVL[370.8] - NVS/0
2025-12-12 13:28:36.193 dc53-p32-t108-n023:389998:390593 [6] NCCL INFO               + PCI[12.0] - NIC/0-9b000
2025-12-12 13:28:36.193 dc53-p32-t108-n023:389998:390593 [6] NCCL INFO + PCI[12.0] - PCI/0-b8000 (1000c0301000100b)
2025-12-12 13:28:36.193 dc53-p32-t108-n023:389998:390593 [6] NCCL INFO               + PCI[12.0] - NIC/0-ba000
2025-12-12 13:28:36.193 dc53-p32-t108-n023:389998:390593 [6] NCCL INFO               + PCI[12.0] - GPU/0-bb000 (5)
2025-12-12 13:28:36.193 dc53-p32-t108-n023:389998:390593 [6] NCCL INFO                             + NVL[370.8] - NVS/0
2025-12-12 13:28:36.193 dc53-p32-t108-n023:389998:390593 [6] NCCL INFO + PCI[12.0] - PCI/0-c8000 (1000c0301000100b)
2025-12-12 13:28:36.193 dc53-p32-t108-n023:389998:390593 [6] NCCL INFO               + PCI[12.0] - GPU/0-ca000 (6)
2025-12-12 13:28:36.193 dc53-p32-t108-n023:389998:390593 [6] NCCL INFO                             + NVL[370.8] - NVS/0
2025-12-12 13:28:36.193 dc53-p32-t108-n023:389998:390593 [6] NCCL INFO               + PCI[12.0] - NIC/0-cb000
2025-12-12 13:28:36.193 dc53-p32-t108-n023:389998:390593 [6] NCCL INFO + PCI[12.0] - PCI/0-d8000 (1000c0301000100b)
2025-12-12 13:28:36.193 dc53-p32-t108-n023:389998:390593 [6] NCCL INFO               + PCI[12.0] - NIC/0-da000
2025-12-12 13:28:36.193 dc53-p32-t108-n023:389998:390593 [6] NCCL INFO               + PCI[12.0] - GPU/0-db000 (7)
2025-12-12 13:28:36.193 dc53-p32-t108-n023:389998:390593 [6] NCCL INFO CPU/0-0 (1/1/2)
2025-12-12 13:28:36.193 dc53-p32-t108-n023:389998:390593 [6] NCCL INFO                             + NVL[370.8] - NVS/0
2025-12-12 13:28:36.193 dc53-p32-t108-n023:389998:390593 [6] NCCL INFO + SYS[10.0] - CPU/0
2025-12-12 13:28:36.193 dc53-p32-t108-n023:389998:390593 [6] NCCL INFO + PCI[6.0] - NIC/0-a8000
2025-12-12 13:28:36.193 dc53-p32-t108-n023:389998:390593 [6] NCCL INFO ==========================================
2025-12-12 13:28:36.193 dc53-p32-t108-n023:389998:390593 [6] NCCL INFO GPU/18000 :GPU/0-18000 (0/5000.0/LOC) GPU/0-41000 (2/370.8/NVL) GPU/0-4b000 (2/370.8/NVL) GPU/0-5d000 (2/370.8/NVL) GPU/0-9a000 (2/370.8/NVL) GPU/0-bb000 (2/370.8/NVL) GPU/0-ca000 (2/370.8/NVL) GPU/0-db000 (2/370.8/NVL) NVS/0-0 (1/370.8/NVL) CPU/0-0 (2/12.0/PHB) CPU/0-1 (3/10.0/SYS) 
2025-12-12 13:28:36.193 dc53-p32-t108-n023:389998:390593 [6] NCCL INFO GPU/41000 :GPU/0-18000 (2/370.8/NVL) GPU/0-41000 (0/5000.0/LOC) GPU/0-4b000 (2/370.8/NVL) GPU/0-5d000 (2/370.8/NVL) GPU/0-9a000 (2/370.8/NVL) GPU/0-bb000 (2/370.8/NVL) GPU/0-ca000 (2/370.8/NVL) GPU/0-db000 (2/370.8/NVL) NVS/0-0 (1/370.8/NVL) CPU/0-0 (2/12.0/PHB) CPU/0-1 (3/10.0/SYS) 
2025-12-12 13:28:36.193 dc53-p32-t108-n023:389998:390593 [6] NCCL INFO GPU/4B000 :GPU/0-18000 (2/370.8/NVL) GPU/0-41000 (2/370.8/NVL) GPU/0-4b000 (0/5000.0/LOC) GPU/0-5d000 (2/370.8/NVL) GPU/0-9a000 (2/370.8/NVL) GPU/0-bb000 (2/370.8/NVL) GPU/0-ca000 (2/370.8/NVL) GPU/0-db000 (2/370.8/NVL) NVS/0-0 (1/370.8/NVL) CPU/0-0 (2/12.0/PHB) CPU/0-1 (3/10.0/SYS) 
2025-12-12 13:28:36.193 dc53-p32-t108-n023:389998:390593 [6] NCCL INFO GPU/5D000 :GPU/0-18000 (2/370.8/NVL) GPU/0-41000 (2/370.8/NVL) GPU/0-4b000 (2/370.8/NVL) GPU/0-5d000 (0/5000.0/LOC) GPU/0-9a000 (2/370.8/NVL) GPU/0-bb000 (2/370.8/NVL) GPU/0-ca000 (2/370.8/NVL) GPU/0-db000 (2/370.8/NVL) NVS/0-0 (1/370.8/NVL) CPU/0-0 (2/12.0/PHB) CPU/0-1 (3/10.0/SYS) 
2025-12-12 13:28:36.193 dc53-p32-t108-n023:389998:390593 [6] NCCL INFO + PCI[12.0] - PCI/0-16000 (1000c0301000100b)
2025-12-12 13:28:36.193 dc53-p32-t108-n023:389998:390593 [6] NCCL INFO GPU/9A000 :GPU/0-18000 (2/370.8/NVL) GPU/0-41000 (2/370.8/NVL) GPU/0-4b000 (2/370.8/NVL) GPU/0-5d000 (2/370.8/NVL) GPU/0-9a000 (0/5000.0/LOC) GPU/0-bb000 (2/370.8/NVL) GPU/0-ca000 (2/370.8/NVL) GPU/0-db000 (2/370.8/NVL) NVS/0-0 (1/370.8/NVL) CPU/0-0 (3/10.0/SYS) CPU/0-1 (2/12.0/PHB) 
2025-12-12 13:28:36.193 dc53-p32-t108-n023:389998:390593 [6] NCCL INFO GPU/BB000 :GPU/0-18000 (2/370.8/NVL) GPU/0-41000 (2/370.8/NVL) GPU/0-4b000 (2/370.8/NVL) GPU/0-5d000 (2/370.8/NVL) GPU/0-9a000 (2/370.8/NVL) GPU/0-bb000 (0/5000.0/LOC) GPU/0-ca000 (2/370.8/NVL) GPU/0-db000 (2/370.8/NVL) NVS/0-0 (1/370.8/NVL) CPU/0-0 (3/10.0/SYS) CPU/0-1 (2/12.0/PHB) 
2025-12-12 13:28:36.193 dc53-p32-t108-n023:389998:390593 [6] NCCL INFO GPU/CA000 :GPU/0-18000 (2/370.8/NVL) GPU/0-41000 (2/370.8/NVL) GPU/0-4b000 (2/370.8/NVL) GPU/0-5d000 (2/370.8/NVL) GPU/0-9a000 (2/370.8/NVL) GPU/0-bb000 (2/370.8/NVL) GPU/0-ca000 (0/5000.0/LOC) GPU/0-db000 (2/370.8/NVL) NVS/0-0 (1/370.8/NVL) CPU/0-0 (3/10.0/SYS) CPU/0-1 (2/12.0/PHB) 
2025-12-12 13:28:36.193 dc53-p32-t108-n023:389998:390593 [6] NCCL INFO GPU/DB000 :GPU/0-18000 (2/370.8/NVL) GPU/0-41000 (2/370.8/NVL) GPU/0-4b000 (2/370.8/NVL) GPU/0-5d000 (2/370.8/NVL) GPU/0-9a000 (2/370.8/NVL) GPU/0-bb000 (2/370.8/NVL) GPU/0-ca000 (2/370.8/NVL) GPU/0-db000 (0/5000.0/LOC) NVS/0-0 (1/370.8/NVL) CPU/0-0 (3/10.0/SYS) CPU/0-1 (2/12.0/PHB) 
2025-12-12 13:28:36.193 dc53-p32-t108-n023:389998:390593 [6] NCCL INFO Setting affinity for GPU 6 to ffffffff,ffff0000,00000000,ffffffff,ffff0000,00000000
2025-12-12 13:28:36.193 dc53-p32-t108-n023:389998:390593 [6] NCCL INFO               + PCI[12.0] - GPU/0-18000 (0)
2025-12-12 13:28:36.193 dc53-p32-t108-n023:389998:390593 [6] NCCL INFO                             + NVL[370.8] - NVS/0
2025-12-12 13:28:36.193 dc53-p32-t108-n023:389998:390593 [6] NCCL INFO NCCL_NVLS_ENABLE set by environment to 0.
2025-12-12 13:28:36.193 dc53-p32-t108-n023:389998:390593 [6] NCCL INFO + PCI[12.0] - PCI/0-38000 (1000c0301000100b)
2025-12-12 13:28:36.193 dc53-p32-t108-n023:389998:390593 [6] NCCL INFO               + PCI[12.0] - NIC/0-3a000
2025-12-12 13:28:36.193 dc53-p32-t108-n023:389998:390593 [6] NCCL INFO               + PCI[12.0] - GPU/0-41000 (1)
2025-12-12 13:28:36.193 dc53-p32-t108-n023:389998:390593 [6] NCCL INFO                             + NVL[370.8] - NVS/0
2025-12-12 13:28:36.193 dc53-p32-t108-n023:389998:390593 [6] NCCL INFO + PCI[12.0] - PCI/0-49000 (1000c0301000100b)
2025-12-12 13:28:36.193 dc53-p32-t108-n023:389998:390593 [6] NCCL INFO               + PCI[12.0] - GPU/0-4b000 (2)
2025-12-12 13:28:36.193 dc53-p32-t108-n023:389998:390593 [6] NCCL INFO                             + NVL[370.8] - NVS/0
2025-12-12 13:28:36.193 dc53-p32-t108-n023:389998:390593 [6] NCCL INFO               + PCI[12.0] - NIC/0-4c000
2025-12-12 13:28:36.193 dc53-p32-t108-n023:389998:390593 [6] NCCL INFO + PCI[12.0] - PCI/0-5a000 (1000c0301000100b)
2025-12-12 13:28:36.193 dc53-p32-t108-n023:389998:390593 [6] NCCL INFO               + PCI[12.0] - NIC/0-5c000
2025-12-12 13:28:36.193 dc53-p32-t108-n023:389998:390593 [6] NCCL INFO               + PCI[12.0] - GPU/0-5d000 (3)
2025-12-12 13:28:36.193 dc53-p32-t108-n023:389998:390593 [6] NCCL INFO                             + NVL[370.8] - NVS/0
2025-12-12 13:28:36.193 dc53-p32-t108-n023:389998:390593 [6] NCCL INFO + SYS[10.0] - CPU/1
2025-12-12 13:28:36.193 dc53-p32-t108-n023:389998:390593 [6] NCCL INFO + PCI[6.0] - NIC/0-27000
2025-12-12 13:28:36.193 dc53-p32-t108-n023:389998:390593 [6] NCCL INFO CPU/0-1 (1/1/2)
2025-12-12 13:28:36.193 dc53-p32-t108-n023:389998:390593 [6] NCCL INFO + PCI[12.0] - PCI/0-98000 (1000c0301000100b)
2025-12-12 13:28:36.193 dc53-p32-t108-n023:389998:390593 [6] NCCL INFO               + PCI[12.0] - GPU/0-9a000 (4)
2025-12-12 13:28:36.193 dc53-p32-t108-n023:389998:390593 [6] NCCL INFO                             + NVL[370.8] - NVS/0
2025-12-12 13:28:36.193 dc53-p32-t108-n023:389998:390593 [6] NCCL INFO               + PCI[12.0] - NIC/0-9b000
2025-12-12 13:28:36.193 dc53-p32-t108-n023:389998:390593 [6] NCCL INFO + PCI[12.0] - PCI/0-b8000 (1000c0301000100b)
2025-12-12 13:28:36.193 dc53-p32-t108-n023:389998:390593 [6] NCCL INFO               + PCI[12.0] - NIC/0-ba000
2025-12-12 13:28:36.193 dc53-p32-t108-n023:389998:390593 [6] NCCL INFO               + PCI[12.0] - GPU/0-bb000 (5)
2025-12-12 13:28:36.193 dc53-p32-t108-n023:389998:390593 [6] NCCL INFO                             + NVL[370.8] - NVS/0
2025-12-12 13:28:36.193 dc53-p32-t108-n023:389998:390593 [6] NCCL INFO + PCI[12.0] - PCI/0-c8000 (1000c0301000100b)
2025-12-12 13:28:36.193 dc53-p32-t108-n023:389998:390593 [6] NCCL INFO               + PCI[12.0] - GPU/0-ca000 (6)
2025-12-12 13:28:36.193 dc53-p32-t108-n023:389998:390593 [6] NCCL INFO                             + NVL[370.8] - NVS/0
2025-12-12 13:28:36.193 dc53-p32-t108-n023:389998:390593 [6] NCCL INFO               + PCI[12.0] - NIC/0-cb000
2025-12-12 13:28:36.193 dc53-p32-t108-n023:389998:390593 [6] NCCL INFO + PCI[12.0] - PCI/0-d8000 (1000c0301000100b)
2025-12-12 13:28:36.193 dc53-p32-t108-n023:389998:390593 [6] NCCL INFO               + PCI[12.0] - NIC/0-da000
2025-12-12 13:28:36.193 dc53-p32-t108-n023:389998:390593 [6] NCCL INFO               + PCI[12.0] - GPU/0-db000 (7)
2025-12-12 13:28:36.193 dc53-p32-t108-n023:389998:390593 [6] NCCL INFO                             + NVL[370.8] - NVS/0
2025-12-12 13:28:36.193 dc53-p32-t108-n023:389998:390593 [6] NCCL INFO + SYS[10.0] - CPU/0
2025-12-12 13:28:36.193 dc53-p32-t108-n023:389998:390593 [6] NCCL INFO + PCI[6.0] - NIC/0-a8000
2025-12-12 13:28:36.193 dc53-p32-t108-n023:389998:390593 [6] NCCL INFO ==========================================
2025-12-12 13:28:36.193 dc53-p32-t108-n023:389998:390593 [6] NCCL INFO GPU/18000 :GPU/0-18000 (0/5000.0/LOC) GPU/0-41000 (2/370.8/NVL) GPU/0-4b000 (2/370.8/NVL) GPU/0-5d000 (2/370.8/NVL) GPU/0-9a000 (2/370.8/NVL) GPU/0-bb000 (2/370.8/NVL) GPU/0-ca000 (2/370.8/NVL) GPU/0-db000 (2/370.8/NVL) NVS/0-0 (1/370.8/NVL) CPU/0-0 (2/12.0/PHB) CPU/0-1 (3/10.0/SYS) 
2025-12-12 13:28:36.193 dc53-p32-t108-n023:389998:390593 [6] NCCL INFO GPU/41000 :GPU/0-18000 (2/370.8/NVL) GPU/0-41000 (0/5000.0/LOC) GPU/0-4b000 (2/370.8/NVL) GPU/0-5d000 (2/370.8/NVL) GPU/0-9a000 (2/370.8/NVL) GPU/0-bb000 (2/370.8/NVL) GPU/0-ca000 (2/370.8/NVL) GPU/0-db000 (2/370.8/NVL) NVS/0-0 (1/370.8/NVL) CPU/0-0 (2/12.0/PHB) CPU/0-1 (3/10.0/SYS) 
2025-12-12 13:28:36.193 dc53-p32-t108-n023:389998:390593 [6] NCCL INFO GPU/4B000 :GPU/0-18000 (2/370.8/NVL) GPU/0-41000 (2/370.8/NVL) GPU/0-4b000 (0/5000.0/LOC) GPU/0-5d000 (2/370.8/NVL) GPU/0-9a000 (2/370.8/NVL) GPU/0-bb000 (2/370.8/NVL) GPU/0-ca000 (2/370.8/NVL) GPU/0-db000 (2/370.8/NVL) NVS/0-0 (1/370.8/NVL) CPU/0-0 (2/12.0/PHB) CPU/0-1 (3/10.0/SYS) 
2025-12-12 13:28:36.193 dc53-p32-t108-n023:389998:390593 [6] NCCL INFO GPU/5D000 :GPU/0-18000 (2/370.8/NVL) GPU/0-41000 (2/370.8/NVL) GPU/0-4b000 (2/370.8/NVL) GPU/0-5d000 (0/5000.0/LOC) GPU/0-9a000 (2/370.8/NVL) GPU/0-bb000 (2/370.8/NVL) GPU/0-ca000 (2/370.8/NVL) GPU/0-db000 (2/370.8/NVL) NVS/0-0 (1/370.8/NVL) CPU/0-0 (2/12.0/PHB) CPU/0-1 (3/10.0/SYS) 
2025-12-12 13:28:36.193 dc53-p32-t108-n023:389998:390593 [6] NCCL INFO GPU/9A000 :GPU/0-18000 (2/370.8/NVL) GPU/0-41000 (2/370.8/NVL) GPU/0-4b000 (2/370.8/NVL) GPU/0-5d000 (2/370.8/NVL) GPU/0-9a000 (0/5000.0/LOC) GPU/0-bb000 (2/370.8/NVL) GPU/0-ca000 (2/370.8/NVL) GPU/0-db000 (2/370.8/NVL) NVS/0-0 (1/370.8/NVL) CPU/0-0 (3/10.0/SYS) CPU/0-1 (2/12.0/PHB) 
2025-12-12 13:28:36.195 dc53-p32-t108-n023:389992:390590 [0] NCCL INFO KV Convert to int : could not find value of 'Unknown speed' in dictionary, falling back to 60
2025-12-12 13:28:36.195 dc53-p32-t108-n023:389992:390590 [0] NCCL INFO KV Convert to int : could not find value of 'Unknown speed' in dictionary, falling back to 60
2025-12-12 13:28:36.195 dc53-p32-t108-n023:389992:390590 [0] NCCL INFO KV Convert to int : could not find value of 'Unknown speed' in dictionary, falling back to 60
2025-12-12 13:28:36.195 dc53-p32-t108-n023:389992:390590 [0] NCCL INFO KV Convert to int : could not find value of 'Unknown speed' in dictionary, falling back to 60
2025-12-12 13:28:36.195 dc53-p32-t108-n023:389992:390590 [0] NCCL INFO KV Convert to int : could not find value of 'Unknown speed' in dictionary, falling back to 60
2025-12-12 13:28:36.195 dc53-p32-t108-n023:389992:390590 [0] NCCL INFO KV Convert to int : could not find value of 'Unknown speed' in dictionary, falling back to 60
2025-12-12 13:28:36.195 dc53-p32-t108-n023:389992:390590 [0] NCCL INFO KV Convert to int : could not find value of 'Unknown speed' in dictionary, falling back to 60
2025-12-12 13:28:36.193 dc53-p32-t108-n023:389998:390593 [6] NCCL INFO GPU/BB000 :GPU/0-18000 (2/370.8/NVL) GPU/0-41000 (2/370.8/NVL) GPU/0-4b000 (2/370.8/NVL) GPU/0-5d000 (2/370.8/NVL) GPU/0-9a000 (2/370.8/NVL) GPU/0-bb000 (0/5000.0/LOC) GPU/0-ca000 (2/370.8/NVL) GPU/0-db000 (2/370.8/NVL) NVS/0-0 (1/370.8/NVL) CPU/0-0 (3/10.0/SYS) CPU/0-1 (2/12.0/PHB) 
2025-12-12 13:28:36.195 dc53-p32-t108-n023:389992:390590 [0] NCCL INFO KV Convert to int : could not find value of 'Unknown speed' in dictionary, falling back to 60
2025-12-12 13:28:36.195 dc53-p32-t108-n023:389992:390590 [0] NCCL INFO KV Convert to int : could not find value of 'Unknown speed' in dictionary, falling back to 60
2025-12-12 13:28:36.195 dc53-p32-t108-n023:389992:390590 [0] NCCL INFO KV Convert to int : could not find value of 'Unknown speed' in dictionary, falling back to 60
2025-12-12 13:28:36.195 dc53-p32-t108-n023:389992:390590 [0] NCCL INFO KV Convert to int : could not find value of 'Unknown speed' in dictionary, falling back to 60
2025-12-12 13:28:36.195 dc53-p32-t108-n023:389992:390590 [0] NCCL INFO KV Convert to int : could not find value of 'Unknown speed' in dictionary, falling back to 60
2025-12-12 13:28:36.195 dc53-p32-t108-n023:389992:390590 [0] NCCL INFO KV Convert to int : could not find value of 'Unknown speed' in dictionary, falling back to 60
2025-12-12 13:28:36.195 dc53-p32-t108-n023:389992:390590 [0] NCCL INFO KV Convert to int : could not find value of 'Unknown speed' in dictionary, falling back to 60
2025-12-12 13:28:36.195 dc53-p32-t108-n023:389992:390590 [0] NCCL INFO KV Convert to int : could not find value of 'Unknown speed' in dictionary, falling back to 60
2025-12-12 13:28:36.195 dc53-p32-t108-n023:389992:390590 [0] NCCL INFO KV Convert to int : could not find value of 'Unknown speed' in dictionary, falling back to 60
2025-12-12 13:28:36.195 dc53-p32-t108-n023:389992:390590 [0] NCCL INFO KV Convert to int : could not find value of 'Unknown speed' in dictionary, falling back to 60
2025-12-12 13:28:36.195 dc53-p32-t108-n023:389992:390590 [0] NCCL INFO KV Convert to int : could not find value of 'Unknown speed' in dictionary, falling back to 60
2025-12-12 13:28:36.195 dc53-p32-t108-n023:389992:390590 [0] NCCL INFO KV Convert to int : could not find value of 'Unknown speed' in dictionary, falling back to 60
2025-12-12 13:28:36.195 dc53-p32-t108-n023:389992:390590 [0] NCCL INFO KV Convert to int : could not find value of 'Unknown speed' in dictionary, falling back to 60
2025-12-12 13:28:36.195 dc53-p32-t108-n023:389992:390590 [0] NCCL INFO KV Convert to int : could not find value of 'Unknown speed' in dictionary, falling back to 60
2025-12-12 13:28:36.195 dc53-p32-t108-n023:389992:390590 [0] NCCL INFO KV Convert to int : could not find value of 'Unknown speed' in dictionary, falling back to 60
2025-12-12 13:28:36.195 dc53-p32-t108-n023:389992:390590 [0] NCCL INFO KV Convert to int : could not find value of 'Unknown speed' in dictionary, falling back to 60
2025-12-12 13:28:36.195 dc53-p32-t108-n023:389992:390590 [0] NCCL INFO KV Convert to int : could not find value of 'Unknown speed' in dictionary, falling back to 60
2025-12-12 13:28:36.195 dc53-p32-t108-n023:389992:390590 [0] NCCL INFO KV Convert to int : could not find value of 'Unknown speed' in dictionary, falling back to 60
2025-12-12 13:28:36.193 dc53-p32-t108-n023:389998:390593 [6] NCCL INFO GPU/CA000 :GPU/0-18000 (2/370.8/NVL) GPU/0-41000 (2/370.8/NVL) GPU/0-4b000 (2/370.8/NVL) GPU/0-5d000 (2/370.8/NVL) GPU/0-9a000 (2/370.8/NVL) GPU/0-bb000 (2/370.8/NVL) GPU/0-ca000 (0/5000.0/LOC) GPU/0-db000 (2/370.8/NVL) NVS/0-0 (1/370.8/NVL) CPU/0-0 (3/10.0/SYS) CPU/0-1 (2/12.0/PHB) 
2025-12-12 13:28:36.193 dc53-p32-t108-n023:389998:390593 [6] NCCL INFO GPU/DB000 :GPU/0-18000 (2/370.8/NVL) GPU/0-41000 (2/370.8/NVL) GPU/0-4b000 (2/370.8/NVL) GPU/0-5d000 (2/370.8/NVL) GPU/0-9a000 (2/370.8/NVL) GPU/0-bb000 (2/370.8/NVL) GPU/0-ca000 (2/370.8/NVL) GPU/0-db000 (0/5000.0/LOC) NVS/0-0 (1/370.8/NVL) CPU/0-0 (3/10.0/SYS) CPU/0-1 (2/12.0/PHB) 
2025-12-12 13:28:36.193 dc53-p32-t108-n023:389998:390593 [6] NCCL INFO Setting affinity for GPU 6 to ffffffff,ffff0000,00000000,ffffffff,ffff0000,00000000
2025-12-12 13:28:36.193 dc53-p32-t108-n023:389998:390593 [6] NCCL INFO NCCL_NVLS_ENABLE set by environment to 0.
2025-12-12 13:28:36.195 dc53-p32-t108-n023:389992:390590 [0] NCCL INFO KV Convert to int : could not find value of 'Unknown speed' in dictionary, falling back to 60
2025-12-12 13:28:36.195 dc53-p32-t108-n023:389992:390590 [0] NCCL INFO KV Convert to int : could not find value of 'Unknown speed' in dictionary, falling back to 60
2025-12-12 13:28:36.195 dc53-p32-t108-n023:389992:390590 [0] NCCL INFO KV Convert to int : could not find value of 'Unknown speed' in dictionary, falling back to 60
2025-12-12 13:28:36.195 dc53-p32-t108-n023:389992:390590 [0] NCCL INFO KV Convert to int : could not find value of 'Unknown speed' in dictionary, falling back to 60
2025-12-12 13:28:36.195 dc53-p32-t108-n023:389992:390590 [0] NCCL INFO KV Convert to int : could not find value of 'Unknown speed' in dictionary, falling back to 60
2025-12-12 13:28:36.195 dc53-p32-t108-n023:389992:390590 [0] NCCL INFO KV Convert to int : could not find value of 'Unknown speed' in dictionary, falling back to 60
2025-12-12 13:28:36.195 dc53-p32-t108-n023:389992:390590 [0] NCCL INFO KV Convert to int : could not find value of 'Unknown speed' in dictionary, falling back to 60
2025-12-12 13:28:36.195 dc53-p32-t108-n023:389992:390590 [0] NCCL INFO KV Convert to int : could not find value of 'Unknown speed' in dictionary, falling back to 60
2025-12-12 13:28:36.195 dc53-p32-t108-n023:389992:390590 [0] NCCL INFO KV Convert to int : could not find value of 'Unknown speed' in dictionary, falling back to 60
2025-12-12 13:28:36.195 dc53-p32-t108-n023:389992:390590 [0] NCCL INFO KV Convert to int : could not find value of 'Unknown speed' in dictionary, falling back to 60
2025-12-12 13:28:36.195 dc53-p32-t108-n023:389992:390590 [0] NCCL INFO KV Convert to int : could not find value of 'Unknown speed' in dictionary, falling back to 60
2025-12-12 13:28:36.195 dc53-p32-t108-n023:389992:390590 [0] NCCL INFO KV Convert to int : could not find value of 'Unknown speed' in dictionary, falling back to 60
2025-12-12 13:28:36.195 dc53-p32-t108-n023:389992:390590 [0] NCCL INFO KV Convert to int : could not find value of 'Unknown speed' in dictionary, falling back to 60
2025-12-12 13:28:36.195 dc53-p32-t108-n023:389992:390590 [0] NCCL INFO KV Convert to int : could not find value of 'Unknown speed' in dictionary, falling back to 60
2025-12-12 13:28:36.195 dc53-p32-t108-n023:389992:390590 [0] NCCL INFO KV Convert to int : could not find value of 'Unknown speed' in dictionary, falling back to 60
2025-12-12 13:28:36.195 dc53-p32-t108-n023:389992:390590 [0] NCCL INFO KV Convert to int : could not find value of 'Unknown speed' in dictionary, falling back to 60
2025-12-12 13:28:36.195 dc53-p32-t108-n023:389992:390590 [0] NCCL INFO KV Convert to int : could not find value of 'Unknown speed' in dictionary, falling back to 60
2025-12-12 13:28:36.195 dc53-p32-t108-n023:389992:390590 [0] NCCL INFO KV Convert to int : could not find value of 'Unknown speed' in dictionary, falling back to 60
2025-12-12 13:28:36.195 dc53-p32-t108-n023:389992:390590 [0] NCCL INFO KV Convert to int : could not find value of 'Unknown speed' in dictionary, falling back to 60
2025-12-12 13:28:36.195 dc53-p32-t108-n023:389992:390590 [0] NCCL INFO KV Convert to int : could not find value of 'Unknown speed' in dictionary, falling back to 60
2025-12-12 13:28:36.195 dc53-p32-t108-n023:389992:390590 [0] NCCL INFO KV Convert to int : could not find value of 'Unknown speed' in dictionary, falling back to 60
2025-12-12 13:28:36.195 dc53-p32-t108-n023:389992:390590 [0] NCCL INFO KV Convert to int : could not find value of 'Unknown speed' in dictionary, falling back to 60
2025-12-12 13:28:36.195 dc53-p32-t108-n023:389992:390590 [0] NCCL INFO KV Convert to int : could not find value of 'Unknown speed' in dictionary, falling back to 60
2025-12-12 13:28:36.195 dc53-p32-t108-n023:389992:390590 [0] NCCL INFO KV Convert to int : could not find value of 'Unknown speed' in dictionary, falling back to 60
2025-12-12 13:28:36.195 dc53-p32-t108-n023:389992:390590 [0] NCCL INFO KV Convert to int : could not find value of 'Unknown speed' in dictionary, falling back to 60
2025-12-12 13:28:36.199 dc53-p32-t108-n023:389992:390590 [0] NCCL INFO === System : maxBw 370.8 totalBw 370.8 ===
2025-12-12 13:28:36.199 dc53-p32-t108-n023:389992:390590 [0] NCCL INFO CPU/0-0 (1/1/2)
2025-12-12 13:28:36.199 dc53-p32-t108-n023:389992:390590 [0] NCCL INFO + PCI[12.0] - PCI/0-16000 (1000c0301000100b)
2025-12-12 13:28:36.199 dc53-p32-t108-n023:389992:390590 [0] NCCL INFO               + PCI[12.0] - GPU/0-18000 (0)
2025-12-12 13:28:36.199 dc53-p32-t108-n023:389992:390590 [0] NCCL INFO                             + NVL[370.8] - NVS/0
2025-12-12 13:28:36.199 dc53-p32-t108-n023:389992:390590 [0] NCCL INFO + PCI[12.0] - PCI/0-38000 (1000c0301000100b)
2025-12-12 13:28:36.199 dc53-p32-t108-n023:389992:390590 [0] NCCL INFO               + PCI[12.0] - NIC/0-3a000
2025-12-12 13:28:36.199 dc53-p32-t108-n023:389992:390590 [0] NCCL INFO               + PCI[12.0] - GPU/0-41000 (1)
2025-12-12 13:28:36.199 dc53-p32-t108-n023:389992:390590 [0] NCCL INFO                             + NVL[370.8] - NVS/0
2025-12-12 13:28:36.199 dc53-p32-t108-n023:389992:390590 [0] NCCL INFO + PCI[12.0] - PCI/0-49000 (1000c0301000100b)
2025-12-12 13:28:36.199 dc53-p32-t108-n023:389992:390590 [0] NCCL INFO               + PCI[12.0] - GPU/0-4b000 (2)
2025-12-12 13:28:36.199 dc53-p32-t108-n023:389992:390590 [0] NCCL INFO                             + NVL[370.8] - NVS/0
2025-12-12 13:28:36.199 dc53-p32-t108-n023:389992:390590 [0] NCCL INFO               + PCI[12.0] - NIC/0-4c000
2025-12-12 13:28:36.199 dc53-p32-t108-n023:389992:390590 [0] NCCL INFO + PCI[12.0] - PCI/0-5a000 (1000c0301000100b)
2025-12-12 13:28:36.199 dc53-p32-t108-n023:389992:390590 [0] NCCL INFO === System : maxBw 370.8 totalBw 370.8 ===
2025-12-12 13:28:36.199 dc53-p32-t108-n023:389992:390590 [0] NCCL INFO               + PCI[12.0] - NIC/0-5c000
2025-12-12 13:28:36.199 dc53-p32-t108-n023:389992:390590 [0] NCCL INFO               + PCI[12.0] - GPU/0-5d000 (3)
2025-12-12 13:28:36.199 dc53-p32-t108-n023:389992:390590 [0] NCCL INFO                             + NVL[370.8] - NVS/0
2025-12-12 13:28:36.199 dc53-p32-t108-n023:389992:390590 [0] NCCL INFO + SYS[10.0] - CPU/1
2025-12-12 13:28:36.199 dc53-p32-t108-n023:389992:390590 [0] NCCL INFO + PCI[6.0] - NIC/0-27000
2025-12-12 13:28:36.199 dc53-p32-t108-n023:389992:390590 [0] NCCL INFO CPU/0-1 (1/1/2)
2025-12-12 13:28:36.199 dc53-p32-t108-n023:389992:390590 [0] NCCL INFO + PCI[12.0] - PCI/0-98000 (1000c0301000100b)
2025-12-12 13:28:36.199 dc53-p32-t108-n023:389992:390590 [0] NCCL INFO               + PCI[12.0] - GPU/0-9a000 (4)
2025-12-12 13:28:36.199 dc53-p32-t108-n023:389992:390590 [0] NCCL INFO                             + NVL[370.8] - NVS/0
2025-12-12 13:28:36.199 dc53-p32-t108-n023:389992:390590 [0] NCCL INFO               + PCI[12.0] - NIC/0-9b000
2025-12-12 13:28:36.199 dc53-p32-t108-n023:389992:390590 [0] NCCL INFO + PCI[12.0] - PCI/0-b8000 (1000c0301000100b)
2025-12-12 13:28:36.199 dc53-p32-t108-n023:389992:390590 [0] NCCL INFO               + PCI[12.0] - NIC/0-ba000
2025-12-12 13:28:36.199 dc53-p32-t108-n023:389992:390590 [0] NCCL INFO               + PCI[12.0] - GPU/0-bb000 (5)
2025-12-12 13:28:36.199 dc53-p32-t108-n023:389992:390590 [0] NCCL INFO                             + NVL[370.8] - NVS/0
2025-12-12 13:28:36.199 dc53-p32-t108-n023:389992:390590 [0] NCCL INFO CPU/0-0 (1/1/2)
2025-12-12 13:28:36.199 dc53-p32-t108-n023:389992:390590 [0] NCCL INFO + PCI[12.0] - PCI/0-c8000 (1000c0301000100b)
2025-12-12 13:28:36.199 dc53-p32-t108-n023:389992:390590 [0] NCCL INFO               + PCI[12.0] - GPU/0-ca000 (6)
2025-12-12 13:28:36.199 dc53-p32-t108-n023:389992:390590 [0] NCCL INFO                             + NVL[370.8] - NVS/0
2025-12-12 13:28:36.199 dc53-p32-t108-n023:389992:390590 [0] NCCL INFO               + PCI[12.0] - NIC/0-cb000
2025-12-12 13:28:36.199 dc53-p32-t108-n023:389992:390590 [0] NCCL INFO + PCI[12.0] - PCI/0-d8000 (1000c0301000100b)
2025-12-12 13:28:36.199 dc53-p32-t108-n023:389992:390590 [0] NCCL INFO               + PCI[12.0] - NIC/0-da000
2025-12-12 13:28:36.199 dc53-p32-t108-n023:389992:390590 [0] NCCL INFO               + PCI[12.0] - GPU/0-db000 (7)
2025-12-12 13:28:36.199 dc53-p32-t108-n023:389992:390590 [0] NCCL INFO                             + NVL[370.8] - NVS/0
2025-12-12 13:28:36.199 dc53-p32-t108-n023:389992:390590 [0] NCCL INFO + SYS[10.0] - CPU/0
2025-12-12 13:28:36.199 dc53-p32-t108-n023:389992:390590 [0] NCCL INFO + PCI[6.0] - NIC/0-a8000
2025-12-12 13:28:36.199 dc53-p32-t108-n023:389992:390590 [0] NCCL INFO ==========================================
2025-12-12 13:28:36.199 dc53-p32-t108-n023:389992:390590 [0] NCCL INFO GPU/18000 :GPU/0-18000 (0/5000.0/LOC) GPU/0-41000 (2/370.8/NVL) GPU/0-4b000 (2/370.8/NVL) GPU/0-5d000 (2/370.8/NVL) GPU/0-9a000 (2/370.8/NVL) GPU/0-bb000 (2/370.8/NVL) GPU/0-ca000 (2/370.8/NVL) GPU/0-db000 (2/370.8/NVL) NVS/0-0 (1/370.8/NVL) CPU/0-0 (2/12.0/PHB) CPU/0-1 (3/10.0/SYS) 
2025-12-12 13:28:36.199 dc53-p32-t108-n023:389992:390590 [0] NCCL INFO GPU/41000 :GPU/0-18000 (2/370.8/NVL) GPU/0-41000 (0/5000.0/LOC) GPU/0-4b000 (2/370.8/NVL) GPU/0-5d000 (2/370.8/NVL) GPU/0-9a000 (2/370.8/NVL) GPU/0-bb000 (2/370.8/NVL) GPU/0-ca000 (2/370.8/NVL) GPU/0-db000 (2/370.8/NVL) NVS/0-0 (1/370.8/NVL) CPU/0-0 (2/12.0/PHB) CPU/0-1 (3/10.0/SYS) 
2025-12-12 13:28:36.199 dc53-p32-t108-n023:389992:390590 [0] NCCL INFO + PCI[12.0] - PCI/0-16000 (1000c0301000100b)
2025-12-12 13:28:36.199 dc53-p32-t108-n023:389992:390590 [0] NCCL INFO GPU/4B000 :GPU/0-18000 (2/370.8/NVL) GPU/0-41000 (2/370.8/NVL) GPU/0-4b000 (0/5000.0/LOC) GPU/0-5d000 (2/370.8/NVL) GPU/0-9a000 (2/370.8/NVL) GPU/0-bb000 (2/370.8/NVL) GPU/0-ca000 (2/370.8/NVL) GPU/0-db000 (2/370.8/NVL) NVS/0-0 (1/370.8/NVL) CPU/0-0 (2/12.0/PHB) CPU/0-1 (3/10.0/SYS) 
2025-12-12 13:28:36.199 dc53-p32-t108-n023:389992:390590 [0] NCCL INFO GPU/5D000 :GPU/0-18000 (2/370.8/NVL) GPU/0-41000 (2/370.8/NVL) GPU/0-4b000 (2/370.8/NVL) GPU/0-5d000 (0/5000.0/LOC) GPU/0-9a000 (2/370.8/NVL) GPU/0-bb000 (2/370.8/NVL) GPU/0-ca000 (2/370.8/NVL) GPU/0-db000 (2/370.8/NVL) NVS/0-0 (1/370.8/NVL) CPU/0-0 (2/12.0/PHB) CPU/0-1 (3/10.0/SYS) 
2025-12-12 13:28:36.199 dc53-p32-t108-n023:389992:390590 [0] NCCL INFO GPU/9A000 :GPU/0-18000 (2/370.8/NVL) GPU/0-41000 (2/370.8/NVL) GPU/0-4b000 (2/370.8/NVL) GPU/0-5d000 (2/370.8/NVL) GPU/0-9a000 (0/5000.0/LOC) GPU/0-bb000 (2/370.8/NVL) GPU/0-ca000 (2/370.8/NVL) GPU/0-db000 (2/370.8/NVL) NVS/0-0 (1/370.8/NVL) CPU/0-0 (3/10.0/SYS) CPU/0-1 (2/12.0/PHB) 
2025-12-12 13:28:36.199 dc53-p32-t108-n023:389992:390590 [0] NCCL INFO GPU/BB000 :GPU/0-18000 (2/370.8/NVL) GPU/0-41000 (2/370.8/NVL) GPU/0-4b000 (2/370.8/NVL) GPU/0-5d000 (2/370.8/NVL) GPU/0-9a000 (2/370.8/NVL) GPU/0-bb000 (0/5000.0/LOC) GPU/0-ca000 (2/370.8/NVL) GPU/0-db000 (2/370.8/NVL) NVS/0-0 (1/370.8/NVL) CPU/0-0 (3/10.0/SYS) CPU/0-1 (2/12.0/PHB) 
2025-12-12 13:28:36.199 dc53-p32-t108-n023:389992:390590 [0] NCCL INFO GPU/CA000 :GPU/0-18000 (2/370.8/NVL) GPU/0-41000 (2/370.8/NVL) GPU/0-4b000 (2/370.8/NVL) GPU/0-5d000 (2/370.8/NVL) GPU/0-9a000 (2/370.8/NVL) GPU/0-bb000 (2/370.8/NVL) GPU/0-ca000 (0/5000.0/LOC) GPU/0-db000 (2/370.8/NVL) NVS/0-0 (1/370.8/NVL) CPU/0-0 (3/10.0/SYS) CPU/0-1 (2/12.0/PHB) 
2025-12-12 13:28:36.199 dc53-p32-t108-n023:389992:390590 [0] NCCL INFO               + PCI[12.0] - GPU/0-18000 (0)
2025-12-12 13:28:36.199 dc53-p32-t108-n023:389992:390590 [0] NCCL INFO GPU/DB000 :GPU/0-18000 (2/370.8/NVL) GPU/0-41000 (2/370.8/NVL) GPU/0-4b000 (2/370.8/NVL) GPU/0-5d000 (2/370.8/NVL) GPU/0-9a000 (2/370.8/NVL) GPU/0-bb000 (2/370.8/NVL) GPU/0-ca000 (2/370.8/NVL) GPU/0-db000 (0/5000.0/LOC) NVS/0-0 (1/370.8/NVL) CPU/0-0 (3/10.0/SYS) CPU/0-1 (2/12.0/PHB) 
2025-12-12 13:28:36.199 dc53-p32-t108-n023:389992:390590 [0] NCCL INFO Setting affinity for GPU 0 to ffff,ffffffff,00000000,0000ffff,ffffffff
2025-12-12 13:28:36.199 dc53-p32-t108-n023:389992:390590 [0] NCCL INFO NCCL_NVLS_ENABLE set by environment to 0.
2025-12-12 13:28:36.199 dc53-p32-t108-n023:389992:390590 [0] NCCL INFO                             + NVL[370.8] - NVS/0
2025-12-12 13:28:36.199 dc53-p32-t108-n023:389992:390590 [0] NCCL INFO + PCI[12.0] - PCI/0-38000 (1000c0301000100b)
2025-12-12 13:28:36.199 dc53-p32-t108-n023:389992:390590 [0] NCCL INFO               + PCI[12.0] - NIC/0-3a000
2025-12-12 13:28:36.199 dc53-p32-t108-n023:389992:390590 [0] NCCL INFO               + PCI[12.0] - GPU/0-41000 (1)
2025-12-12 13:28:36.199 dc53-p32-t108-n023:389992:390590 [0] NCCL INFO                             + NVL[370.8] - NVS/0
2025-12-12 13:28:36.199 dc53-p32-t108-n023:389992:390590 [0] NCCL INFO + PCI[12.0] - PCI/0-49000 (1000c0301000100b)
2025-12-12 13:28:36.199 dc53-p32-t108-n023:389992:390590 [0] NCCL INFO               + PCI[12.0] - GPU/0-4b000 (2)
2025-12-12 13:28:36.199 dc53-p32-t108-n023:389992:390590 [0] NCCL INFO                             + NVL[370.8] - NVS/0
2025-12-12 13:28:36.199 dc53-p32-t108-n023:389992:390590 [0] NCCL INFO               + PCI[12.0] - NIC/0-4c000
2025-12-12 13:28:36.199 dc53-p32-t108-n023:389992:390590 [0] NCCL INFO + PCI[12.0] - PCI/0-5a000 (1000c0301000100b)
2025-12-12 13:28:36.199 dc53-p32-t108-n023:389992:390590 [0] NCCL INFO               + PCI[12.0] - NIC/0-5c000
2025-12-12 13:28:36.199 dc53-p32-t108-n023:389992:390590 [0] NCCL INFO               + PCI[12.0] - GPU/0-5d000 (3)
2025-12-12 13:28:36.199 dc53-p32-t108-n023:389992:390590 [0] NCCL INFO                             + NVL[370.8] - NVS/0
2025-12-12 13:28:36.199 dc53-p32-t108-n023:389992:390590 [0] NCCL INFO + SYS[10.0] - CPU/1
2025-12-12 13:28:36.199 dc53-p32-t108-n023:389992:390590 [0] NCCL INFO + PCI[6.0] - NIC/0-27000
2025-12-12 13:28:36.199 dc53-p32-t108-n023:389992:390590 [0] NCCL INFO CPU/0-1 (1/1/2)
2025-12-12 13:28:36.199 dc53-p32-t108-n023:389992:390590 [0] NCCL INFO + PCI[12.0] - PCI/0-98000 (1000c0301000100b)
2025-12-12 13:28:36.199 dc53-p32-t108-n023:389992:390590 [0] NCCL INFO               + PCI[12.0] - GPU/0-9a000 (4)
2025-12-12 13:28:36.199 dc53-p32-t108-n023:389992:390590 [0] NCCL INFO                             + NVL[370.8] - NVS/0
2025-12-12 13:28:36.199 dc53-p32-t108-n023:389992:390590 [0] NCCL INFO               + PCI[12.0] - NIC/0-9b000
2025-12-12 13:28:36.199 dc53-p32-t108-n023:389992:390590 [0] NCCL INFO + PCI[12.0] - PCI/0-b8000 (1000c0301000100b)
2025-12-12 13:28:36.199 dc53-p32-t108-n023:389992:390590 [0] NCCL INFO               + PCI[12.0] - NIC/0-ba000
2025-12-12 13:28:36.199 dc53-p32-t108-n023:389992:390590 [0] NCCL INFO               + PCI[12.0] - GPU/0-bb000 (5)
2025-12-12 13:28:36.199 dc53-p32-t108-n023:389992:390590 [0] NCCL INFO                             + NVL[370.8] - NVS/0
2025-12-12 13:28:36.199 dc53-p32-t108-n023:389992:390590 [0] NCCL INFO + PCI[12.0] - PCI/0-c8000 (1000c0301000100b)
2025-12-12 13:28:36.199 dc53-p32-t108-n023:389992:390590 [0] NCCL INFO               + PCI[12.0] - GPU/0-ca000 (6)
2025-12-12 13:28:36.200 dc53-p32-t108-n023:389998:390593 [6] NCCL INFO Pattern 4, crossNic 0, nChannels 12, bw 30.000000/30.000000, type NVL/PIX, sameChannels 1
2025-12-12 13:28:36.200 dc53-p32-t108-n023:389998:390593 [6] NCCL INFO  0 : GPU/0 GPU/1 GPU/2 GPU/3 GPU/4 GPU/5 GPU/6 GPU/7
2025-12-12 13:28:36.201 dc53-p32-t108-n023:389998:390593 [6] NCCL INFO  1 : GPU/0 GPU/1 GPU/2 GPU/3 GPU/4 GPU/5 GPU/6 GPU/7
2025-12-12 13:28:36.201 dc53-p32-t108-n023:389998:390593 [6] NCCL INFO  2 : GPU/0 GPU/1 GPU/2 GPU/3 GPU/4 GPU/5 GPU/6 GPU/7
2025-12-12 13:28:36.199 dc53-p32-t108-n023:389992:390590 [0] NCCL INFO                             + NVL[370.8] - NVS/0
2025-12-12 13:28:36.201 dc53-p32-t108-n023:389998:390593 [6] NCCL INFO  3 : GPU/0 GPU/1 GPU/2 GPU/3 GPU/4 GPU/5 GPU/6 GPU/7
2025-12-12 13:28:36.201 dc53-p32-t108-n023:389998:390593 [6] NCCL INFO  4 : GPU/0 GPU/1 GPU/2 GPU/3 GPU/4 GPU/5 GPU/6 GPU/7
2025-12-12 13:28:36.201 dc53-p32-t108-n023:389998:390593 [6] NCCL INFO  5 : GPU/0 GPU/1 GPU/2 GPU/3 GPU/4 GPU/5 GPU/6 GPU/7
2025-12-12 13:28:36.201 dc53-p32-t108-n023:389998:390593 [6] NCCL INFO  6 : GPU/0 GPU/1 GPU/2 GPU/3 GPU/4 GPU/5 GPU/6 GPU/7
2025-12-12 13:28:36.201 dc53-p32-t108-n023:389998:390593 [6] NCCL INFO  7 : GPU/0 GPU/1 GPU/2 GPU/3 GPU/4 GPU/5 GPU/6 GPU/7
2025-12-12 13:28:36.201 dc53-p32-t108-n023:389998:390593 [6] NCCL INFO  8 : GPU/0 GPU/1 GPU/2 GPU/3 GPU/4 GPU/5 GPU/6 GPU/7
2025-12-12 13:28:36.201 dc53-p32-t108-n023:389998:390593 [6] NCCL INFO  9 : GPU/0 GPU/1 GPU/2 GPU/3 GPU/4 GPU/5 GPU/6 GPU/7
2025-12-12 13:28:36.201 dc53-p32-t108-n023:389998:390593 [6] NCCL INFO 10 : GPU/0 GPU/1 GPU/2 GPU/3 GPU/4 GPU/5 GPU/6 GPU/7
2025-12-12 13:28:36.201 dc53-p32-t108-n023:389998:390593 [6] NCCL INFO 11 : GPU/0 GPU/1 GPU/2 GPU/3 GPU/4 GPU/5 GPU/6 GPU/7
2025-12-12 13:28:36.199 dc53-p32-t108-n023:389992:390590 [0] NCCL INFO               + PCI[12.0] - NIC/0-cb000
2025-12-12 13:28:36.201 dc53-p32-t108-n023:389998:390593 [6] NCCL INFO Pattern 1, crossNic 0, nChannels 12, bw 30.000000/30.000000, type NVL/PIX, sameChannels 1
2025-12-12 13:28:36.201 dc53-p32-t108-n023:389998:390593 [6] NCCL INFO  0 : GPU/0 GPU/1 GPU/2 GPU/3 GPU/4 GPU/5 GPU/6 GPU/7
2025-12-12 13:28:36.201 dc53-p32-t108-n023:389998:390593 [6] NCCL INFO  1 : GPU/0 GPU/1 GPU/2 GPU/3 GPU/4 GPU/5 GPU/6 GPU/7
2025-12-12 13:28:36.201 dc53-p32-t108-n023:389998:390593 [6] NCCL INFO  2 : GPU/0 GPU/1 GPU/2 GPU/3 GPU/4 GPU/5 GPU/6 GPU/7
2025-12-12 13:28:36.201 dc53-p32-t108-n023:389998:390593 [6] NCCL INFO  3 : GPU/0 GPU/1 GPU/2 GPU/3 GPU/4 GPU/5 GPU/6 GPU/7
2025-12-12 13:28:36.201 dc53-p32-t108-n023:389998:390593 [6] NCCL INFO  4 : GPU/0 GPU/1 GPU/2 GPU/3 GPU/4 GPU/5 GPU/6 GPU/7
2025-12-12 13:28:36.201 dc53-p32-t108-n023:389998:390593 [6] NCCL INFO  5 : GPU/0 GPU/1 GPU/2 GPU/3 GPU/4 GPU/5 GPU/6 GPU/7
2025-12-12 13:28:36.201 dc53-p32-t108-n023:389998:390593 [6] NCCL INFO  6 : GPU/0 GPU/1 GPU/2 GPU/3 GPU/4 GPU/5 GPU/6 GPU/7
2025-12-12 13:28:36.201 dc53-p32-t108-n023:389998:390593 [6] NCCL INFO  7 : GPU/0 GPU/1 GPU/2 GPU/3 GPU/4 GPU/5 GPU/6 GPU/7
2025-12-12 13:28:36.201 dc53-p32-t108-n023:389998:390593 [6] NCCL INFO  8 : GPU/0 GPU/1 GPU/2 GPU/3 GPU/4 GPU/5 GPU/6 GPU/7
2025-12-12 13:28:36.201 dc53-p32-t108-n023:389998:390593 [6] NCCL INFO  9 : GPU/0 GPU/1 GPU/2 GPU/3 GPU/4 GPU/5 GPU/6 GPU/7
2025-12-12 13:28:36.199 dc53-p32-t108-n023:389992:390590 [0] NCCL INFO + PCI[12.0] - PCI/0-d8000 (1000c0301000100b)
2025-12-12 13:28:36.201 dc53-p32-t108-n023:389998:390593 [6] NCCL INFO 10 : GPU/0 GPU/1 GPU/2 GPU/3 GPU/4 GPU/5 GPU/6 GPU/7
2025-12-12 13:28:36.201 dc53-p32-t108-n023:389998:390593 [6] NCCL INFO 11 : GPU/0 GPU/1 GPU/2 GPU/3 GPU/4 GPU/5 GPU/6 GPU/7
2025-12-12 13:28:36.199 dc53-p32-t108-n023:389992:390590 [0] NCCL INFO               + PCI[12.0] - NIC/0-da000
2025-12-12 13:28:36.199 dc53-p32-t108-n023:389992:390590 [0] NCCL INFO               + PCI[12.0] - GPU/0-db000 (7)
2025-12-12 13:28:36.199 dc53-p32-t108-n023:389992:390590 [0] NCCL INFO                             + NVL[370.8] - NVS/0
2025-12-12 13:28:36.199 dc53-p32-t108-n023:389992:390590 [0] NCCL INFO + SYS[10.0] - CPU/0
2025-12-12 13:28:36.199 dc53-p32-t108-n023:389992:390590 [0] NCCL INFO + PCI[6.0] - NIC/0-a8000
2025-12-12 13:28:36.199 dc53-p32-t108-n023:389992:390590 [0] NCCL INFO ==========================================
2025-12-12 13:28:36.199 dc53-p32-t108-n023:389992:390590 [0] NCCL INFO GPU/18000 :GPU/0-18000 (0/5000.0/LOC) GPU/0-41000 (2/370.8/NVL) GPU/0-4b000 (2/370.8/NVL) GPU/0-5d000 (2/370.8/NVL) GPU/0-9a000 (2/370.8/NVL) GPU/0-bb000 (2/370.8/NVL) GPU/0-ca000 (2/370.8/NVL) GPU/0-db000 (2/370.8/NVL) NVS/0-0 (1/370.8/NVL) CPU/0-0 (2/12.0/PHB) CPU/0-1 (3/10.0/SYS) 
2025-12-12 13:28:36.199 dc53-p32-t108-n023:389992:390590 [0] NCCL INFO GPU/41000 :GPU/0-18000 (2/370.8/NVL) GPU/0-41000 (0/5000.0/LOC) GPU/0-4b000 (2/370.8/NVL) GPU/0-5d000 (2/370.8/NVL) GPU/0-9a000 (2/370.8/NVL) GPU/0-bb000 (2/370.8/NVL) GPU/0-ca000 (2/370.8/NVL) GPU/0-db000 (2/370.8/NVL) NVS/0-0 (1/370.8/NVL) CPU/0-0 (2/12.0/PHB) CPU/0-1 (3/10.0/SYS) 
2025-12-12 13:28:36.199 dc53-p32-t108-n023:389992:390590 [0] NCCL INFO GPU/4B000 :GPU/0-18000 (2/370.8/NVL) GPU/0-41000 (2/370.8/NVL) GPU/0-4b000 (0/5000.0/LOC) GPU/0-5d000 (2/370.8/NVL) GPU/0-9a000 (2/370.8/NVL) GPU/0-bb000 (2/370.8/NVL) GPU/0-ca000 (2/370.8/NVL) GPU/0-db000 (2/370.8/NVL) NVS/0-0 (1/370.8/NVL) CPU/0-0 (2/12.0/PHB) CPU/0-1 (3/10.0/SYS) 
2025-12-12 13:28:36.199 dc53-p32-t108-n023:389992:390590 [0] NCCL INFO GPU/5D000 :GPU/0-18000 (2/370.8/NVL) GPU/0-41000 (2/370.8/NVL) GPU/0-4b000 (2/370.8/NVL) GPU/0-5d000 (0/5000.0/LOC) GPU/0-9a000 (2/370.8/NVL) GPU/0-bb000 (2/370.8/NVL) GPU/0-ca000 (2/370.8/NVL) GPU/0-db000 (2/370.8/NVL) NVS/0-0 (1/370.8/NVL) CPU/0-0 (2/12.0/PHB) CPU/0-1 (3/10.0/SYS) 
2025-12-12 13:28:36.199 dc53-p32-t108-n023:389992:390590 [0] NCCL INFO GPU/9A000 :GPU/0-18000 (2/370.8/NVL) GPU/0-41000 (2/370.8/NVL) GPU/0-4b000 (2/370.8/NVL) GPU/0-5d000 (2/370.8/NVL) GPU/0-9a000 (0/5000.0/LOC) GPU/0-bb000 (2/370.8/NVL) GPU/0-ca000 (2/370.8/NVL) GPU/0-db000 (2/370.8/NVL) NVS/0-0 (1/370.8/NVL) CPU/0-0 (3/10.0/SYS) CPU/0-1 (2/12.0/PHB) 
2025-12-12 13:28:36.199 dc53-p32-t108-n023:389992:390590 [0] NCCL INFO GPU/BB000 :GPU/0-18000 (2/370.8/NVL) GPU/0-41000 (2/370.8/NVL) GPU/0-4b000 (2/370.8/NVL) GPU/0-5d000 (2/370.8/NVL) GPU/0-9a000 (2/370.8/NVL) GPU/0-bb000 (0/5000.0/LOC) GPU/0-ca000 (2/370.8/NVL) GPU/0-db000 (2/370.8/NVL) NVS/0-0 (1/370.8/NVL) CPU/0-0 (3/10.0/SYS) CPU/0-1 (2/12.0/PHB) 
2025-12-12 13:28:36.199 dc53-p32-t108-n023:389992:390590 [0] NCCL INFO GPU/CA000 :GPU/0-18000 (2/370.8/NVL) GPU/0-41000 (2/370.8/NVL) GPU/0-4b000 (2/370.8/NVL) GPU/0-5d000 (2/370.8/NVL) GPU/0-9a000 (2/370.8/NVL) GPU/0-bb000 (2/370.8/NVL) GPU/0-ca000 (0/5000.0/LOC) GPU/0-db000 (2/370.8/NVL) NVS/0-0 (1/370.8/NVL) CPU/0-0 (3/10.0/SYS) CPU/0-1 (2/12.0/PHB) 
2025-12-12 13:28:36.199 dc53-p32-t108-n023:389992:390590 [0] NCCL INFO GPU/DB000 :GPU/0-18000 (2/370.8/NVL) GPU/0-41000 (2/370.8/NVL) GPU/0-4b000 (2/370.8/NVL) GPU/0-5d000 (2/370.8/NVL) GPU/0-9a000 (2/370.8/NVL) GPU/0-bb000 (2/370.8/NVL) GPU/0-ca000 (2/370.8/NVL) GPU/0-db000 (0/5000.0/LOC) NVS/0-0 (1/370.8/NVL) CPU/0-0 (3/10.0/SYS) CPU/0-1 (2/12.0/PHB) 
2025-12-12 13:28:36.199 dc53-p32-t108-n023:389992:390590 [0] NCCL INFO Setting affinity for GPU 0 to ffff,ffffffff,00000000,0000ffff,ffffffff
2025-12-12 13:28:36.199 dc53-p32-t108-n023:389992:390590 [0] NCCL INFO NCCL_NVLS_ENABLE set by environment to 0.
2025-12-12 13:28:36.200 dc53-p32-t108-n023:389998:390593 [6] NCCL INFO Pattern 4, crossNic 0, nChannels 12, bw 30.000000/30.000000, type NVL/PIX, sameChannels 1
2025-12-12 13:28:36.200 dc53-p32-t108-n023:389998:390593 [6] NCCL INFO  0 : GPU/0 GPU/1 GPU/2 GPU/3 GPU/4 GPU/5 GPU/6 GPU/7
2025-12-12 13:28:36.201 dc53-p32-t108-n023:389998:390593 [6] NCCL INFO  1 : GPU/0 GPU/1 GPU/2 GPU/3 GPU/4 GPU/5 GPU/6 GPU/7
2025-12-12 13:28:36.201 dc53-p32-t108-n023:389998:390593 [6] NCCL INFO  2 : GPU/0 GPU/1 GPU/2 GPU/3 GPU/4 GPU/5 GPU/6 GPU/7
2025-12-12 13:28:36.201 dc53-p32-t108-n023:389998:390593 [6] NCCL INFO  3 : GPU/0 GPU/1 GPU/2 GPU/3 GPU/4 GPU/5 GPU/6 GPU/7
2025-12-12 13:28:36.201 dc53-p32-t108-n023:389998:390593 [6] NCCL INFO  4 : GPU/0 GPU/1 GPU/2 GPU/3 GPU/4 GPU/5 GPU/6 GPU/7
2025-12-12 13:28:36.201 dc53-p32-t108-n023:389998:390593 [6] NCCL INFO  5 : GPU/0 GPU/1 GPU/2 GPU/3 GPU/4 GPU/5 GPU/6 GPU/7
2025-12-12 13:28:36.201 dc53-p32-t108-n023:389998:390593 [6] NCCL INFO  6 : GPU/0 GPU/1 GPU/2 GPU/3 GPU/4 GPU/5 GPU/6 GPU/7
2025-12-12 13:28:36.201 dc53-p32-t108-n023:389998:390593 [6] NCCL INFO  7 : GPU/0 GPU/1 GPU/2 GPU/3 GPU/4 GPU/5 GPU/6 GPU/7
2025-12-12 13:28:36.201 dc53-p32-t108-n023:389998:390593 [6] NCCL INFO  8 : GPU/0 GPU/1 GPU/2 GPU/3 GPU/4 GPU/5 GPU/6 GPU/7
2025-12-12 13:28:36.201 dc53-p32-t108-n023:389998:390593 [6] NCCL INFO  9 : GPU/0 GPU/1 GPU/2 GPU/3 GPU/4 GPU/5 GPU/6 GPU/7
2025-12-12 13:28:36.201 dc53-p32-t108-n023:389998:390593 [6] NCCL INFO 10 : GPU/0 GPU/1 GPU/2 GPU/3 GPU/4 GPU/5 GPU/6 GPU/7
2025-12-12 13:28:36.201 dc53-p32-t108-n023:389998:390593 [6] NCCL INFO 11 : GPU/0 GPU/1 GPU/2 GPU/3 GPU/4 GPU/5 GPU/6 GPU/7
2025-12-12 13:28:36.201 dc53-p32-t108-n023:389998:390593 [6] NCCL INFO Pattern 1, crossNic 0, nChannels 12, bw 30.000000/30.000000, type NVL/PIX, sameChannels 1
2025-12-12 13:28:36.201 dc53-p32-t108-n023:389998:390593 [6] NCCL INFO  0 : GPU/0 GPU/1 GPU/2 GPU/3 GPU/4 GPU/5 GPU/6 GPU/7
2025-12-12 13:28:36.201 dc53-p32-t108-n023:389998:390593 [6] NCCL INFO  1 : GPU/0 GPU/1 GPU/2 GPU/3 GPU/4 GPU/5 GPU/6 GPU/7
2025-12-12 13:28:36.201 dc53-p32-t108-n023:389998:390593 [6] NCCL INFO  2 : GPU/0 GPU/1 GPU/2 GPU/3 GPU/4 GPU/5 GPU/6 GPU/7
2025-12-12 13:28:36.201 dc53-p32-t108-n023:389998:390593 [6] NCCL INFO  3 : GPU/0 GPU/1 GPU/2 GPU/3 GPU/4 GPU/5 GPU/6 GPU/7
2025-12-12 13:28:36.201 dc53-p32-t108-n023:389998:390593 [6] NCCL INFO  4 : GPU/0 GPU/1 GPU/2 GPU/3 GPU/4 GPU/5 GPU/6 GPU/7
2025-12-12 13:28:36.201 dc53-p32-t108-n023:389998:390593 [6] NCCL INFO  5 : GPU/0 GPU/1 GPU/2 GPU/3 GPU/4 GPU/5 GPU/6 GPU/7
2025-12-12 13:28:36.201 dc53-p32-t108-n023:389998:390593 [6] NCCL INFO  6 : GPU/0 GPU/1 GPU/2 GPU/3 GPU/4 GPU/5 GPU/6 GPU/7
2025-12-12 13:28:36.201 dc53-p32-t108-n023:389998:390593 [6] NCCL INFO  7 : GPU/0 GPU/1 GPU/2 GPU/3 GPU/4 GPU/5 GPU/6 GPU/7
2025-12-12 13:28:36.201 dc53-p32-t108-n023:389998:390593 [6] NCCL INFO  8 : GPU/0 GPU/1 GPU/2 GPU/3 GPU/4 GPU/5 GPU/6 GPU/7
2025-12-12 13:28:36.201 dc53-p32-t108-n023:389998:390593 [6] NCCL INFO  9 : GPU/0 GPU/1 GPU/2 GPU/3 GPU/4 GPU/5 GPU/6 GPU/7
2025-12-12 13:28:36.201 dc53-p32-t108-n023:389998:390593 [6] NCCL INFO 10 : GPU/0 GPU/1 GPU/2 GPU/3 GPU/4 GPU/5 GPU/6 GPU/7
2025-12-12 13:28:36.201 dc53-p32-t108-n023:389998:390593 [6] NCCL INFO 11 : GPU/0 GPU/1 GPU/2 GPU/3 GPU/4 GPU/5 GPU/6 GPU/7
2025-12-12 13:28:36.203 dc53-p32-t108-n023:389993:390591 [1] NCCL INFO KV Convert to int : could not find value of 'Unknown speed' in dictionary, falling back to 60
2025-12-12 13:28:36.203 dc53-p32-t108-n023:389993:390591 [1] NCCL INFO KV Convert to int : could not find value of 'Unknown speed' in dictionary, falling back to 60
2025-12-12 13:28:36.203 dc53-p32-t108-n023:389993:390591 [1] NCCL INFO KV Convert to int : could not find value of 'Unknown speed' in dictionary, falling back to 60
2025-12-12 13:28:36.203 dc53-p32-t108-n023:389993:390591 [1] NCCL INFO KV Convert to int : could not find value of 'Unknown speed' in dictionary, falling back to 60
2025-12-12 13:28:36.203 dc53-p32-t108-n023:389993:390591 [1] NCCL INFO KV Convert to int : could not find value of 'Unknown speed' in dictionary, falling back to 60
2025-12-12 13:28:36.203 dc53-p32-t108-n023:389993:390591 [1] NCCL INFO KV Convert to int : could not find value of 'Unknown speed' in dictionary, falling back to 60
2025-12-12 13:28:36.203 dc53-p32-t108-n023:389993:390591 [1] NCCL INFO KV Convert to int : could not find value of 'Unknown speed' in dictionary, falling back to 60
2025-12-12 13:28:36.203 dc53-p32-t108-n023:389993:390591 [1] NCCL INFO KV Convert to int : could not find value of 'Unknown speed' in dictionary, falling back to 60
2025-12-12 13:28:36.203 dc53-p32-t108-n023:389993:390591 [1] NCCL INFO KV Convert to int : could not find value of 'Unknown speed' in dictionary, falling back to 60
2025-12-12 13:28:36.203 dc53-p32-t108-n023:389993:390591 [1] NCCL INFO KV Convert to int : could not find value of 'Unknown speed' in dictionary, falling back to 60
2025-12-12 13:28:36.203 dc53-p32-t108-n023:389993:390591 [1] NCCL INFO KV Convert to int : could not find value of 'Unknown speed' in dictionary, falling back to 60
2025-12-12 13:28:36.203 dc53-p32-t108-n023:389993:390591 [1] NCCL INFO KV Convert to int : could not find value of 'Unknown speed' in dictionary, falling back to 60
2025-12-12 13:28:36.203 dc53-p32-t108-n023:389993:390591 [1] NCCL INFO KV Convert to int : could not find value of 'Unknown speed' in dictionary, falling back to 60
2025-12-12 13:28:36.203 dc53-p32-t108-n023:389993:390591 [1] NCCL INFO KV Convert to int : could not find value of 'Unknown speed' in dictionary, falling back to 60
2025-12-12 13:28:36.203 dc53-p32-t108-n023:389993:390591 [1] NCCL INFO KV Convert to int : could not find value of 'Unknown speed' in dictionary, falling back to 60
2025-12-12 13:28:36.203 dc53-p32-t108-n023:389993:390591 [1] NCCL INFO KV Convert to int : could not find value of 'Unknown speed' in dictionary, falling back to 60
2025-12-12 13:28:36.204 dc53-p32-t108-n023:389993:390591 [1] NCCL INFO KV Convert to int : could not find value of 'Unknown speed' in dictionary, falling back to 60
2025-12-12 13:28:36.204 dc53-p32-t108-n023:389993:390591 [1] NCCL INFO KV Convert to int : could not find value of 'Unknown speed' in dictionary, falling back to 60
2025-12-12 13:28:36.204 dc53-p32-t108-n023:389993:390591 [1] NCCL INFO KV Convert to int : could not find value of 'Unknown speed' in dictionary, falling back to 60
2025-12-12 13:28:36.204 dc53-p32-t108-n023:389993:390591 [1] NCCL INFO KV Convert to int : could not find value of 'Unknown speed' in dictionary, falling back to 60
2025-12-12 13:28:36.204 dc53-p32-t108-n023:389993:390591 [1] NCCL INFO KV Convert to int : could not find value of 'Unknown speed' in dictionary, falling back to 60
2025-12-12 13:28:36.204 dc53-p32-t108-n023:389993:390591 [1] NCCL INFO KV Convert to int : could not find value of 'Unknown speed' in dictionary, falling back to 60
2025-12-12 13:28:36.204 dc53-p32-t108-n023:389993:390591 [1] NCCL INFO KV Convert to int : could not find value of 'Unknown speed' in dictionary, falling back to 60
2025-12-12 13:28:36.203 dc53-p32-t108-n023:389993:390591 [1] NCCL INFO KV Convert to int : could not find value of 'Unknown speed' in dictionary, falling back to 60
2025-12-12 13:28:36.204 dc53-p32-t108-n023:389993:390591 [1] NCCL INFO KV Convert to int : could not find value of 'Unknown speed' in dictionary, falling back to 60
2025-12-12 13:28:36.204 dc53-p32-t108-n023:389993:390591 [1] NCCL INFO KV Convert to int : could not find value of 'Unknown speed' in dictionary, falling back to 60
2025-12-12 13:28:36.204 dc53-p32-t108-n023:389993:390591 [1] NCCL INFO KV Convert to int : could not find value of 'Unknown speed' in dictionary, falling back to 60
2025-12-12 13:28:36.203 dc53-p32-t108-n023:389993:390591 [1] NCCL INFO KV Convert to int : could not find value of 'Unknown speed' in dictionary, falling back to 60
2025-12-12 13:28:36.203 dc53-p32-t108-n023:389993:390591 [1] NCCL INFO KV Convert to int : could not find value of 'Unknown speed' in dictionary, falling back to 60
2025-12-12 13:28:36.203 dc53-p32-t108-n023:389993:390591 [1] NCCL INFO KV Convert to int : could not find value of 'Unknown speed' in dictionary, falling back to 60
2025-12-12 13:28:36.203 dc53-p32-t108-n023:389993:390591 [1] NCCL INFO KV Convert to int : could not find value of 'Unknown speed' in dictionary, falling back to 60
2025-12-12 13:28:36.203 dc53-p32-t108-n023:389993:390591 [1] NCCL INFO KV Convert to int : could not find value of 'Unknown speed' in dictionary, falling back to 60
2025-12-12 13:28:36.203 dc53-p32-t108-n023:389993:390591 [1] NCCL INFO KV Convert to int : could not find value of 'Unknown speed' in dictionary, falling back to 60
2025-12-12 13:28:36.203 dc53-p32-t108-n023:389993:390591 [1] NCCL INFO KV Convert to int : could not find value of 'Unknown speed' in dictionary, falling back to 60
2025-12-12 13:28:36.203 dc53-p32-t108-n023:389993:390591 [1] NCCL INFO KV Convert to int : could not find value of 'Unknown speed' in dictionary, falling back to 60
2025-12-12 13:28:36.203 dc53-p32-t108-n023:389993:390591 [1] NCCL INFO KV Convert to int : could not find value of 'Unknown speed' in dictionary, falling back to 60
2025-12-12 13:28:36.203 dc53-p32-t108-n023:389993:390591 [1] NCCL INFO KV Convert to int : could not find value of 'Unknown speed' in dictionary, falling back to 60
2025-12-12 13:28:36.203 dc53-p32-t108-n023:389993:390591 [1] NCCL INFO KV Convert to int : could not find value of 'Unknown speed' in dictionary, falling back to 60
2025-12-12 13:28:36.203 dc53-p32-t108-n023:389993:390591 [1] NCCL INFO KV Convert to int : could not find value of 'Unknown speed' in dictionary, falling back to 60
2025-12-12 13:28:36.203 dc53-p32-t108-n023:389993:390591 [1] NCCL INFO KV Convert to int : could not find value of 'Unknown speed' in dictionary, falling back to 60
2025-12-12 13:28:36.204 dc53-p32-t108-n023:389993:390591 [1] NCCL INFO KV Convert to int : could not find value of 'Unknown speed' in dictionary, falling back to 60
2025-12-12 13:28:36.204 dc53-p32-t108-n023:389993:390591 [1] NCCL INFO KV Convert to int : could not find value of 'Unknown speed' in dictionary, falling back to 60
2025-12-12 13:28:36.204 dc53-p32-t108-n023:389993:390591 [1] NCCL INFO KV Convert to int : could not find value of 'Unknown speed' in dictionary, falling back to 60
2025-12-12 13:28:36.204 dc53-p32-t108-n023:389993:390591 [1] NCCL INFO KV Convert to int : could not find value of 'Unknown speed' in dictionary, falling back to 60
2025-12-12 13:28:36.204 dc53-p32-t108-n023:389993:390591 [1] NCCL INFO KV Convert to int : could not find value of 'Unknown speed' in dictionary, falling back to 60
2025-12-12 13:28:36.204 dc53-p32-t108-n023:389993:390591 [1] NCCL INFO KV Convert to int : could not find value of 'Unknown speed' in dictionary, falling back to 60
2025-12-12 13:28:36.204 dc53-p32-t108-n023:389993:390591 [1] NCCL INFO KV Convert to int : could not find value of 'Unknown speed' in dictionary, falling back to 60
2025-12-12 13:28:36.204 dc53-p32-t108-n023:389993:390591 [1] NCCL INFO KV Convert to int : could not find value of 'Unknown speed' in dictionary, falling back to 60
2025-12-12 13:28:36.204 dc53-p32-t108-n023:389993:390591 [1] NCCL INFO KV Convert to int : could not find value of 'Unknown speed' in dictionary, falling back to 60
2025-12-12 13:28:36.204 dc53-p32-t108-n023:389993:390591 [1] NCCL INFO KV Convert to int : could not find value of 'Unknown speed' in dictionary, falling back to 60
2025-12-12 13:28:36.206 dc53-p32-t108-n023:389994:390596 [2] NCCL INFO KV Convert to int : could not find value of 'Unknown speed' in dictionary, falling back to 60
2025-12-12 13:28:36.206 dc53-p32-t108-n023:389994:390596 [2] NCCL INFO KV Convert to int : could not find value of 'Unknown speed' in dictionary, falling back to 60
2025-12-12 13:28:36.206 dc53-p32-t108-n023:389994:390596 [2] NCCL INFO KV Convert to int : could not find value of 'Unknown speed' in dictionary, falling back to 60
2025-12-12 13:28:36.206 dc53-p32-t108-n023:389994:390596 [2] NCCL INFO KV Convert to int : could not find value of 'Unknown speed' in dictionary, falling back to 60
2025-12-12 13:28:36.206 dc53-p32-t108-n023:389994:390596 [2] NCCL INFO KV Convert to int : could not find value of 'Unknown speed' in dictionary, falling back to 60
2025-12-12 13:28:36.206 dc53-p32-t108-n023:389994:390596 [2] NCCL INFO KV Convert to int : could not find value of 'Unknown speed' in dictionary, falling back to 60
2025-12-12 13:28:36.206 dc53-p32-t108-n023:389994:390596 [2] NCCL INFO KV Convert to int : could not find value of 'Unknown speed' in dictionary, falling back to 60
2025-12-12 13:28:36.206 dc53-p32-t108-n023:389994:390596 [2] NCCL INFO KV Convert to int : could not find value of 'Unknown speed' in dictionary, falling back to 60
2025-12-12 13:28:36.206 dc53-p32-t108-n023:389994:390596 [2] NCCL INFO KV Convert to int : could not find value of 'Unknown speed' in dictionary, falling back to 60
2025-12-12 13:28:36.206 dc53-p32-t108-n023:389994:390596 [2] NCCL INFO KV Convert to int : could not find value of 'Unknown speed' in dictionary, falling back to 60
2025-12-12 13:28:36.206 dc53-p32-t108-n023:389994:390596 [2] NCCL INFO KV Convert to int : could not find value of 'Unknown speed' in dictionary, falling back to 60
2025-12-12 13:28:36.206 dc53-p32-t108-n023:389994:390596 [2] NCCL INFO KV Convert to int : could not find value of 'Unknown speed' in dictionary, falling back to 60
2025-12-12 13:28:36.206 dc53-p32-t108-n023:389994:390596 [2] NCCL INFO KV Convert to int : could not find value of 'Unknown speed' in dictionary, falling back to 60
2025-12-12 13:28:36.206 dc53-p32-t108-n023:389994:390596 [2] NCCL INFO KV Convert to int : could not find value of 'Unknown speed' in dictionary, falling back to 60
2025-12-12 13:28:36.206 dc53-p32-t108-n023:389994:390596 [2] NCCL INFO KV Convert to int : could not find value of 'Unknown speed' in dictionary, falling back to 60
2025-12-12 13:28:36.206 dc53-p32-t108-n023:389994:390596 [2] NCCL INFO KV Convert to int : could not find value of 'Unknown speed' in dictionary, falling back to 60
2025-12-12 13:28:36.206 dc53-p32-t108-n023:389994:390596 [2] NCCL INFO KV Convert to int : could not find value of 'Unknown speed' in dictionary, falling back to 60
2025-12-12 13:28:36.206 dc53-p32-t108-n023:389994:390596 [2] NCCL INFO KV Convert to int : could not find value of 'Unknown speed' in dictionary, falling back to 60
2025-12-12 13:28:36.206 dc53-p32-t108-n023:389994:390596 [2] NCCL INFO KV Convert to int : could not find value of 'Unknown speed' in dictionary, falling back to 60
2025-12-12 13:28:36.206 dc53-p32-t108-n023:389994:390596 [2] NCCL INFO KV Convert to int : could not find value of 'Unknown speed' in dictionary, falling back to 60
2025-12-12 13:28:36.206 dc53-p32-t108-n023:389994:390596 [2] NCCL INFO KV Convert to int : could not find value of 'Unknown speed' in dictionary, falling back to 60
2025-12-12 13:28:36.206 dc53-p32-t108-n023:389994:390596 [2] NCCL INFO KV Convert to int : could not find value of 'Unknown speed' in dictionary, falling back to 60
2025-12-12 13:28:36.206 dc53-p32-t108-n023:389994:390596 [2] NCCL INFO KV Convert to int : could not find value of 'Unknown speed' in dictionary, falling back to 60
2025-12-12 13:28:36.206 dc53-p32-t108-n023:389994:390596 [2] NCCL INFO KV Convert to int : could not find value of 'Unknown speed' in dictionary, falling back to 60
2025-12-12 13:28:36.206 dc53-p32-t108-n023:389994:390596 [2] NCCL INFO KV Convert to int : could not find value of 'Unknown speed' in dictionary, falling back to 60
2025-12-12 13:28:36.206 dc53-p32-t108-n023:389994:390596 [2] NCCL INFO KV Convert to int : could not find value of 'Unknown speed' in dictionary, falling back to 60
2025-12-12 13:28:36.206 dc53-p32-t108-n023:389994:390596 [2] NCCL INFO KV Convert to int : could not find value of 'Unknown speed' in dictionary, falling back to 60
2025-12-12 13:28:36.206 dc53-p32-t108-n023:389994:390596 [2] NCCL INFO KV Convert to int : could not find value of 'Unknown speed' in dictionary, falling back to 60
2025-12-12 13:28:36.206 dc53-p32-t108-n023:389994:390596 [2] NCCL INFO KV Convert to int : could not find value of 'Unknown speed' in dictionary, falling back to 60
2025-12-12 13:28:36.206 dc53-p32-t108-n023:389994:390596 [2] NCCL INFO KV Convert to int : could not find value of 'Unknown speed' in dictionary, falling back to 60
2025-12-12 13:28:36.206 dc53-p32-t108-n023:389994:390596 [2] NCCL INFO KV Convert to int : could not find value of 'Unknown speed' in dictionary, falling back to 60
2025-12-12 13:28:36.206 dc53-p32-t108-n023:389994:390596 [2] NCCL INFO KV Convert to int : could not find value of 'Unknown speed' in dictionary, falling back to 60
2025-12-12 13:28:36.206 dc53-p32-t108-n023:389994:390596 [2] NCCL INFO KV Convert to int : could not find value of 'Unknown speed' in dictionary, falling back to 60
2025-12-12 13:28:36.206 dc53-p32-t108-n023:389994:390596 [2] NCCL INFO KV Convert to int : could not find value of 'Unknown speed' in dictionary, falling back to 60
2025-12-12 13:28:36.206 dc53-p32-t108-n023:389994:390596 [2] NCCL INFO KV Convert to int : could not find value of 'Unknown speed' in dictionary, falling back to 60
2025-12-12 13:28:36.206 dc53-p32-t108-n023:389994:390596 [2] NCCL INFO KV Convert to int : could not find value of 'Unknown speed' in dictionary, falling back to 60
2025-12-12 13:28:36.206 dc53-p32-t108-n023:389994:390596 [2] NCCL INFO KV Convert to int : could not find value of 'Unknown speed' in dictionary, falling back to 60
2025-12-12 13:28:36.206 dc53-p32-t108-n023:389994:390596 [2] NCCL INFO KV Convert to int : could not find value of 'Unknown speed' in dictionary, falling back to 60
2025-12-12 13:28:36.206 dc53-p32-t108-n023:389994:390596 [2] NCCL INFO KV Convert to int : could not find value of 'Unknown speed' in dictionary, falling back to 60
2025-12-12 13:28:36.206 dc53-p32-t108-n023:389994:390596 [2] NCCL INFO KV Convert to int : could not find value of 'Unknown speed' in dictionary, falling back to 60
2025-12-12 13:28:36.206 dc53-p32-t108-n023:389994:390596 [2] NCCL INFO KV Convert to int : could not find value of 'Unknown speed' in dictionary, falling back to 60
2025-12-12 13:28:36.206 dc53-p32-t108-n023:389994:390596 [2] NCCL INFO KV Convert to int : could not find value of 'Unknown speed' in dictionary, falling back to 60
2025-12-12 13:28:36.206 dc53-p32-t108-n023:389994:390596 [2] NCCL INFO KV Convert to int : could not find value of 'Unknown speed' in dictionary, falling back to 60
2025-12-12 13:28:36.206 dc53-p32-t108-n023:389994:390596 [2] NCCL INFO KV Convert to int : could not find value of 'Unknown speed' in dictionary, falling back to 60
2025-12-12 13:28:36.206 dc53-p32-t108-n023:389994:390596 [2] NCCL INFO KV Convert to int : could not find value of 'Unknown speed' in dictionary, falling back to 60
2025-12-12 13:28:36.206 dc53-p32-t108-n023:389994:390596 [2] NCCL INFO KV Convert to int : could not find value of 'Unknown speed' in dictionary, falling back to 60
2025-12-12 13:28:36.206 dc53-p32-t108-n023:389994:390596 [2] NCCL INFO KV Convert to int : could not find value of 'Unknown speed' in dictionary, falling back to 60
2025-12-12 13:28:36.206 dc53-p32-t108-n023:389994:390596 [2] NCCL INFO KV Convert to int : could not find value of 'Unknown speed' in dictionary, falling back to 60
2025-12-12 13:28:36.206 dc53-p32-t108-n023:389994:390596 [2] NCCL INFO KV Convert to int : could not find value of 'Unknown speed' in dictionary, falling back to 60
2025-12-12 13:28:36.206 dc53-p32-t108-n023:389994:390596 [2] NCCL INFO KV Convert to int : could not find value of 'Unknown speed' in dictionary, falling back to 60
2025-12-12 13:28:36.207 dc53-p32-t108-n023:389992:390590 [0] NCCL INFO Pattern 4, crossNic 0, nChannels 12, bw 30.000000/30.000000, type NVL/PIX, sameChannels 1
2025-12-12 13:28:36.207 dc53-p32-t108-n023:389992:390590 [0] NCCL INFO  0 : GPU/0 GPU/1 GPU/2 GPU/3 GPU/4 GPU/5 GPU/6 GPU/7
2025-12-12 13:28:36.207 dc53-p32-t108-n023:389992:390590 [0] NCCL INFO  1 : GPU/0 GPU/1 GPU/2 GPU/3 GPU/4 GPU/5 GPU/6 GPU/7
2025-12-12 13:28:36.207 dc53-p32-t108-n023:389992:390590 [0] NCCL INFO  2 : GPU/0 GPU/1 GPU/2 GPU/3 GPU/4 GPU/5 GPU/6 GPU/7
2025-12-12 13:28:36.207 dc53-p32-t108-n023:389992:390590 [0] NCCL INFO  3 : GPU/0 GPU/1 GPU/2 GPU/3 GPU/4 GPU/5 GPU/6 GPU/7
2025-12-12 13:28:36.207 dc53-p32-t108-n023:389992:390590 [0] NCCL INFO  4 : GPU/0 GPU/1 GPU/2 GPU/3 GPU/4 GPU/5 GPU/6 GPU/7
2025-12-12 13:28:36.207 dc53-p32-t108-n023:389992:390590 [0] NCCL INFO  5 : GPU/0 GPU/1 GPU/2 GPU/3 GPU/4 GPU/5 GPU/6 GPU/7
2025-12-12 13:28:36.207 dc53-p32-t108-n023:389992:390590 [0] NCCL INFO  6 : GPU/0 GPU/1 GPU/2 GPU/3 GPU/4 GPU/5 GPU/6 GPU/7
2025-12-12 13:28:36.207 dc53-p32-t108-n023:389992:390590 [0] NCCL INFO  7 : GPU/0 GPU/1 GPU/2 GPU/3 GPU/4 GPU/5 GPU/6 GPU/7
2025-12-12 13:28:36.207 dc53-p32-t108-n023:389992:390590 [0] NCCL INFO  8 : GPU/0 GPU/1 GPU/2 GPU/3 GPU/4 GPU/5 GPU/6 GPU/7
2025-12-12 13:28:36.207 dc53-p32-t108-n023:389992:390590 [0] NCCL INFO  9 : GPU/0 GPU/1 GPU/2 GPU/3 GPU/4 GPU/5 GPU/6 GPU/7
2025-12-12 13:28:36.207 dc53-p32-t108-n023:389992:390590 [0] NCCL INFO 10 : GPU/0 GPU/1 GPU/2 GPU/3 GPU/4 GPU/5 GPU/6 GPU/7
2025-12-12 13:28:36.207 dc53-p32-t108-n023:389992:390590 [0] NCCL INFO 11 : GPU/0 GPU/1 GPU/2 GPU/3 GPU/4 GPU/5 GPU/6 GPU/7
2025-12-12 13:28:36.207 dc53-p32-t108-n023:389992:390590 [0] NCCL INFO Pattern 4, crossNic 0, nChannels 12, bw 30.000000/30.000000, type NVL/PIX, sameChannels 1
2025-12-12 13:28:36.207 dc53-p32-t108-n023:389992:390590 [0] NCCL INFO Pattern 1, crossNic 0, nChannels 12, bw 30.000000/30.000000, type NVL/PIX, sameChannels 1
2025-12-12 13:28:36.207 dc53-p32-t108-n023:389992:390590 [0] NCCL INFO  0 : GPU/0 GPU/1 GPU/2 GPU/3 GPU/4 GPU/5 GPU/6 GPU/7
2025-12-12 13:28:36.207 dc53-p32-t108-n023:389992:390590 [0] NCCL INFO  1 : GPU/0 GPU/1 GPU/2 GPU/3 GPU/4 GPU/5 GPU/6 GPU/7
2025-12-12 13:28:36.207 dc53-p32-t108-n023:389992:390590 [0] NCCL INFO  2 : GPU/0 GPU/1 GPU/2 GPU/3 GPU/4 GPU/5 GPU/6 GPU/7
2025-12-12 13:28:36.207 dc53-p32-t108-n023:389992:390590 [0] NCCL INFO  0 : GPU/0 GPU/1 GPU/2 GPU/3 GPU/4 GPU/5 GPU/6 GPU/7
2025-12-12 13:28:36.207 dc53-p32-t108-n023:389992:390590 [0] NCCL INFO  3 : GPU/0 GPU/1 GPU/2 GPU/3 GPU/4 GPU/5 GPU/6 GPU/7
2025-12-12 13:28:36.207 dc53-p32-t108-n023:389992:390590 [0] NCCL INFO  4 : GPU/0 GPU/1 GPU/2 GPU/3 GPU/4 GPU/5 GPU/6 GPU/7
2025-12-12 13:28:36.207 dc53-p32-t108-n023:389992:390590 [0] NCCL INFO  5 : GPU/0 GPU/1 GPU/2 GPU/3 GPU/4 GPU/5 GPU/6 GPU/7
2025-12-12 13:28:36.207 dc53-p32-t108-n023:389992:390590 [0] NCCL INFO  6 : GPU/0 GPU/1 GPU/2 GPU/3 GPU/4 GPU/5 GPU/6 GPU/7
2025-12-12 13:28:36.207 dc53-p32-t108-n023:389992:390590 [0] NCCL INFO  7 : GPU/0 GPU/1 GPU/2 GPU/3 GPU/4 GPU/5 GPU/6 GPU/7
2025-12-12 13:28:36.207 dc53-p32-t108-n023:389992:390590 [0] NCCL INFO  8 : GPU/0 GPU/1 GPU/2 GPU/3 GPU/4 GPU/5 GPU/6 GPU/7
2025-12-12 13:28:36.207 dc53-p32-t108-n023:389992:390590 [0] NCCL INFO  9 : GPU/0 GPU/1 GPU/2 GPU/3 GPU/4 GPU/5 GPU/6 GPU/7
2025-12-12 13:28:36.207 dc53-p32-t108-n023:389992:390590 [0] NCCL INFO 10 : GPU/0 GPU/1 GPU/2 GPU/3 GPU/4 GPU/5 GPU/6 GPU/7
2025-12-12 13:28:36.207 dc53-p32-t108-n023:389992:390590 [0] NCCL INFO 11 : GPU/0 GPU/1 GPU/2 GPU/3 GPU/4 GPU/5 GPU/6 GPU/7
2025-12-12 13:28:36.207 dc53-p32-t108-n023:389992:390590 [0] NCCL INFO  1 : GPU/0 GPU/1 GPU/2 GPU/3 GPU/4 GPU/5 GPU/6 GPU/7
2025-12-12 13:28:36.207 dc53-p32-t108-n023:389992:390590 [0] NCCL INFO  2 : GPU/0 GPU/1 GPU/2 GPU/3 GPU/4 GPU/5 GPU/6 GPU/7
2025-12-12 13:28:36.207 dc53-p32-t108-n023:389992:390590 [0] NCCL INFO  3 : GPU/0 GPU/1 GPU/2 GPU/3 GPU/4 GPU/5 GPU/6 GPU/7
2025-12-12 13:28:36.207 dc53-p32-t108-n023:389992:390590 [0] NCCL INFO  4 : GPU/0 GPU/1 GPU/2 GPU/3 GPU/4 GPU/5 GPU/6 GPU/7
2025-12-12 13:28:36.207 dc53-p32-t108-n023:389992:390590 [0] NCCL INFO  5 : GPU/0 GPU/1 GPU/2 GPU/3 GPU/4 GPU/5 GPU/6 GPU/7
2025-12-12 13:28:36.207 dc53-p32-t108-n023:389992:390590 [0] NCCL INFO  6 : GPU/0 GPU/1 GPU/2 GPU/3 GPU/4 GPU/5 GPU/6 GPU/7
2025-12-12 13:28:36.207 dc53-p32-t108-n023:389992:390590 [0] NCCL INFO  7 : GPU/0 GPU/1 GPU/2 GPU/3 GPU/4 GPU/5 GPU/6 GPU/7
2025-12-12 13:28:36.207 dc53-p32-t108-n023:389992:390590 [0] NCCL INFO  8 : GPU/0 GPU/1 GPU/2 GPU/3 GPU/4 GPU/5 GPU/6 GPU/7
2025-12-12 13:28:36.207 dc53-p32-t108-n023:389992:390590 [0] NCCL INFO  9 : GPU/0 GPU/1 GPU/2 GPU/3 GPU/4 GPU/5 GPU/6 GPU/7
2025-12-12 13:28:36.207 dc53-p32-t108-n023:389992:390590 [0] NCCL INFO 10 : GPU/0 GPU/1 GPU/2 GPU/3 GPU/4 GPU/5 GPU/6 GPU/7
2025-12-12 13:28:36.207 dc53-p32-t108-n023:389992:390590 [0] NCCL INFO 11 : GPU/0 GPU/1 GPU/2 GPU/3 GPU/4 GPU/5 GPU/6 GPU/7
2025-12-12 13:28:36.207 dc53-p32-t108-n023:389992:390590 [0] NCCL INFO Pattern 1, crossNic 0, nChannels 12, bw 30.000000/30.000000, type NVL/PIX, sameChannels 1
2025-12-12 13:28:36.207 dc53-p32-t108-n023:389992:390590 [0] NCCL INFO  0 : GPU/0 GPU/1 GPU/2 GPU/3 GPU/4 GPU/5 GPU/6 GPU/7
2025-12-12 13:28:36.207 dc53-p32-t108-n023:389992:390590 [0] NCCL INFO  1 : GPU/0 GPU/1 GPU/2 GPU/3 GPU/4 GPU/5 GPU/6 GPU/7
2025-12-12 13:28:36.207 dc53-p32-t108-n023:389992:390590 [0] NCCL INFO  2 : GPU/0 GPU/1 GPU/2 GPU/3 GPU/4 GPU/5 GPU/6 GPU/7
2025-12-12 13:28:36.207 dc53-p32-t108-n023:389992:390590 [0] NCCL INFO  3 : GPU/0 GPU/1 GPU/2 GPU/3 GPU/4 GPU/5 GPU/6 GPU/7
2025-12-12 13:28:36.208 dc53-p32-t108-n023:389993:390591 [1] NCCL INFO === System : maxBw 370.8 totalBw 370.8 ===
2025-12-12 13:28:36.208 dc53-p32-t108-n023:389993:390591 [1] NCCL INFO CPU/0-0 (1/1/2)
2025-12-12 13:28:36.208 dc53-p32-t108-n023:389993:390591 [1] NCCL INFO + PCI[12.0] - PCI/0-16000 (1000c0301000100b)
2025-12-12 13:28:36.208 dc53-p32-t108-n023:389993:390591 [1] NCCL INFO               + PCI[12.0] - GPU/0-18000 (0)
2025-12-12 13:28:36.208 dc53-p32-t108-n023:389993:390591 [1] NCCL INFO                             + NVL[370.8] - NVS/0
2025-12-12 13:28:36.208 dc53-p32-t108-n023:389993:390591 [1] NCCL INFO + PCI[12.0] - PCI/0-38000 (1000c0301000100b)
2025-12-12 13:28:36.208 dc53-p32-t108-n023:389993:390591 [1] NCCL INFO               + PCI[12.0] - NIC/0-3a000
2025-12-12 13:28:36.208 dc53-p32-t108-n023:389993:390591 [1] NCCL INFO               + PCI[12.0] - GPU/0-41000 (1)
2025-12-12 13:28:36.208 dc53-p32-t108-n023:389993:390591 [1] NCCL INFO                             + NVL[370.8] - NVS/0
2025-12-12 13:28:36.208 dc53-p32-t108-n023:389993:390591 [1] NCCL INFO + PCI[12.0] - PCI/0-49000 (1000c0301000100b)
2025-12-12 13:28:36.208 dc53-p32-t108-n023:389993:390591 [1] NCCL INFO               + PCI[12.0] - GPU/0-4b000 (2)
2025-12-12 13:28:36.208 dc53-p32-t108-n023:389993:390591 [1] NCCL INFO                             + NVL[370.8] - NVS/0
2025-12-12 13:28:36.208 dc53-p32-t108-n023:389993:390591 [1] NCCL INFO               + PCI[12.0] - NIC/0-4c000
2025-12-12 13:28:36.207 dc53-p32-t108-n023:389992:390590 [0] NCCL INFO  4 : GPU/0 GPU/1 GPU/2 GPU/3 GPU/4 GPU/5 GPU/6 GPU/7
2025-12-12 13:28:36.208 dc53-p32-t108-n023:389993:390591 [1] NCCL INFO + PCI[12.0] - PCI/0-5a000 (1000c0301000100b)
2025-12-12 13:28:36.208 dc53-p32-t108-n023:389993:390591 [1] NCCL INFO               + PCI[12.0] - NIC/0-5c000
2025-12-12 13:28:36.208 dc53-p32-t108-n023:389993:390591 [1] NCCL INFO               + PCI[12.0] - GPU/0-5d000 (3)
2025-12-12 13:28:36.208 dc53-p32-t108-n023:389993:390591 [1] NCCL INFO                             + NVL[370.8] - NVS/0
2025-12-12 13:28:36.208 dc53-p32-t108-n023:389993:390591 [1] NCCL INFO + SYS[10.0] - CPU/1
2025-12-12 13:28:36.208 dc53-p32-t108-n023:389993:390591 [1] NCCL INFO + PCI[6.0] - NIC/0-27000
2025-12-12 13:28:36.208 dc53-p32-t108-n023:389993:390591 [1] NCCL INFO CPU/0-1 (1/1/2)
2025-12-12 13:28:36.208 dc53-p32-t108-n023:389993:390591 [1] NCCL INFO + PCI[12.0] - PCI/0-98000 (1000c0301000100b)
2025-12-12 13:28:36.208 dc53-p32-t108-n023:389993:390591 [1] NCCL INFO               + PCI[12.0] - GPU/0-9a000 (4)
2025-12-12 13:28:36.208 dc53-p32-t108-n023:389993:390591 [1] NCCL INFO                             + NVL[370.8] - NVS/0
2025-12-12 13:28:36.208 dc53-p32-t108-n023:389993:390591 [1] NCCL INFO               + PCI[12.0] - NIC/0-9b000
2025-12-12 13:28:36.208 dc53-p32-t108-n023:389993:390591 [1] NCCL INFO + PCI[12.0] - PCI/0-b8000 (1000c0301000100b)
2025-12-12 13:28:36.208 dc53-p32-t108-n023:389993:390591 [1] NCCL INFO               + PCI[12.0] - NIC/0-ba000
2025-12-12 13:28:36.208 dc53-p32-t108-n023:389993:390591 [1] NCCL INFO               + PCI[12.0] - GPU/0-bb000 (5)
2025-12-12 13:28:36.208 dc53-p32-t108-n023:389993:390591 [1] NCCL INFO                             + NVL[370.8] - NVS/0
2025-12-12 13:28:36.208 dc53-p32-t108-n023:389993:390591 [1] NCCL INFO + PCI[12.0] - PCI/0-c8000 (1000c0301000100b)
2025-12-12 13:28:36.208 dc53-p32-t108-n023:389993:390591 [1] NCCL INFO               + PCI[12.0] - GPU/0-ca000 (6)
2025-12-12 13:28:36.208 dc53-p32-t108-n023:389993:390591 [1] NCCL INFO                             + NVL[370.8] - NVS/0
2025-12-12 13:28:36.208 dc53-p32-t108-n023:389993:390591 [1] NCCL INFO               + PCI[12.0] - NIC/0-cb000
2025-12-12 13:28:36.207 dc53-p32-t108-n023:389992:390590 [0] NCCL INFO  5 : GPU/0 GPU/1 GPU/2 GPU/3 GPU/4 GPU/5 GPU/6 GPU/7
2025-12-12 13:28:36.208 dc53-p32-t108-n023:389993:390591 [1] NCCL INFO + PCI[12.0] - PCI/0-d8000 (1000c0301000100b)
2025-12-12 13:28:36.208 dc53-p32-t108-n023:389993:390591 [1] NCCL INFO               + PCI[12.0] - NIC/0-da000
2025-12-12 13:28:36.208 dc53-p32-t108-n023:389993:390591 [1] NCCL INFO               + PCI[12.0] - GPU/0-db000 (7)
2025-12-12 13:28:36.208 dc53-p32-t108-n023:389993:390591 [1] NCCL INFO                             + NVL[370.8] - NVS/0
2025-12-12 13:28:36.208 dc53-p32-t108-n023:389993:390591 [1] NCCL INFO + SYS[10.0] - CPU/0
2025-12-12 13:28:36.208 dc53-p32-t108-n023:389993:390591 [1] NCCL INFO + PCI[6.0] - NIC/0-a8000
2025-12-12 13:28:36.208 dc53-p32-t108-n023:389993:390591 [1] NCCL INFO ==========================================
2025-12-12 13:28:36.208 dc53-p32-t108-n023:389993:390591 [1] NCCL INFO GPU/18000 :GPU/0-18000 (0/5000.0/LOC) GPU/0-41000 (2/370.8/NVL) GPU/0-4b000 (2/370.8/NVL) GPU/0-5d000 (2/370.8/NVL) GPU/0-9a000 (2/370.8/NVL) GPU/0-bb000 (2/370.8/NVL) GPU/0-ca000 (2/370.8/NVL) GPU/0-db000 (2/370.8/NVL) NVS/0-0 (1/370.8/NVL) CPU/0-0 (2/12.0/PHB) CPU/0-1 (3/10.0/SYS) 
2025-12-12 13:28:36.208 dc53-p32-t108-n023:389993:390591 [1] NCCL INFO GPU/41000 :GPU/0-18000 (2/370.8/NVL) GPU/0-41000 (0/5000.0/LOC) GPU/0-4b000 (2/370.8/NVL) GPU/0-5d000 (2/370.8/NVL) GPU/0-9a000 (2/370.8/NVL) GPU/0-bb000 (2/370.8/NVL) GPU/0-ca000 (2/370.8/NVL) GPU/0-db000 (2/370.8/NVL) NVS/0-0 (1/370.8/NVL) CPU/0-0 (2/12.0/PHB) CPU/0-1 (3/10.0/SYS) 
2025-12-12 13:28:36.208 dc53-p32-t108-n023:389993:390591 [1] NCCL INFO GPU/4B000 :GPU/0-18000 (2/370.8/NVL) GPU/0-41000 (2/370.8/NVL) GPU/0-4b000 (0/5000.0/LOC) GPU/0-5d000 (2/370.8/NVL) GPU/0-9a000 (2/370.8/NVL) GPU/0-bb000 (2/370.8/NVL) GPU/0-ca000 (2/370.8/NVL) GPU/0-db000 (2/370.8/NVL) NVS/0-0 (1/370.8/NVL) CPU/0-0 (2/12.0/PHB) CPU/0-1 (3/10.0/SYS) 
2025-12-12 13:28:36.207 dc53-p32-t108-n023:389992:390590 [0] NCCL INFO  6 : GPU/0 GPU/1 GPU/2 GPU/3 GPU/4 GPU/5 GPU/6 GPU/7
2025-12-12 13:28:36.208 dc53-p32-t108-n023:389993:390591 [1] NCCL INFO GPU/5D000 :GPU/0-18000 (2/370.8/NVL) GPU/0-41000 (2/370.8/NVL) GPU/0-4b000 (2/370.8/NVL) GPU/0-5d000 (0/5000.0/LOC) GPU/0-9a000 (2/370.8/NVL) GPU/0-bb000 (2/370.8/NVL) GPU/0-ca000 (2/370.8/NVL) GPU/0-db000 (2/370.8/NVL) NVS/0-0 (1/370.8/NVL) CPU/0-0 (2/12.0/PHB) CPU/0-1 (3/10.0/SYS) 
2025-12-12 13:28:36.208 dc53-p32-t108-n023:389993:390591 [1] NCCL INFO GPU/9A000 :GPU/0-18000 (2/370.8/NVL) GPU/0-41000 (2/370.8/NVL) GPU/0-4b000 (2/370.8/NVL) GPU/0-5d000 (2/370.8/NVL) GPU/0-9a000 (0/5000.0/LOC) GPU/0-bb000 (2/370.8/NVL) GPU/0-ca000 (2/370.8/NVL) GPU/0-db000 (2/370.8/NVL) NVS/0-0 (1/370.8/NVL) CPU/0-0 (3/10.0/SYS) CPU/0-1 (2/12.0/PHB) 
2025-12-12 13:28:36.208 dc53-p32-t108-n023:389993:390591 [1] NCCL INFO GPU/BB000 :GPU/0-18000 (2/370.8/NVL) GPU/0-41000 (2/370.8/NVL) GPU/0-4b000 (2/370.8/NVL) GPU/0-5d000 (2/370.8/NVL) GPU/0-9a000 (2/370.8/NVL) GPU/0-bb000 (0/5000.0/LOC) GPU/0-ca000 (2/370.8/NVL) GPU/0-db000 (2/370.8/NVL) NVS/0-0 (1/370.8/NVL) CPU/0-0 (3/10.0/SYS) CPU/0-1 (2/12.0/PHB) 
2025-12-12 13:28:36.208 dc53-p32-t108-n023:389993:390591 [1] NCCL INFO GPU/CA000 :GPU/0-18000 (2/370.8/NVL) GPU/0-41000 (2/370.8/NVL) GPU/0-4b000 (2/370.8/NVL) GPU/0-5d000 (2/370.8/NVL) GPU/0-9a000 (2/370.8/NVL) GPU/0-bb000 (2/370.8/NVL) GPU/0-ca000 (0/5000.0/LOC) GPU/0-db000 (2/370.8/NVL) NVS/0-0 (1/370.8/NVL) CPU/0-0 (3/10.0/SYS) CPU/0-1 (2/12.0/PHB) 
2025-12-12 13:28:36.208 dc53-p32-t108-n023:389993:390591 [1] NCCL INFO GPU/DB000 :GPU/0-18000 (2/370.8/NVL) GPU/0-41000 (2/370.8/NVL) GPU/0-4b000 (2/370.8/NVL) GPU/0-5d000 (2/370.8/NVL) GPU/0-9a000 (2/370.8/NVL) GPU/0-bb000 (2/370.8/NVL) GPU/0-ca000 (2/370.8/NVL) GPU/0-db000 (0/5000.0/LOC) NVS/0-0 (1/370.8/NVL) CPU/0-0 (3/10.0/SYS) CPU/0-1 (2/12.0/PHB) 
2025-12-12 13:28:36.207 dc53-p32-t108-n023:389992:390590 [0] NCCL INFO  7 : GPU/0 GPU/1 GPU/2 GPU/3 GPU/4 GPU/5 GPU/6 GPU/7
2025-12-12 13:28:36.208 dc53-p32-t108-n023:389993:390591 [1] NCCL INFO Setting affinity for GPU 1 to ffff,ffffffff,00000000,0000ffff,ffffffff
2025-12-12 13:28:36.208 dc53-p32-t108-n023:389993:390591 [1] NCCL INFO NCCL_NVLS_ENABLE set by environment to 0.
2025-12-12 13:28:36.207 dc53-p32-t108-n023:389992:390590 [0] NCCL INFO  8 : GPU/0 GPU/1 GPU/2 GPU/3 GPU/4 GPU/5 GPU/6 GPU/7
2025-12-12 13:28:36.207 dc53-p32-t108-n023:389992:390590 [0] NCCL INFO  9 : GPU/0 GPU/1 GPU/2 GPU/3 GPU/4 GPU/5 GPU/6 GPU/7
2025-12-12 13:28:36.207 dc53-p32-t108-n023:389992:390590 [0] NCCL INFO 10 : GPU/0 GPU/1 GPU/2 GPU/3 GPU/4 GPU/5 GPU/6 GPU/7
2025-12-12 13:28:36.207 dc53-p32-t108-n023:389992:390590 [0] NCCL INFO 11 : GPU/0 GPU/1 GPU/2 GPU/3 GPU/4 GPU/5 GPU/6 GPU/7
2025-12-12 13:28:36.208 dc53-p32-t108-n023:389993:390591 [1] NCCL INFO === System : maxBw 370.8 totalBw 370.8 ===
2025-12-12 13:28:36.208 dc53-p32-t108-n023:389993:390591 [1] NCCL INFO CPU/0-0 (1/1/2)
2025-12-12 13:28:36.208 dc53-p32-t108-n023:389993:390591 [1] NCCL INFO + PCI[12.0] - PCI/0-16000 (1000c0301000100b)
2025-12-12 13:28:36.208 dc53-p32-t108-n023:389993:390591 [1] NCCL INFO               + PCI[12.0] - GPU/0-18000 (0)
2025-12-12 13:28:36.208 dc53-p32-t108-n023:389993:390591 [1] NCCL INFO                             + NVL[370.8] - NVS/0
2025-12-12 13:28:36.208 dc53-p32-t108-n023:389993:390591 [1] NCCL INFO + PCI[12.0] - PCI/0-38000 (1000c0301000100b)
2025-12-12 13:28:36.208 dc53-p32-t108-n023:389993:390591 [1] NCCL INFO               + PCI[12.0] - NIC/0-3a000
2025-12-12 13:28:36.208 dc53-p32-t108-n023:389993:390591 [1] NCCL INFO               + PCI[12.0] - GPU/0-41000 (1)
2025-12-12 13:28:36.208 dc53-p32-t108-n023:389993:390591 [1] NCCL INFO                             + NVL[370.8] - NVS/0
2025-12-12 13:28:36.208 dc53-p32-t108-n023:389993:390591 [1] NCCL INFO + PCI[12.0] - PCI/0-49000 (1000c0301000100b)
2025-12-12 13:28:36.208 dc53-p32-t108-n023:389993:390591 [1] NCCL INFO               + PCI[12.0] - GPU/0-4b000 (2)
2025-12-12 13:28:36.208 dc53-p32-t108-n023:389993:390591 [1] NCCL INFO                             + NVL[370.8] - NVS/0
2025-12-12 13:28:36.208 dc53-p32-t108-n023:389993:390591 [1] NCCL INFO               + PCI[12.0] - NIC/0-4c000
2025-12-12 13:28:36.208 dc53-p32-t108-n023:389993:390591 [1] NCCL INFO + PCI[12.0] - PCI/0-5a000 (1000c0301000100b)
2025-12-12 13:28:36.208 dc53-p32-t108-n023:389993:390591 [1] NCCL INFO               + PCI[12.0] - NIC/0-5c000
2025-12-12 13:28:36.208 dc53-p32-t108-n023:389993:390591 [1] NCCL INFO               + PCI[12.0] - GPU/0-5d000 (3)
2025-12-12 13:28:36.208 dc53-p32-t108-n023:389993:390591 [1] NCCL INFO                             + NVL[370.8] - NVS/0
2025-12-12 13:28:36.208 dc53-p32-t108-n023:389993:390591 [1] NCCL INFO + SYS[10.0] - CPU/1
2025-12-12 13:28:36.208 dc53-p32-t108-n023:389993:390591 [1] NCCL INFO + PCI[6.0] - NIC/0-27000
2025-12-12 13:28:36.208 dc53-p32-t108-n023:389993:390591 [1] NCCL INFO CPU/0-1 (1/1/2)
2025-12-12 13:28:36.208 dc53-p32-t108-n023:389993:390591 [1] NCCL INFO + PCI[12.0] - PCI/0-98000 (1000c0301000100b)
2025-12-12 13:28:36.208 dc53-p32-t108-n023:389993:390591 [1] NCCL INFO               + PCI[12.0] - GPU/0-9a000 (4)
2025-12-12 13:28:36.208 dc53-p32-t108-n023:389993:390591 [1] NCCL INFO                             + NVL[370.8] - NVS/0
2025-12-12 13:28:36.208 dc53-p32-t108-n023:389993:390591 [1] NCCL INFO               + PCI[12.0] - NIC/0-9b000
2025-12-12 13:28:36.208 dc53-p32-t108-n023:389993:390591 [1] NCCL INFO + PCI[12.0] - PCI/0-b8000 (1000c0301000100b)
2025-12-12 13:28:36.208 dc53-p32-t108-n023:389993:390591 [1] NCCL INFO               + PCI[12.0] - NIC/0-ba000
2025-12-12 13:28:36.208 dc53-p32-t108-n023:389993:390591 [1] NCCL INFO               + PCI[12.0] - GPU/0-bb000 (5)
2025-12-12 13:28:36.208 dc53-p32-t108-n023:389993:390591 [1] NCCL INFO                             + NVL[370.8] - NVS/0
2025-12-12 13:28:36.209 dc53-p32-t108-n023:389995:390597 [3] NCCL INFO KV Convert to int : could not find value of 'Unknown speed' in dictionary, falling back to 60
2025-12-12 13:28:36.209 dc53-p32-t108-n023:389995:390597 [3] NCCL INFO KV Convert to int : could not find value of 'Unknown speed' in dictionary, falling back to 60
2025-12-12 13:28:36.209 dc53-p32-t108-n023:389995:390597 [3] NCCL INFO KV Convert to int : could not find value of 'Unknown speed' in dictionary, falling back to 60
2025-12-12 13:28:36.209 dc53-p32-t108-n023:389995:390597 [3] NCCL INFO KV Convert to int : could not find value of 'Unknown speed' in dictionary, falling back to 60
2025-12-12 13:28:36.209 dc53-p32-t108-n023:389995:390597 [3] NCCL INFO KV Convert to int : could not find value of 'Unknown speed' in dictionary, falling back to 60
2025-12-12 13:28:36.208 dc53-p32-t108-n023:389993:390591 [1] NCCL INFO + PCI[12.0] - PCI/0-c8000 (1000c0301000100b)
2025-12-12 13:28:36.209 dc53-p32-t108-n023:389995:390597 [3] NCCL INFO KV Convert to int : could not find value of 'Unknown speed' in dictionary, falling back to 60
2025-12-12 13:28:36.209 dc53-p32-t108-n023:389995:390597 [3] NCCL INFO KV Convert to int : could not find value of 'Unknown speed' in dictionary, falling back to 60
2025-12-12 13:28:36.209 dc53-p32-t108-n023:389995:390597 [3] NCCL INFO KV Convert to int : could not find value of 'Unknown speed' in dictionary, falling back to 60
2025-12-12 13:28:36.209 dc53-p32-t108-n023:389995:390597 [3] NCCL INFO KV Convert to int : could not find value of 'Unknown speed' in dictionary, falling back to 60
2025-12-12 13:28:36.209 dc53-p32-t108-n023:389995:390597 [3] NCCL INFO KV Convert to int : could not find value of 'Unknown speed' in dictionary, falling back to 60
2025-12-12 13:28:36.209 dc53-p32-t108-n023:389995:390597 [3] NCCL INFO KV Convert to int : could not find value of 'Unknown speed' in dictionary, falling back to 60
2025-12-12 13:28:36.209 dc53-p32-t108-n023:389995:390597 [3] NCCL INFO KV Convert to int : could not find value of 'Unknown speed' in dictionary, falling back to 60
2025-12-12 13:28:36.209 dc53-p32-t108-n023:389995:390597 [3] NCCL INFO KV Convert to int : could not find value of 'Unknown speed' in dictionary, falling back to 60
2025-12-12 13:28:36.210 dc53-p32-t108-n023:389995:390597 [3] NCCL INFO KV Convert to int : could not find value of 'Unknown speed' in dictionary, falling back to 60
2025-12-12 13:28:36.208 dc53-p32-t108-n023:389993:390591 [1] NCCL INFO               + PCI[12.0] - GPU/0-ca000 (6)
2025-12-12 13:28:36.210 dc53-p32-t108-n023:389995:390597 [3] NCCL INFO KV Convert to int : could not find value of 'Unknown speed' in dictionary, falling back to 60
2025-12-12 13:28:36.210 dc53-p32-t108-n023:389995:390597 [3] NCCL INFO KV Convert to int : could not find value of 'Unknown speed' in dictionary, falling back to 60
2025-12-12 13:28:36.210 dc53-p32-t108-n023:389995:390597 [3] NCCL INFO KV Convert to int : could not find value of 'Unknown speed' in dictionary, falling back to 60
2025-12-12 13:28:36.210 dc53-p32-t108-n023:389995:390597 [3] NCCL INFO KV Convert to int : could not find value of 'Unknown speed' in dictionary, falling back to 60
2025-12-12 13:28:36.210 dc53-p32-t108-n023:389995:390597 [3] NCCL INFO KV Convert to int : could not find value of 'Unknown speed' in dictionary, falling back to 60
2025-12-12 13:28:36.210 dc53-p32-t108-n023:389995:390597 [3] NCCL INFO KV Convert to int : could not find value of 'Unknown speed' in dictionary, falling back to 60
2025-12-12 13:28:36.210 dc53-p32-t108-n023:389995:390597 [3] NCCL INFO KV Convert to int : could not find value of 'Unknown speed' in dictionary, falling back to 60
2025-12-12 13:28:36.210 dc53-p32-t108-n023:389995:390597 [3] NCCL INFO KV Convert to int : could not find value of 'Unknown speed' in dictionary, falling back to 60
2025-12-12 13:28:36.210 dc53-p32-t108-n023:389995:390597 [3] NCCL INFO KV Convert to int : could not find value of 'Unknown speed' in dictionary, falling back to 60
2025-12-12 13:28:36.208 dc53-p32-t108-n023:389993:390591 [1] NCCL INFO                             + NVL[370.8] - NVS/0
2025-12-12 13:28:36.210 dc53-p32-t108-n023:389995:390597 [3] NCCL INFO KV Convert to int : could not find value of 'Unknown speed' in dictionary, falling back to 60
2025-12-12 13:28:36.210 dc53-p32-t108-n023:389995:390597 [3] NCCL INFO KV Convert to int : could not find value of 'Unknown speed' in dictionary, falling back to 60
2025-12-12 13:28:36.208 dc53-p32-t108-n023:389993:390591 [1] NCCL INFO               + PCI[12.0] - NIC/0-cb000
2025-12-12 13:28:36.208 dc53-p32-t108-n023:389993:390591 [1] NCCL INFO + PCI[12.0] - PCI/0-d8000 (1000c0301000100b)
2025-12-12 13:28:36.208 dc53-p32-t108-n023:389993:390591 [1] NCCL INFO               + PCI[12.0] - NIC/0-da000
2025-12-12 13:28:36.208 dc53-p32-t108-n023:389993:390591 [1] NCCL INFO               + PCI[12.0] - GPU/0-db000 (7)
2025-12-12 13:28:36.208 dc53-p32-t108-n023:389993:390591 [1] NCCL INFO                             + NVL[370.8] - NVS/0
2025-12-12 13:28:36.208 dc53-p32-t108-n023:389993:390591 [1] NCCL INFO + SYS[10.0] - CPU/0
2025-12-12 13:28:36.208 dc53-p32-t108-n023:389993:390591 [1] NCCL INFO + PCI[6.0] - NIC/0-a8000
2025-12-12 13:28:36.208 dc53-p32-t108-n023:389993:390591 [1] NCCL INFO ==========================================
2025-12-12 13:28:36.208 dc53-p32-t108-n023:389993:390591 [1] NCCL INFO GPU/18000 :GPU/0-18000 (0/5000.0/LOC) GPU/0-41000 (2/370.8/NVL) GPU/0-4b000 (2/370.8/NVL) GPU/0-5d000 (2/370.8/NVL) GPU/0-9a000 (2/370.8/NVL) GPU/0-bb000 (2/370.8/NVL) GPU/0-ca000 (2/370.8/NVL) GPU/0-db000 (2/370.8/NVL) NVS/0-0 (1/370.8/NVL) CPU/0-0 (2/12.0/PHB) CPU/0-1 (3/10.0/SYS) 
2025-12-12 13:28:36.208 dc53-p32-t108-n023:389993:390591 [1] NCCL INFO GPU/41000 :GPU/0-18000 (2/370.8/NVL) GPU/0-41000 (0/5000.0/LOC) GPU/0-4b000 (2/370.8/NVL) GPU/0-5d000 (2/370.8/NVL) GPU/0-9a000 (2/370.8/NVL) GPU/0-bb000 (2/370.8/NVL) GPU/0-ca000 (2/370.8/NVL) GPU/0-db000 (2/370.8/NVL) NVS/0-0 (1/370.8/NVL) CPU/0-0 (2/12.0/PHB) CPU/0-1 (3/10.0/SYS) 
2025-12-12 13:28:36.208 dc53-p32-t108-n023:389993:390591 [1] NCCL INFO GPU/4B000 :GPU/0-18000 (2/370.8/NVL) GPU/0-41000 (2/370.8/NVL) GPU/0-4b000 (0/5000.0/LOC) GPU/0-5d000 (2/370.8/NVL) GPU/0-9a000 (2/370.8/NVL) GPU/0-bb000 (2/370.8/NVL) GPU/0-ca000 (2/370.8/NVL) GPU/0-db000 (2/370.8/NVL) NVS/0-0 (1/370.8/NVL) CPU/0-0 (2/12.0/PHB) CPU/0-1 (3/10.0/SYS) 
2025-12-12 13:28:36.208 dc53-p32-t108-n023:389993:390591 [1] NCCL INFO GPU/5D000 :GPU/0-18000 (2/370.8/NVL) GPU/0-41000 (2/370.8/NVL) GPU/0-4b000 (2/370.8/NVL) GPU/0-5d000 (0/5000.0/LOC) GPU/0-9a000 (2/370.8/NVL) GPU/0-bb000 (2/370.8/NVL) GPU/0-ca000 (2/370.8/NVL) GPU/0-db000 (2/370.8/NVL) NVS/0-0 (1/370.8/NVL) CPU/0-0 (2/12.0/PHB) CPU/0-1 (3/10.0/SYS) 
2025-12-12 13:28:36.208 dc53-p32-t108-n023:389993:390591 [1] NCCL INFO GPU/9A000 :GPU/0-18000 (2/370.8/NVL) GPU/0-41000 (2/370.8/NVL) GPU/0-4b000 (2/370.8/NVL) GPU/0-5d000 (2/370.8/NVL) GPU/0-9a000 (0/5000.0/LOC) GPU/0-bb000 (2/370.8/NVL) GPU/0-ca000 (2/370.8/NVL) GPU/0-db000 (2/370.8/NVL) NVS/0-0 (1/370.8/NVL) CPU/0-0 (3/10.0/SYS) CPU/0-1 (2/12.0/PHB) 
2025-12-12 13:28:36.208 dc53-p32-t108-n023:389993:390591 [1] NCCL INFO GPU/BB000 :GPU/0-18000 (2/370.8/NVL) GPU/0-41000 (2/370.8/NVL) GPU/0-4b000 (2/370.8/NVL) GPU/0-5d000 (2/370.8/NVL) GPU/0-9a000 (2/370.8/NVL) GPU/0-bb000 (0/5000.0/LOC) GPU/0-ca000 (2/370.8/NVL) GPU/0-db000 (2/370.8/NVL) NVS/0-0 (1/370.8/NVL) CPU/0-0 (3/10.0/SYS) CPU/0-1 (2/12.0/PHB) 
2025-12-12 13:28:36.210 dc53-p32-t108-n023:389994:390596 [2] NCCL INFO === System : maxBw 370.8 totalBw 370.8 ===
2025-12-12 13:28:36.210 dc53-p32-t108-n023:389994:390596 [2] NCCL INFO CPU/0-0 (1/1/2)
2025-12-12 13:28:36.210 dc53-p32-t108-n023:389994:390596 [2] NCCL INFO + PCI[12.0] - PCI/0-16000 (1000c0301000100b)
2025-12-12 13:28:36.210 dc53-p32-t108-n023:389994:390596 [2] NCCL INFO               + PCI[12.0] - GPU/0-18000 (0)
2025-12-12 13:28:36.210 dc53-p32-t108-n023:389994:390596 [2] NCCL INFO                             + NVL[370.8] - NVS/0
2025-12-12 13:28:36.210 dc53-p32-t108-n023:389994:390596 [2] NCCL INFO + PCI[12.0] - PCI/0-38000 (1000c0301000100b)
2025-12-12 13:28:36.210 dc53-p32-t108-n023:389994:390596 [2] NCCL INFO               + PCI[12.0] - NIC/0-3a000
2025-12-12 13:28:36.210 dc53-p32-t108-n023:389994:390596 [2] NCCL INFO               + PCI[12.0] - GPU/0-41000 (1)
2025-12-12 13:28:36.210 dc53-p32-t108-n023:389994:390596 [2] NCCL INFO                             + NVL[370.8] - NVS/0
2025-12-12 13:28:36.210 dc53-p32-t108-n023:389994:390596 [2] NCCL INFO + PCI[12.0] - PCI/0-49000 (1000c0301000100b)
2025-12-12 13:28:36.210 dc53-p32-t108-n023:389994:390596 [2] NCCL INFO               + PCI[12.0] - GPU/0-4b000 (2)
2025-12-12 13:28:36.208 dc53-p32-t108-n023:389993:390591 [1] NCCL INFO GPU/CA000 :GPU/0-18000 (2/370.8/NVL) GPU/0-41000 (2/370.8/NVL) GPU/0-4b000 (2/370.8/NVL) GPU/0-5d000 (2/370.8/NVL) GPU/0-9a000 (2/370.8/NVL) GPU/0-bb000 (2/370.8/NVL) GPU/0-ca000 (0/5000.0/LOC) GPU/0-db000 (2/370.8/NVL) NVS/0-0 (1/370.8/NVL) CPU/0-0 (3/10.0/SYS) CPU/0-1 (2/12.0/PHB) 
2025-12-12 13:28:36.210 dc53-p32-t108-n023:389994:390596 [2] NCCL INFO                             + NVL[370.8] - NVS/0
2025-12-12 13:28:36.210 dc53-p32-t108-n023:389994:390596 [2] NCCL INFO               + PCI[12.0] - NIC/0-4c000
2025-12-12 13:28:36.210 dc53-p32-t108-n023:389994:390596 [2] NCCL INFO + PCI[12.0] - PCI/0-5a000 (1000c0301000100b)
2025-12-12 13:28:36.210 dc53-p32-t108-n023:389994:390596 [2] NCCL INFO               + PCI[12.0] - NIC/0-5c000
2025-12-12 13:28:36.210 dc53-p32-t108-n023:389994:390596 [2] NCCL INFO               + PCI[12.0] - GPU/0-5d000 (3)
2025-12-12 13:28:36.210 dc53-p32-t108-n023:389994:390596 [2] NCCL INFO                             + NVL[370.8] - NVS/0
2025-12-12 13:28:36.210 dc53-p32-t108-n023:389994:390596 [2] NCCL INFO + SYS[10.0] - CPU/1
2025-12-12 13:28:36.210 dc53-p32-t108-n023:389994:390596 [2] NCCL INFO + PCI[6.0] - NIC/0-27000
2025-12-12 13:28:36.210 dc53-p32-t108-n023:389994:390596 [2] NCCL INFO CPU/0-1 (1/1/2)
2025-12-12 13:28:36.210 dc53-p32-t108-n023:389994:390596 [2] NCCL INFO + PCI[12.0] - PCI/0-98000 (1000c0301000100b)
2025-12-12 13:28:36.210 dc53-p32-t108-n023:389994:390596 [2] NCCL INFO               + PCI[12.0] - GPU/0-9a000 (4)
2025-12-12 13:28:36.210 dc53-p32-t108-n023:389994:390596 [2] NCCL INFO                             + NVL[370.8] - NVS/0
2025-12-12 13:28:36.210 dc53-p32-t108-n023:389994:390596 [2] NCCL INFO               + PCI[12.0] - NIC/0-9b000
2025-12-12 13:28:36.210 dc53-p32-t108-n023:389994:390596 [2] NCCL INFO + PCI[12.0] - PCI/0-b8000 (1000c0301000100b)
2025-12-12 13:28:36.210 dc53-p32-t108-n023:389994:390596 [2] NCCL INFO               + PCI[12.0] - NIC/0-ba000
2025-12-12 13:28:36.210 dc53-p32-t108-n023:389994:390596 [2] NCCL INFO               + PCI[12.0] - GPU/0-bb000 (5)
2025-12-12 13:28:36.210 dc53-p32-t108-n023:389994:390596 [2] NCCL INFO                             + NVL[370.8] - NVS/0
2025-12-12 13:28:36.210 dc53-p32-t108-n023:389994:390596 [2] NCCL INFO + PCI[12.0] - PCI/0-c8000 (1000c0301000100b)
2025-12-12 13:28:36.210 dc53-p32-t108-n023:389994:390596 [2] NCCL INFO               + PCI[12.0] - GPU/0-ca000 (6)
2025-12-12 13:28:36.210 dc53-p32-t108-n023:389994:390596 [2] NCCL INFO                             + NVL[370.8] - NVS/0
2025-12-12 13:28:36.210 dc53-p32-t108-n023:389994:390596 [2] NCCL INFO               + PCI[12.0] - NIC/0-cb000
2025-12-12 13:28:36.210 dc53-p32-t108-n023:389994:390596 [2] NCCL INFO + PCI[12.0] - PCI/0-d8000 (1000c0301000100b)
2025-12-12 13:28:36.211 dc53-p32-t108-n023:389994:390596 [2] NCCL INFO               + PCI[12.0] - NIC/0-da000
2025-12-12 13:28:36.211 dc53-p32-t108-n023:389994:390596 [2] NCCL INFO               + PCI[12.0] - GPU/0-db000 (7)
2025-12-12 13:28:36.211 dc53-p32-t108-n023:389994:390596 [2] NCCL INFO                             + NVL[370.8] - NVS/0
2025-12-12 13:28:36.211 dc53-p32-t108-n023:389994:390596 [2] NCCL INFO + SYS[10.0] - CPU/0
2025-12-12 13:28:36.211 dc53-p32-t108-n023:389994:390596 [2] NCCL INFO + PCI[6.0] - NIC/0-a8000
2025-12-12 13:28:36.211 dc53-p32-t108-n023:389994:390596 [2] NCCL INFO ==========================================
2025-12-12 13:28:36.211 dc53-p32-t108-n023:389994:390596 [2] NCCL INFO GPU/18000 :GPU/0-18000 (0/5000.0/LOC) GPU/0-41000 (2/370.8/NVL) GPU/0-4b000 (2/370.8/NVL) GPU/0-5d000 (2/370.8/NVL) GPU/0-9a000 (2/370.8/NVL) GPU/0-bb000 (2/370.8/NVL) GPU/0-ca000 (2/370.8/NVL) GPU/0-db000 (2/370.8/NVL) NVS/0-0 (1/370.8/NVL) CPU/0-0 (2/12.0/PHB) CPU/0-1 (3/10.0/SYS) 
2025-12-12 13:28:36.211 dc53-p32-t108-n023:389994:390596 [2] NCCL INFO GPU/41000 :GPU/0-18000 (2/370.8/NVL) GPU/0-41000 (0/5000.0/LOC) GPU/0-4b000 (2/370.8/NVL) GPU/0-5d000 (2/370.8/NVL) GPU/0-9a000 (2/370.8/NVL) GPU/0-bb000 (2/370.8/NVL) GPU/0-ca000 (2/370.8/NVL) GPU/0-db000 (2/370.8/NVL) NVS/0-0 (1/370.8/NVL) CPU/0-0 (2/12.0/PHB) CPU/0-1 (3/10.0/SYS) 
2025-12-12 13:28:36.208 dc53-p32-t108-n023:389993:390591 [1] NCCL INFO GPU/DB000 :GPU/0-18000 (2/370.8/NVL) GPU/0-41000 (2/370.8/NVL) GPU/0-4b000 (2/370.8/NVL) GPU/0-5d000 (2/370.8/NVL) GPU/0-9a000 (2/370.8/NVL) GPU/0-bb000 (2/370.8/NVL) GPU/0-ca000 (2/370.8/NVL) GPU/0-db000 (0/5000.0/LOC) NVS/0-0 (1/370.8/NVL) CPU/0-0 (3/10.0/SYS) CPU/0-1 (2/12.0/PHB) 
2025-12-12 13:28:36.211 dc53-p32-t108-n023:389994:390596 [2] NCCL INFO GPU/4B000 :GPU/0-18000 (2/370.8/NVL) GPU/0-41000 (2/370.8/NVL) GPU/0-4b000 (0/5000.0/LOC) GPU/0-5d000 (2/370.8/NVL) GPU/0-9a000 (2/370.8/NVL) GPU/0-bb000 (2/370.8/NVL) GPU/0-ca000 (2/370.8/NVL) GPU/0-db000 (2/370.8/NVL) NVS/0-0 (1/370.8/NVL) CPU/0-0 (2/12.0/PHB) CPU/0-1 (3/10.0/SYS) 
2025-12-12 13:28:36.211 dc53-p32-t108-n023:389994:390596 [2] NCCL INFO GPU/5D000 :GPU/0-18000 (2/370.8/NVL) GPU/0-41000 (2/370.8/NVL) GPU/0-4b000 (2/370.8/NVL) GPU/0-5d000 (0/5000.0/LOC) GPU/0-9a000 (2/370.8/NVL) GPU/0-bb000 (2/370.8/NVL) GPU/0-ca000 (2/370.8/NVL) GPU/0-db000 (2/370.8/NVL) NVS/0-0 (1/370.8/NVL) CPU/0-0 (2/12.0/PHB) CPU/0-1 (3/10.0/SYS) 
2025-12-12 13:28:36.211 dc53-p32-t108-n023:389994:390596 [2] NCCL INFO GPU/9A000 :GPU/0-18000 (2/370.8/NVL) GPU/0-41000 (2/370.8/NVL) GPU/0-4b000 (2/370.8/NVL) GPU/0-5d000 (2/370.8/NVL) GPU/0-9a000 (0/5000.0/LOC) GPU/0-bb000 (2/370.8/NVL) GPU/0-ca000 (2/370.8/NVL) GPU/0-db000 (2/370.8/NVL) NVS/0-0 (1/370.8/NVL) CPU/0-0 (3/10.0/SYS) CPU/0-1 (2/12.0/PHB) 
2025-12-12 13:28:36.211 dc53-p32-t108-n023:389994:390596 [2] NCCL INFO GPU/BB000 :GPU/0-18000 (2/370.8/NVL) GPU/0-41000 (2/370.8/NVL) GPU/0-4b000 (2/370.8/NVL) GPU/0-5d000 (2/370.8/NVL) GPU/0-9a000 (2/370.8/NVL) GPU/0-bb000 (0/5000.0/LOC) GPU/0-ca000 (2/370.8/NVL) GPU/0-db000 (2/370.8/NVL) NVS/0-0 (1/370.8/NVL) CPU/0-0 (3/10.0/SYS) CPU/0-1 (2/12.0/PHB) 
2025-12-12 13:28:36.211 dc53-p32-t108-n023:389994:390596 [2] NCCL INFO GPU/CA000 :GPU/0-18000 (2/370.8/NVL) GPU/0-41000 (2/370.8/NVL) GPU/0-4b000 (2/370.8/NVL) GPU/0-5d000 (2/370.8/NVL) GPU/0-9a000 (2/370.8/NVL) GPU/0-bb000 (2/370.8/NVL) GPU/0-ca000 (0/5000.0/LOC) GPU/0-db000 (2/370.8/NVL) NVS/0-0 (1/370.8/NVL) CPU/0-0 (3/10.0/SYS) CPU/0-1 (2/12.0/PHB) 
2025-12-12 13:28:36.211 dc53-p32-t108-n023:389994:390596 [2] NCCL INFO GPU/DB000 :GPU/0-18000 (2/370.8/NVL) GPU/0-41000 (2/370.8/NVL) GPU/0-4b000 (2/370.8/NVL) GPU/0-5d000 (2/370.8/NVL) GPU/0-9a000 (2/370.8/NVL) GPU/0-bb000 (2/370.8/NVL) GPU/0-ca000 (2/370.8/NVL) GPU/0-db000 (0/5000.0/LOC) NVS/0-0 (1/370.8/NVL) CPU/0-0 (3/10.0/SYS) CPU/0-1 (2/12.0/PHB) 
2025-12-12 13:28:36.208 dc53-p32-t108-n023:389993:390591 [1] NCCL INFO Setting affinity for GPU 1 to ffff,ffffffff,00000000,0000ffff,ffffffff
2025-12-12 13:28:36.211 dc53-p32-t108-n023:389994:390596 [2] NCCL INFO Setting affinity for GPU 2 to ffff,ffffffff,00000000,0000ffff,ffffffff
2025-12-12 13:28:36.211 dc53-p32-t108-n023:389994:390596 [2] NCCL INFO NCCL_NVLS_ENABLE set by environment to 0.
2025-12-12 13:28:36.208 dc53-p32-t108-n023:389993:390591 [1] NCCL INFO NCCL_NVLS_ENABLE set by environment to 0.
2025-12-12 13:28:36.209 dc53-p32-t108-n023:389995:390597 [3] NCCL INFO KV Convert to int : could not find value of 'Unknown speed' in dictionary, falling back to 60
2025-12-12 13:28:36.209 dc53-p32-t108-n023:389995:390597 [3] NCCL INFO KV Convert to int : could not find value of 'Unknown speed' in dictionary, falling back to 60
2025-12-12 13:28:36.209 dc53-p32-t108-n023:389995:390597 [3] NCCL INFO KV Convert to int : could not find value of 'Unknown speed' in dictionary, falling back to 60
2025-12-12 13:28:36.209 dc53-p32-t108-n023:389995:390597 [3] NCCL INFO KV Convert to int : could not find value of 'Unknown speed' in dictionary, falling back to 60
2025-12-12 13:28:36.209 dc53-p32-t108-n023:389995:390597 [3] NCCL INFO KV Convert to int : could not find value of 'Unknown speed' in dictionary, falling back to 60
2025-12-12 13:28:36.209 dc53-p32-t108-n023:389995:390597 [3] NCCL INFO KV Convert to int : could not find value of 'Unknown speed' in dictionary, falling back to 60
2025-12-12 13:28:36.209 dc53-p32-t108-n023:389995:390597 [3] NCCL INFO KV Convert to int : could not find value of 'Unknown speed' in dictionary, falling back to 60
2025-12-12 13:28:36.209 dc53-p32-t108-n023:389995:390597 [3] NCCL INFO KV Convert to int : could not find value of 'Unknown speed' in dictionary, falling back to 60
2025-12-12 13:28:36.209 dc53-p32-t108-n023:389995:390597 [3] NCCL INFO KV Convert to int : could not find value of 'Unknown speed' in dictionary, falling back to 60
2025-12-12 13:28:36.209 dc53-p32-t108-n023:389995:390597 [3] NCCL INFO KV Convert to int : could not find value of 'Unknown speed' in dictionary, falling back to 60
2025-12-12 13:28:36.209 dc53-p32-t108-n023:389995:390597 [3] NCCL INFO KV Convert to int : could not find value of 'Unknown speed' in dictionary, falling back to 60
2025-12-12 13:28:36.209 dc53-p32-t108-n023:389995:390597 [3] NCCL INFO KV Convert to int : could not find value of 'Unknown speed' in dictionary, falling back to 60
2025-12-12 13:28:36.209 dc53-p32-t108-n023:389995:390597 [3] NCCL INFO KV Convert to int : could not find value of 'Unknown speed' in dictionary, falling back to 60
2025-12-12 13:28:36.210 dc53-p32-t108-n023:389995:390597 [3] NCCL INFO KV Convert to int : could not find value of 'Unknown speed' in dictionary, falling back to 60
2025-12-12 13:28:36.210 dc53-p32-t108-n023:389995:390597 [3] NCCL INFO KV Convert to int : could not find value of 'Unknown speed' in dictionary, falling back to 60
2025-12-12 13:28:36.210 dc53-p32-t108-n023:389995:390597 [3] NCCL INFO KV Convert to int : could not find value of 'Unknown speed' in dictionary, falling back to 60
2025-12-12 13:28:36.210 dc53-p32-t108-n023:389995:390597 [3] NCCL INFO KV Convert to int : could not find value of 'Unknown speed' in dictionary, falling back to 60
2025-12-12 13:28:36.210 dc53-p32-t108-n023:389995:390597 [3] NCCL INFO KV Convert to int : could not find value of 'Unknown speed' in dictionary, falling back to 60
2025-12-12 13:28:36.210 dc53-p32-t108-n023:389995:390597 [3] NCCL INFO KV Convert to int : could not find value of 'Unknown speed' in dictionary, falling back to 60
2025-12-12 13:28:36.210 dc53-p32-t108-n023:389995:390597 [3] NCCL INFO KV Convert to int : could not find value of 'Unknown speed' in dictionary, falling back to 60
2025-12-12 13:28:36.210 dc53-p32-t108-n023:389995:390597 [3] NCCL INFO KV Convert to int : could not find value of 'Unknown speed' in dictionary, falling back to 60
2025-12-12 13:28:36.210 dc53-p32-t108-n023:389995:390597 [3] NCCL INFO KV Convert to int : could not find value of 'Unknown speed' in dictionary, falling back to 60
2025-12-12 13:28:36.210 dc53-p32-t108-n023:389995:390597 [3] NCCL INFO KV Convert to int : could not find value of 'Unknown speed' in dictionary, falling back to 60
2025-12-12 13:28:36.210 dc53-p32-t108-n023:389995:390597 [3] NCCL INFO KV Convert to int : could not find value of 'Unknown speed' in dictionary, falling back to 60
2025-12-12 13:28:36.210 dc53-p32-t108-n023:389995:390597 [3] NCCL INFO KV Convert to int : could not find value of 'Unknown speed' in dictionary, falling back to 60
2025-12-12 13:28:36.210 dc53-p32-t108-n023:389994:390596 [2] NCCL INFO === System : maxBw 370.8 totalBw 370.8 ===
2025-12-12 13:28:36.210 dc53-p32-t108-n023:389994:390596 [2] NCCL INFO CPU/0-0 (1/1/2)
2025-12-12 13:28:36.210 dc53-p32-t108-n023:389994:390596 [2] NCCL INFO + PCI[12.0] - PCI/0-16000 (1000c0301000100b)
2025-12-12 13:28:36.210 dc53-p32-t108-n023:389994:390596 [2] NCCL INFO               + PCI[12.0] - GPU/0-18000 (0)
2025-12-12 13:28:36.210 dc53-p32-t108-n023:389994:390596 [2] NCCL INFO                             + NVL[370.8] - NVS/0
2025-12-12 13:28:36.210 dc53-p32-t108-n023:389994:390596 [2] NCCL INFO + PCI[12.0] - PCI/0-38000 (1000c0301000100b)
2025-12-12 13:28:36.210 dc53-p32-t108-n023:389994:390596 [2] NCCL INFO               + PCI[12.0] - NIC/0-3a000
2025-12-12 13:28:36.210 dc53-p32-t108-n023:389994:390596 [2] NCCL INFO               + PCI[12.0] - GPU/0-41000 (1)
2025-12-12 13:28:36.210 dc53-p32-t108-n023:389994:390596 [2] NCCL INFO                             + NVL[370.8] - NVS/0
2025-12-12 13:28:36.210 dc53-p32-t108-n023:389994:390596 [2] NCCL INFO + PCI[12.0] - PCI/0-49000 (1000c0301000100b)
2025-12-12 13:28:36.210 dc53-p32-t108-n023:389994:390596 [2] NCCL INFO               + PCI[12.0] - GPU/0-4b000 (2)
2025-12-12 13:28:36.210 dc53-p32-t108-n023:389994:390596 [2] NCCL INFO                             + NVL[370.8] - NVS/0
2025-12-12 13:28:36.210 dc53-p32-t108-n023:389994:390596 [2] NCCL INFO               + PCI[12.0] - NIC/0-4c000
2025-12-12 13:28:36.210 dc53-p32-t108-n023:389994:390596 [2] NCCL INFO + PCI[12.0] - PCI/0-5a000 (1000c0301000100b)
2025-12-12 13:28:36.210 dc53-p32-t108-n023:389994:390596 [2] NCCL INFO               + PCI[12.0] - NIC/0-5c000
2025-12-12 13:28:36.210 dc53-p32-t108-n023:389994:390596 [2] NCCL INFO               + PCI[12.0] - GPU/0-5d000 (3)
2025-12-12 13:28:36.210 dc53-p32-t108-n023:389994:390596 [2] NCCL INFO                             + NVL[370.8] - NVS/0
2025-12-12 13:28:36.210 dc53-p32-t108-n023:389994:390596 [2] NCCL INFO + SYS[10.0] - CPU/1
2025-12-12 13:28:36.210 dc53-p32-t108-n023:389994:390596 [2] NCCL INFO + PCI[6.0] - NIC/0-27000
2025-12-12 13:28:36.210 dc53-p32-t108-n023:389994:390596 [2] NCCL INFO CPU/0-1 (1/1/2)
2025-12-12 13:28:36.210 dc53-p32-t108-n023:389994:390596 [2] NCCL INFO + PCI[12.0] - PCI/0-98000 (1000c0301000100b)
2025-12-12 13:28:36.210 dc53-p32-t108-n023:389994:390596 [2] NCCL INFO               + PCI[12.0] - GPU/0-9a000 (4)
2025-12-12 13:28:36.210 dc53-p32-t108-n023:389994:390596 [2] NCCL INFO                             + NVL[370.8] - NVS/0
2025-12-12 13:28:36.210 dc53-p32-t108-n023:389994:390596 [2] NCCL INFO               + PCI[12.0] - NIC/0-9b000
2025-12-12 13:28:36.210 dc53-p32-t108-n023:389994:390596 [2] NCCL INFO + PCI[12.0] - PCI/0-b8000 (1000c0301000100b)
2025-12-12 13:28:36.210 dc53-p32-t108-n023:389994:390596 [2] NCCL INFO               + PCI[12.0] - NIC/0-ba000
2025-12-12 13:28:36.210 dc53-p32-t108-n023:389994:390596 [2] NCCL INFO               + PCI[12.0] - GPU/0-bb000 (5)
2025-12-12 13:28:36.210 dc53-p32-t108-n023:389994:390596 [2] NCCL INFO                             + NVL[370.8] - NVS/0
2025-12-12 13:28:36.210 dc53-p32-t108-n023:389994:390596 [2] NCCL INFO + PCI[12.0] - PCI/0-c8000 (1000c0301000100b)
2025-12-12 13:28:36.210 dc53-p32-t108-n023:389994:390596 [2] NCCL INFO               + PCI[12.0] - GPU/0-ca000 (6)
2025-12-12 13:28:36.210 dc53-p32-t108-n023:389994:390596 [2] NCCL INFO                             + NVL[370.8] - NVS/0
2025-12-12 13:28:36.210 dc53-p32-t108-n023:389994:390596 [2] NCCL INFO               + PCI[12.0] - NIC/0-cb000
2025-12-12 13:28:36.210 dc53-p32-t108-n023:389994:390596 [2] NCCL INFO + PCI[12.0] - PCI/0-d8000 (1000c0301000100b)
2025-12-12 13:28:36.211 dc53-p32-t108-n023:389994:390596 [2] NCCL INFO               + PCI[12.0] - NIC/0-da000
2025-12-12 13:28:36.211 dc53-p32-t108-n023:389994:390596 [2] NCCL INFO               + PCI[12.0] - GPU/0-db000 (7)
2025-12-12 13:28:36.211 dc53-p32-t108-n023:389994:390596 [2] NCCL INFO                             + NVL[370.8] - NVS/0
2025-12-12 13:28:36.211 dc53-p32-t108-n023:389994:390596 [2] NCCL INFO + SYS[10.0] - CPU/0
2025-12-12 13:28:36.211 dc53-p32-t108-n023:389994:390596 [2] NCCL INFO + PCI[6.0] - NIC/0-a8000
2025-12-12 13:28:36.211 dc53-p32-t108-n023:389994:390596 [2] NCCL INFO ==========================================
2025-12-12 13:28:36.211 dc53-p32-t108-n023:389994:390596 [2] NCCL INFO GPU/18000 :GPU/0-18000 (0/5000.0/LOC) GPU/0-41000 (2/370.8/NVL) GPU/0-4b000 (2/370.8/NVL) GPU/0-5d000 (2/370.8/NVL) GPU/0-9a000 (2/370.8/NVL) GPU/0-bb000 (2/370.8/NVL) GPU/0-ca000 (2/370.8/NVL) GPU/0-db000 (2/370.8/NVL) NVS/0-0 (1/370.8/NVL) CPU/0-0 (2/12.0/PHB) CPU/0-1 (3/10.0/SYS) 
2025-12-12 13:28:36.211 dc53-p32-t108-n023:389994:390596 [2] NCCL INFO GPU/41000 :GPU/0-18000 (2/370.8/NVL) GPU/0-41000 (0/5000.0/LOC) GPU/0-4b000 (2/370.8/NVL) GPU/0-5d000 (2/370.8/NVL) GPU/0-9a000 (2/370.8/NVL) GPU/0-bb000 (2/370.8/NVL) GPU/0-ca000 (2/370.8/NVL) GPU/0-db000 (2/370.8/NVL) NVS/0-0 (1/370.8/NVL) CPU/0-0 (2/12.0/PHB) CPU/0-1 (3/10.0/SYS) 
2025-12-12 13:28:36.211 dc53-p32-t108-n023:389994:390596 [2] NCCL INFO GPU/4B000 :GPU/0-18000 (2/370.8/NVL) GPU/0-41000 (2/370.8/NVL) GPU/0-4b000 (0/5000.0/LOC) GPU/0-5d000 (2/370.8/NVL) GPU/0-9a000 (2/370.8/NVL) GPU/0-bb000 (2/370.8/NVL) GPU/0-ca000 (2/370.8/NVL) GPU/0-db000 (2/370.8/NVL) NVS/0-0 (1/370.8/NVL) CPU/0-0 (2/12.0/PHB) CPU/0-1 (3/10.0/SYS) 
2025-12-12 13:28:36.211 dc53-p32-t108-n023:389994:390596 [2] NCCL INFO GPU/5D000 :GPU/0-18000 (2/370.8/NVL) GPU/0-41000 (2/370.8/NVL) GPU/0-4b000 (2/370.8/NVL) GPU/0-5d000 (0/5000.0/LOC) GPU/0-9a000 (2/370.8/NVL) GPU/0-bb000 (2/370.8/NVL) GPU/0-ca000 (2/370.8/NVL) GPU/0-db000 (2/370.8/NVL) NVS/0-0 (1/370.8/NVL) CPU/0-0 (2/12.0/PHB) CPU/0-1 (3/10.0/SYS) 
2025-12-12 13:28:36.211 dc53-p32-t108-n023:389994:390596 [2] NCCL INFO GPU/9A000 :GPU/0-18000 (2/370.8/NVL) GPU/0-41000 (2/370.8/NVL) GPU/0-4b000 (2/370.8/NVL) GPU/0-5d000 (2/370.8/NVL) GPU/0-9a000 (0/5000.0/LOC) GPU/0-bb000 (2/370.8/NVL) GPU/0-ca000 (2/370.8/NVL) GPU/0-db000 (2/370.8/NVL) NVS/0-0 (1/370.8/NVL) CPU/0-0 (3/10.0/SYS) CPU/0-1 (2/12.0/PHB) 
2025-12-12 13:28:36.211 dc53-p32-t108-n023:389994:390596 [2] NCCL INFO GPU/BB000 :GPU/0-18000 (2/370.8/NVL) GPU/0-41000 (2/370.8/NVL) GPU/0-4b000 (2/370.8/NVL) GPU/0-5d000 (2/370.8/NVL) GPU/0-9a000 (2/370.8/NVL) GPU/0-bb000 (0/5000.0/LOC) GPU/0-ca000 (2/370.8/NVL) GPU/0-db000 (2/370.8/NVL) NVS/0-0 (1/370.8/NVL) CPU/0-0 (3/10.0/SYS) CPU/0-1 (2/12.0/PHB) 
2025-12-12 13:28:36.211 dc53-p32-t108-n023:389994:390596 [2] NCCL INFO GPU/CA000 :GPU/0-18000 (2/370.8/NVL) GPU/0-41000 (2/370.8/NVL) GPU/0-4b000 (2/370.8/NVL) GPU/0-5d000 (2/370.8/NVL) GPU/0-9a000 (2/370.8/NVL) GPU/0-bb000 (2/370.8/NVL) GPU/0-ca000 (0/5000.0/LOC) GPU/0-db000 (2/370.8/NVL) NVS/0-0 (1/370.8/NVL) CPU/0-0 (3/10.0/SYS) CPU/0-1 (2/12.0/PHB) 
2025-12-12 13:28:36.214 dc53-p32-t108-n023:389997:390595 [5] NCCL INFO KV Convert to int : could not find value of 'Unknown speed' in dictionary, falling back to 60
2025-12-12 13:28:36.214 dc53-p32-t108-n023:389997:390595 [5] NCCL INFO KV Convert to int : could not find value of 'Unknown speed' in dictionary, falling back to 60
2025-12-12 13:28:36.214 dc53-p32-t108-n023:389997:390595 [5] NCCL INFO KV Convert to int : could not find value of 'Unknown speed' in dictionary, falling back to 60
2025-12-12 13:28:36.214 dc53-p32-t108-n023:389997:390595 [5] NCCL INFO KV Convert to int : could not find value of 'Unknown speed' in dictionary, falling back to 60
2025-12-12 13:28:36.214 dc53-p32-t108-n023:389997:390595 [5] NCCL INFO KV Convert to int : could not find value of 'Unknown speed' in dictionary, falling back to 60
2025-12-12 13:28:36.214 dc53-p32-t108-n023:389997:390595 [5] NCCL INFO KV Convert to int : could not find value of 'Unknown speed' in dictionary, falling back to 60
2025-12-12 13:28:36.214 dc53-p32-t108-n023:389997:390595 [5] NCCL INFO KV Convert to int : could not find value of 'Unknown speed' in dictionary, falling back to 60
2025-12-12 13:28:36.214 dc53-p32-t108-n023:389997:390595 [5] NCCL INFO KV Convert to int : could not find value of 'Unknown speed' in dictionary, falling back to 60
2025-12-12 13:28:36.214 dc53-p32-t108-n023:389997:390595 [5] NCCL INFO KV Convert to int : could not find value of 'Unknown speed' in dictionary, falling back to 60
2025-12-12 13:28:36.214 dc53-p32-t108-n023:389997:390595 [5] NCCL INFO KV Convert to int : could not find value of 'Unknown speed' in dictionary, falling back to 60
2025-12-12 13:28:36.214 dc53-p32-t108-n023:389997:390595 [5] NCCL INFO KV Convert to int : could not find value of 'Unknown speed' in dictionary, falling back to 60
2025-12-12 13:28:36.214 dc53-p32-t108-n023:389997:390595 [5] NCCL INFO KV Convert to int : could not find value of 'Unknown speed' in dictionary, falling back to 60
2025-12-12 13:28:36.214 dc53-p32-t108-n023:389997:390595 [5] NCCL INFO KV Convert to int : could not find value of 'Unknown speed' in dictionary, falling back to 60
2025-12-12 13:28:36.214 dc53-p32-t108-n023:389995:390597 [3] NCCL INFO === System : maxBw 370.8 totalBw 370.8 ===
2025-12-12 13:28:36.214 dc53-p32-t108-n023:389995:390597 [3] NCCL INFO CPU/0-0 (1/1/2)
2025-12-12 13:28:36.214 dc53-p32-t108-n023:389997:390595 [5] NCCL INFO KV Convert to int : could not find value of 'Unknown speed' in dictionary, falling back to 60
2025-12-12 13:28:36.214 dc53-p32-t108-n023:389997:390595 [5] NCCL INFO KV Convert to int : could not find value of 'Unknown speed' in dictionary, falling back to 60
2025-12-12 13:28:36.214 dc53-p32-t108-n023:389995:390597 [3] NCCL INFO + PCI[12.0] - PCI/0-16000 (1000c0301000100b)
2025-12-12 13:28:36.214 dc53-p32-t108-n023:389995:390597 [3] NCCL INFO               + PCI[12.0] - GPU/0-18000 (0)
2025-12-12 13:28:36.214 dc53-p32-t108-n023:389997:390595 [5] NCCL INFO KV Convert to int : could not find value of 'Unknown speed' in dictionary, falling back to 60
2025-12-12 13:28:36.214 dc53-p32-t108-n023:389995:390597 [3] NCCL INFO                             + NVL[370.8] - NVS/0
2025-12-12 13:28:36.214 dc53-p32-t108-n023:389995:390597 [3] NCCL INFO + PCI[12.0] - PCI/0-38000 (1000c0301000100b)
2025-12-12 13:28:36.214 dc53-p32-t108-n023:389997:390595 [5] NCCL INFO KV Convert to int : could not find value of 'Unknown speed' in dictionary, falling back to 60
2025-12-12 13:28:36.214 dc53-p32-t108-n023:389995:390597 [3] NCCL INFO               + PCI[12.0] - NIC/0-3a000
2025-12-12 13:28:36.211 dc53-p32-t108-n023:389994:390596 [2] NCCL INFO GPU/DB000 :GPU/0-18000 (2/370.8/NVL) GPU/0-41000 (2/370.8/NVL) GPU/0-4b000 (2/370.8/NVL) GPU/0-5d000 (2/370.8/NVL) GPU/0-9a000 (2/370.8/NVL) GPU/0-bb000 (2/370.8/NVL) GPU/0-ca000 (2/370.8/NVL) GPU/0-db000 (0/5000.0/LOC) NVS/0-0 (1/370.8/NVL) CPU/0-0 (3/10.0/SYS) CPU/0-1 (2/12.0/PHB) 
2025-12-12 13:28:36.214 dc53-p32-t108-n023:389995:390597 [3] NCCL INFO               + PCI[12.0] - GPU/0-41000 (1)
2025-12-12 13:28:36.214 dc53-p32-t108-n023:389997:390595 [5] NCCL INFO KV Convert to int : could not find value of 'Unknown speed' in dictionary, falling back to 60
2025-12-12 13:28:36.214 dc53-p32-t108-n023:389997:390595 [5] NCCL INFO KV Convert to int : could not find value of 'Unknown speed' in dictionary, falling back to 60
2025-12-12 13:28:36.214 dc53-p32-t108-n023:389995:390597 [3] NCCL INFO                             + NVL[370.8] - NVS/0
2025-12-12 13:28:36.214 dc53-p32-t108-n023:389997:390595 [5] NCCL INFO KV Convert to int : could not find value of 'Unknown speed' in dictionary, falling back to 60
2025-12-12 13:28:36.214 dc53-p32-t108-n023:389995:390597 [3] NCCL INFO + PCI[12.0] - PCI/0-49000 (1000c0301000100b)
2025-12-12 13:28:36.214 dc53-p32-t108-n023:389995:390597 [3] NCCL INFO               + PCI[12.0] - GPU/0-4b000 (2)
2025-12-12 13:28:36.214 dc53-p32-t108-n023:389997:390595 [5] NCCL INFO KV Convert to int : could not find value of 'Unknown speed' in dictionary, falling back to 60
2025-12-12 13:28:36.214 dc53-p32-t108-n023:389995:390597 [3] NCCL INFO                             + NVL[370.8] - NVS/0
2025-12-12 13:28:36.214 dc53-p32-t108-n023:389997:390595 [5] NCCL INFO KV Convert to int : could not find value of 'Unknown speed' in dictionary, falling back to 60
2025-12-12 13:28:36.214 dc53-p32-t108-n023:389995:390597 [3] NCCL INFO               + PCI[12.0] - NIC/0-4c000
2025-12-12 13:28:36.214 dc53-p32-t108-n023:389995:390597 [3] NCCL INFO + PCI[12.0] - PCI/0-5a000 (1000c0301000100b)
2025-12-12 13:28:36.214 dc53-p32-t108-n023:389995:390597 [3] NCCL INFO               + PCI[12.0] - NIC/0-5c000
2025-12-12 13:28:36.214 dc53-p32-t108-n023:389997:390595 [5] NCCL INFO KV Convert to int : could not find value of 'Unknown speed' in dictionary, falling back to 60
2025-12-12 13:28:36.214 dc53-p32-t108-n023:389995:390597 [3] NCCL INFO               + PCI[12.0] - GPU/0-5d000 (3)
2025-12-12 13:28:36.214 dc53-p32-t108-n023:389995:390597 [3] NCCL INFO                             + NVL[370.8] - NVS/0
2025-12-12 13:28:36.214 dc53-p32-t108-n023:389997:390595 [5] NCCL INFO KV Convert to int : could not find value of 'Unknown speed' in dictionary, falling back to 60
2025-12-12 13:28:36.214 dc53-p32-t108-n023:389995:390597 [3] NCCL INFO + SYS[10.0] - CPU/1
2025-12-12 13:28:36.214 dc53-p32-t108-n023:389997:390595 [5] NCCL INFO KV Convert to int : could not find value of 'Unknown speed' in dictionary, falling back to 60
2025-12-12 13:28:36.214 dc53-p32-t108-n023:389995:390597 [3] NCCL INFO + PCI[6.0] - NIC/0-27000
2025-12-12 13:28:36.214 dc53-p32-t108-n023:389995:390597 [3] NCCL INFO CPU/0-1 (1/1/2)
2025-12-12 13:28:36.214 dc53-p32-t108-n023:389995:390597 [3] NCCL INFO + PCI[12.0] - PCI/0-98000 (1000c0301000100b)
2025-12-12 13:28:36.214 dc53-p32-t108-n023:389995:390597 [3] NCCL INFO               + PCI[12.0] - GPU/0-9a000 (4)
2025-12-12 13:28:36.214 dc53-p32-t108-n023:389995:390597 [3] NCCL INFO                             + NVL[370.8] - NVS/0
2025-12-12 13:28:36.214 dc53-p32-t108-n023:389995:390597 [3] NCCL INFO               + PCI[12.0] - NIC/0-9b000
2025-12-12 13:28:36.214 dc53-p32-t108-n023:389995:390597 [3] NCCL INFO + PCI[12.0] - PCI/0-b8000 (1000c0301000100b)
2025-12-12 13:28:36.214 dc53-p32-t108-n023:389995:390597 [3] NCCL INFO               + PCI[12.0] - NIC/0-ba000
2025-12-12 13:28:36.214 dc53-p32-t108-n023:389995:390597 [3] NCCL INFO               + PCI[12.0] - GPU/0-bb000 (5)
2025-12-12 13:28:36.211 dc53-p32-t108-n023:389994:390596 [2] NCCL INFO Setting affinity for GPU 2 to ffff,ffffffff,00000000,0000ffff,ffffffff
2025-12-12 13:28:36.214 dc53-p32-t108-n023:389995:390597 [3] NCCL INFO                             + NVL[370.8] - NVS/0
2025-12-12 13:28:36.214 dc53-p32-t108-n023:389995:390597 [3] NCCL INFO + PCI[12.0] - PCI/0-c8000 (1000c0301000100b)
2025-12-12 13:28:36.214 dc53-p32-t108-n023:389995:390597 [3] NCCL INFO               + PCI[12.0] - GPU/0-ca000 (6)
2025-12-12 13:28:36.214 dc53-p32-t108-n023:389995:390597 [3] NCCL INFO                             + NVL[370.8] - NVS/0
2025-12-12 13:28:36.214 dc53-p32-t108-n023:389995:390597 [3] NCCL INFO               + PCI[12.0] - NIC/0-cb000
2025-12-12 13:28:36.214 dc53-p32-t108-n023:389995:390597 [3] NCCL INFO + PCI[12.0] - PCI/0-d8000 (1000c0301000100b)
2025-12-12 13:28:36.214 dc53-p32-t108-n023:389995:390597 [3] NCCL INFO               + PCI[12.0] - NIC/0-da000
2025-12-12 13:28:36.214 dc53-p32-t108-n023:389995:390597 [3] NCCL INFO               + PCI[12.0] - GPU/0-db000 (7)
2025-12-12 13:28:36.214 dc53-p32-t108-n023:389995:390597 [3] NCCL INFO                             + NVL[370.8] - NVS/0
2025-12-12 13:28:36.214 dc53-p32-t108-n023:389995:390597 [3] NCCL INFO + SYS[10.0] - CPU/0
2025-12-12 13:28:36.214 dc53-p32-t108-n023:389995:390597 [3] NCCL INFO + PCI[6.0] - NIC/0-a8000
2025-12-12 13:28:36.214 dc53-p32-t108-n023:389995:390597 [3] NCCL INFO ==========================================
2025-12-12 13:28:36.214 dc53-p32-t108-n023:389995:390597 [3] NCCL INFO GPU/18000 :GPU/0-18000 (0/5000.0/LOC) GPU/0-41000 (2/370.8/NVL) GPU/0-4b000 (2/370.8/NVL) GPU/0-5d000 (2/370.8/NVL) GPU/0-9a000 (2/370.8/NVL) GPU/0-bb000 (2/370.8/NVL) GPU/0-ca000 (2/370.8/NVL) GPU/0-db000 (2/370.8/NVL) NVS/0-0 (1/370.8/NVL) CPU/0-0 (2/12.0/PHB) CPU/0-1 (3/10.0/SYS) 
2025-12-12 13:28:36.211 dc53-p32-t108-n023:389994:390596 [2] NCCL INFO NCCL_NVLS_ENABLE set by environment to 0.
2025-12-12 13:28:36.214 dc53-p32-t108-n023:389995:390597 [3] NCCL INFO GPU/41000 :GPU/0-18000 (2/370.8/NVL) GPU/0-41000 (0/5000.0/LOC) GPU/0-4b000 (2/370.8/NVL) GPU/0-5d000 (2/370.8/NVL) GPU/0-9a000 (2/370.8/NVL) GPU/0-bb000 (2/370.8/NVL) GPU/0-ca000 (2/370.8/NVL) GPU/0-db000 (2/370.8/NVL) NVS/0-0 (1/370.8/NVL) CPU/0-0 (2/12.0/PHB) CPU/0-1 (3/10.0/SYS) 
2025-12-12 13:28:36.214 dc53-p32-t108-n023:389995:390597 [3] NCCL INFO GPU/4B000 :GPU/0-18000 (2/370.8/NVL) GPU/0-41000 (2/370.8/NVL) GPU/0-4b000 (0/5000.0/LOC) GPU/0-5d000 (2/370.8/NVL) GPU/0-9a000 (2/370.8/NVL) GPU/0-bb000 (2/370.8/NVL) GPU/0-ca000 (2/370.8/NVL) GPU/0-db000 (2/370.8/NVL) NVS/0-0 (1/370.8/NVL) CPU/0-0 (2/12.0/PHB) CPU/0-1 (3/10.0/SYS) 
2025-12-12 13:28:36.214 dc53-p32-t108-n023:389995:390597 [3] NCCL INFO GPU/5D000 :GPU/0-18000 (2/370.8/NVL) GPU/0-41000 (2/370.8/NVL) GPU/0-4b000 (2/370.8/NVL) GPU/0-5d000 (0/5000.0/LOC) GPU/0-9a000 (2/370.8/NVL) GPU/0-bb000 (2/370.8/NVL) GPU/0-ca000 (2/370.8/NVL) GPU/0-db000 (2/370.8/NVL) NVS/0-0 (1/370.8/NVL) CPU/0-0 (2/12.0/PHB) CPU/0-1 (3/10.0/SYS) 
2025-12-12 13:28:36.214 dc53-p32-t108-n023:389995:390597 [3] NCCL INFO GPU/9A000 :GPU/0-18000 (2/370.8/NVL) GPU/0-41000 (2/370.8/NVL) GPU/0-4b000 (2/370.8/NVL) GPU/0-5d000 (2/370.8/NVL) GPU/0-9a000 (0/5000.0/LOC) GPU/0-bb000 (2/370.8/NVL) GPU/0-ca000 (2/370.8/NVL) GPU/0-db000 (2/370.8/NVL) NVS/0-0 (1/370.8/NVL) CPU/0-0 (3/10.0/SYS) CPU/0-1 (2/12.0/PHB) 
2025-12-12 13:28:36.214 dc53-p32-t108-n023:389995:390597 [3] NCCL INFO GPU/BB000 :GPU/0-18000 (2/370.8/NVL) GPU/0-41000 (2/370.8/NVL) GPU/0-4b000 (2/370.8/NVL) GPU/0-5d000 (2/370.8/NVL) GPU/0-9a000 (2/370.8/NVL) GPU/0-bb000 (0/5000.0/LOC) GPU/0-ca000 (2/370.8/NVL) GPU/0-db000 (2/370.8/NVL) NVS/0-0 (1/370.8/NVL) CPU/0-0 (3/10.0/SYS) CPU/0-1 (2/12.0/PHB) 
2025-12-12 13:28:36.214 dc53-p32-t108-n023:389995:390597 [3] NCCL INFO GPU/CA000 :GPU/0-18000 (2/370.8/NVL) GPU/0-41000 (2/370.8/NVL) GPU/0-4b000 (2/370.8/NVL) GPU/0-5d000 (2/370.8/NVL) GPU/0-9a000 (2/370.8/NVL) GPU/0-bb000 (2/370.8/NVL) GPU/0-ca000 (0/5000.0/LOC) GPU/0-db000 (2/370.8/NVL) NVS/0-0 (1/370.8/NVL) CPU/0-0 (3/10.0/SYS) CPU/0-1 (2/12.0/PHB) 
2025-12-12 13:28:36.214 dc53-p32-t108-n023:389997:390595 [5] NCCL INFO KV Convert to int : could not find value of 'Unknown speed' in dictionary, falling back to 60
2025-12-12 13:28:36.214 dc53-p32-t108-n023:389995:390597 [3] NCCL INFO GPU/DB000 :GPU/0-18000 (2/370.8/NVL) GPU/0-41000 (2/370.8/NVL) GPU/0-4b000 (2/370.8/NVL) GPU/0-5d000 (2/370.8/NVL) GPU/0-9a000 (2/370.8/NVL) GPU/0-bb000 (2/370.8/NVL) GPU/0-ca000 (2/370.8/NVL) GPU/0-db000 (0/5000.0/LOC) NVS/0-0 (1/370.8/NVL) CPU/0-0 (3/10.0/SYS) CPU/0-1 (2/12.0/PHB) 
2025-12-12 13:28:36.214 dc53-p32-t108-n023:389995:390597 [3] NCCL INFO Setting affinity for GPU 3 to ffff,ffffffff,00000000,0000ffff,ffffffff
2025-12-12 13:28:36.214 dc53-p32-t108-n023:389995:390597 [3] NCCL INFO NCCL_NVLS_ENABLE set by environment to 0.
2025-12-12 13:28:36.214 dc53-p32-t108-n023:389997:390595 [5] NCCL INFO KV Convert to int : could not find value of 'Unknown speed' in dictionary, falling back to 60
2025-12-12 13:28:36.214 dc53-p32-t108-n023:389997:390595 [5] NCCL INFO KV Convert to int : could not find value of 'Unknown speed' in dictionary, falling back to 60
2025-12-12 13:28:36.214 dc53-p32-t108-n023:389997:390595 [5] NCCL INFO KV Convert to int : could not find value of 'Unknown speed' in dictionary, falling back to 60
2025-12-12 13:28:36.214 dc53-p32-t108-n023:389997:390595 [5] NCCL INFO KV Convert to int : could not find value of 'Unknown speed' in dictionary, falling back to 60
2025-12-12 13:28:36.214 dc53-p32-t108-n023:389997:390595 [5] NCCL INFO KV Convert to int : could not find value of 'Unknown speed' in dictionary, falling back to 60
2025-12-12 13:28:36.214 dc53-p32-t108-n023:389997:390595 [5] NCCL INFO KV Convert to int : could not find value of 'Unknown speed' in dictionary, falling back to 60
2025-12-12 13:28:36.214 dc53-p32-t108-n023:389997:390595 [5] NCCL INFO KV Convert to int : could not find value of 'Unknown speed' in dictionary, falling back to 60
2025-12-12 13:28:36.214 dc53-p32-t108-n023:389997:390595 [5] NCCL INFO KV Convert to int : could not find value of 'Unknown speed' in dictionary, falling back to 60
2025-12-12 13:28:36.214 dc53-p32-t108-n023:389997:390595 [5] NCCL INFO KV Convert to int : could not find value of 'Unknown speed' in dictionary, falling back to 60
2025-12-12 13:28:36.214 dc53-p32-t108-n023:389997:390595 [5] NCCL INFO KV Convert to int : could not find value of 'Unknown speed' in dictionary, falling back to 60
2025-12-12 13:28:36.214 dc53-p32-t108-n023:389997:390595 [5] NCCL INFO KV Convert to int : could not find value of 'Unknown speed' in dictionary, falling back to 60
2025-12-12 13:28:36.214 dc53-p32-t108-n023:389997:390595 [5] NCCL INFO KV Convert to int : could not find value of 'Unknown speed' in dictionary, falling back to 60
2025-12-12 13:28:36.214 dc53-p32-t108-n023:389995:390597 [3] NCCL INFO === System : maxBw 370.8 totalBw 370.8 ===
2025-12-12 13:28:36.214 dc53-p32-t108-n023:389995:390597 [3] NCCL INFO CPU/0-0 (1/1/2)
2025-12-12 13:28:36.214 dc53-p32-t108-n023:389997:390595 [5] NCCL INFO KV Convert to int : could not find value of 'Unknown speed' in dictionary, falling back to 60
2025-12-12 13:28:36.214 dc53-p32-t108-n023:389997:390595 [5] NCCL INFO KV Convert to int : could not find value of 'Unknown speed' in dictionary, falling back to 60
2025-12-12 13:28:36.215 dc53-p32-t108-n023:389999:390592 [7] NCCL INFO KV Convert to int : could not find value of 'Unknown speed' in dictionary, falling back to 60
2025-12-12 13:28:36.215 dc53-p32-t108-n023:389999:390592 [7] NCCL INFO KV Convert to int : could not find value of 'Unknown speed' in dictionary, falling back to 60
2025-12-12 13:28:36.215 dc53-p32-t108-n023:389999:390592 [7] NCCL INFO KV Convert to int : could not find value of 'Unknown speed' in dictionary, falling back to 60
2025-12-12 13:28:36.215 dc53-p32-t108-n023:389999:390592 [7] NCCL INFO KV Convert to int : could not find value of 'Unknown speed' in dictionary, falling back to 60
2025-12-12 13:28:36.215 dc53-p32-t108-n023:389999:390592 [7] NCCL INFO KV Convert to int : could not find value of 'Unknown speed' in dictionary, falling back to 60
2025-12-12 13:28:36.215 dc53-p32-t108-n023:389999:390592 [7] NCCL INFO KV Convert to int : could not find value of 'Unknown speed' in dictionary, falling back to 60
2025-12-12 13:28:36.214 dc53-p32-t108-n023:389995:390597 [3] NCCL INFO + PCI[12.0] - PCI/0-16000 (1000c0301000100b)
2025-12-12 13:28:36.215 dc53-p32-t108-n023:389999:390592 [7] NCCL INFO KV Convert to int : could not find value of 'Unknown speed' in dictionary, falling back to 60
2025-12-12 13:28:36.215 dc53-p32-t108-n023:389999:390592 [7] NCCL INFO KV Convert to int : could not find value of 'Unknown speed' in dictionary, falling back to 60
2025-12-12 13:28:36.215 dc53-p32-t108-n023:389999:390592 [7] NCCL INFO KV Convert to int : could not find value of 'Unknown speed' in dictionary, falling back to 60
2025-12-12 13:28:36.215 dc53-p32-t108-n023:389999:390592 [7] NCCL INFO KV Convert to int : could not find value of 'Unknown speed' in dictionary, falling back to 60
2025-12-12 13:28:36.215 dc53-p32-t108-n023:389999:390592 [7] NCCL INFO KV Convert to int : could not find value of 'Unknown speed' in dictionary, falling back to 60
2025-12-12 13:28:36.215 dc53-p32-t108-n023:389999:390592 [7] NCCL INFO KV Convert to int : could not find value of 'Unknown speed' in dictionary, falling back to 60
2025-12-12 13:28:36.215 dc53-p32-t108-n023:389999:390592 [7] NCCL INFO KV Convert to int : could not find value of 'Unknown speed' in dictionary, falling back to 60
2025-12-12 13:28:36.215 dc53-p32-t108-n023:389999:390592 [7] NCCL INFO KV Convert to int : could not find value of 'Unknown speed' in dictionary, falling back to 60
2025-12-12 13:28:36.215 dc53-p32-t108-n023:389999:390592 [7] NCCL INFO KV Convert to int : could not find value of 'Unknown speed' in dictionary, falling back to 60
2025-12-12 13:28:36.214 dc53-p32-t108-n023:389995:390597 [3] NCCL INFO               + PCI[12.0] - GPU/0-18000 (0)
2025-12-12 13:28:36.215 dc53-p32-t108-n023:389999:390592 [7] NCCL INFO KV Convert to int : could not find value of 'Unknown speed' in dictionary, falling back to 60
2025-12-12 13:28:36.215 dc53-p32-t108-n023:389999:390592 [7] NCCL INFO KV Convert to int : could not find value of 'Unknown speed' in dictionary, falling back to 60
2025-12-12 13:28:36.215 dc53-p32-t108-n023:389999:390592 [7] NCCL INFO KV Convert to int : could not find value of 'Unknown speed' in dictionary, falling back to 60
2025-12-12 13:28:36.215 dc53-p32-t108-n023:389999:390592 [7] NCCL INFO KV Convert to int : could not find value of 'Unknown speed' in dictionary, falling back to 60
2025-12-12 13:28:36.215 dc53-p32-t108-n023:389999:390592 [7] NCCL INFO KV Convert to int : could not find value of 'Unknown speed' in dictionary, falling back to 60
2025-12-12 13:28:36.215 dc53-p32-t108-n023:389999:390592 [7] NCCL INFO KV Convert to int : could not find value of 'Unknown speed' in dictionary, falling back to 60
2025-12-12 13:28:36.215 dc53-p32-t108-n023:389999:390592 [7] NCCL INFO KV Convert to int : could not find value of 'Unknown speed' in dictionary, falling back to 60
2025-12-12 13:28:36.215 dc53-p32-t108-n023:389999:390592 [7] NCCL INFO KV Convert to int : could not find value of 'Unknown speed' in dictionary, falling back to 60
2025-12-12 13:28:36.215 dc53-p32-t108-n023:389999:390592 [7] NCCL INFO KV Convert to int : could not find value of 'Unknown speed' in dictionary, falling back to 60
2025-12-12 13:28:36.215 dc53-p32-t108-n023:389999:390592 [7] NCCL INFO KV Convert to int : could not find value of 'Unknown speed' in dictionary, falling back to 60
2025-12-12 13:28:36.214 dc53-p32-t108-n023:389997:390595 [5] NCCL INFO KV Convert to int : could not find value of 'Unknown speed' in dictionary, falling back to 60
2025-12-12 13:28:36.214 dc53-p32-t108-n023:389995:390597 [3] NCCL INFO                             + NVL[370.8] - NVS/0
2025-12-12 13:28:36.214 dc53-p32-t108-n023:389995:390597 [3] NCCL INFO + PCI[12.0] - PCI/0-38000 (1000c0301000100b)
2025-12-12 13:28:36.214 dc53-p32-t108-n023:389997:390595 [5] NCCL INFO KV Convert to int : could not find value of 'Unknown speed' in dictionary, falling back to 60
2025-12-12 13:28:36.214 dc53-p32-t108-n023:389995:390597 [3] NCCL INFO               + PCI[12.0] - NIC/0-3a000
2025-12-12 13:28:36.214 dc53-p32-t108-n023:389995:390597 [3] NCCL INFO               + PCI[12.0] - GPU/0-41000 (1)
2025-12-12 13:28:36.214 dc53-p32-t108-n023:389997:390595 [5] NCCL INFO KV Convert to int : could not find value of 'Unknown speed' in dictionary, falling back to 60
2025-12-12 13:28:36.214 dc53-p32-t108-n023:389997:390595 [5] NCCL INFO KV Convert to int : could not find value of 'Unknown speed' in dictionary, falling back to 60
2025-12-12 13:28:36.214 dc53-p32-t108-n023:389995:390597 [3] NCCL INFO                             + NVL[370.8] - NVS/0
2025-12-12 13:28:36.215 dc53-p32-t108-n023:389993:390591 [1] NCCL INFO Pattern 4, crossNic 0, nChannels 12, bw 30.000000/30.000000, type NVL/PIX, sameChannels 1
2025-12-12 13:28:36.215 dc53-p32-t108-n023:389993:390591 [1] NCCL INFO  0 : GPU/0 GPU/1 GPU/2 GPU/3 GPU/4 GPU/5 GPU/6 GPU/7
2025-12-12 13:28:36.215 dc53-p32-t108-n023:389993:390591 [1] NCCL INFO  1 : GPU/0 GPU/1 GPU/2 GPU/3 GPU/4 GPU/5 GPU/6 GPU/7
2025-12-12 13:28:36.215 dc53-p32-t108-n023:389993:390591 [1] NCCL INFO  2 : GPU/0 GPU/1 GPU/2 GPU/3 GPU/4 GPU/5 GPU/6 GPU/7
2025-12-12 13:28:36.215 dc53-p32-t108-n023:389993:390591 [1] NCCL INFO  3 : GPU/0 GPU/1 GPU/2 GPU/3 GPU/4 GPU/5 GPU/6 GPU/7
2025-12-12 13:28:36.215 dc53-p32-t108-n023:389993:390591 [1] NCCL INFO  4 : GPU/0 GPU/1 GPU/2 GPU/3 GPU/4 GPU/5 GPU/6 GPU/7
2025-12-12 13:28:36.215 dc53-p32-t108-n023:389993:390591 [1] NCCL INFO  5 : GPU/0 GPU/1 GPU/2 GPU/3 GPU/4 GPU/5 GPU/6 GPU/7
2025-12-12 13:28:36.214 dc53-p32-t108-n023:389997:390595 [5] NCCL INFO KV Convert to int : could not find value of 'Unknown speed' in dictionary, falling back to 60
2025-12-12 13:28:36.216 dc53-p32-t108-n023:389993:390591 [1] NCCL INFO  6 : GPU/0 GPU/1 GPU/2 GPU/3 GPU/4 GPU/5 GPU/6 GPU/7
2025-12-12 13:28:36.216 dc53-p32-t108-n023:389993:390591 [1] NCCL INFO  7 : GPU/0 GPU/1 GPU/2 GPU/3 GPU/4 GPU/5 GPU/6 GPU/7
2025-12-12 13:28:36.216 dc53-p32-t108-n023:389993:390591 [1] NCCL INFO  8 : GPU/0 GPU/1 GPU/2 GPU/3 GPU/4 GPU/5 GPU/6 GPU/7
2025-12-12 13:28:36.216 dc53-p32-t108-n023:389993:390591 [1] NCCL INFO  9 : GPU/0 GPU/1 GPU/2 GPU/3 GPU/4 GPU/5 GPU/6 GPU/7
2025-12-12 13:28:36.216 dc53-p32-t108-n023:389993:390591 [1] NCCL INFO 10 : GPU/0 GPU/1 GPU/2 GPU/3 GPU/4 GPU/5 GPU/6 GPU/7
2025-12-12 13:28:36.216 dc53-p32-t108-n023:389993:390591 [1] NCCL INFO 11 : GPU/0 GPU/1 GPU/2 GPU/3 GPU/4 GPU/5 GPU/6 GPU/7
2025-12-12 13:28:36.214 dc53-p32-t108-n023:389995:390597 [3] NCCL INFO + PCI[12.0] - PCI/0-49000 (1000c0301000100b)
2025-12-12 13:28:36.216 dc53-p32-t108-n023:389993:390591 [1] NCCL INFO Pattern 1, crossNic 0, nChannels 12, bw 30.000000/30.000000, type NVL/PIX, sameChannels 1
2025-12-12 13:28:36.216 dc53-p32-t108-n023:389993:390591 [1] NCCL INFO  0 : GPU/0 GPU/1 GPU/2 GPU/3 GPU/4 GPU/5 GPU/6 GPU/7
2025-12-12 13:28:36.216 dc53-p32-t108-n023:389993:390591 [1] NCCL INFO  1 : GPU/0 GPU/1 GPU/2 GPU/3 GPU/4 GPU/5 GPU/6 GPU/7
2025-12-12 13:28:36.216 dc53-p32-t108-n023:389993:390591 [1] NCCL INFO  2 : GPU/0 GPU/1 GPU/2 GPU/3 GPU/4 GPU/5 GPU/6 GPU/7
2025-12-12 13:28:36.216 dc53-p32-t108-n023:389993:390591 [1] NCCL INFO  3 : GPU/0 GPU/1 GPU/2 GPU/3 GPU/4 GPU/5 GPU/6 GPU/7
2025-12-12 13:28:36.216 dc53-p32-t108-n023:389993:390591 [1] NCCL INFO  4 : GPU/0 GPU/1 GPU/2 GPU/3 GPU/4 GPU/5 GPU/6 GPU/7
2025-12-12 13:28:36.216 dc53-p32-t108-n023:389993:390591 [1] NCCL INFO  5 : GPU/0 GPU/1 GPU/2 GPU/3 GPU/4 GPU/5 GPU/6 GPU/7
2025-12-12 13:28:36.216 dc53-p32-t108-n023:389993:390591 [1] NCCL INFO  6 : GPU/0 GPU/1 GPU/2 GPU/3 GPU/4 GPU/5 GPU/6 GPU/7
2025-12-12 13:28:36.216 dc53-p32-t108-n023:389993:390591 [1] NCCL INFO  7 : GPU/0 GPU/1 GPU/2 GPU/3 GPU/4 GPU/5 GPU/6 GPU/7
2025-12-12 13:28:36.216 dc53-p32-t108-n023:389993:390591 [1] NCCL INFO  8 : GPU/0 GPU/1 GPU/2 GPU/3 GPU/4 GPU/5 GPU/6 GPU/7
2025-12-12 13:28:36.216 dc53-p32-t108-n023:389993:390591 [1] NCCL INFO  9 : GPU/0 GPU/1 GPU/2 GPU/3 GPU/4 GPU/5 GPU/6 GPU/7
2025-12-12 13:28:36.214 dc53-p32-t108-n023:389995:390597 [3] NCCL INFO               + PCI[12.0] - GPU/0-4b000 (2)
2025-12-12 13:28:36.216 dc53-p32-t108-n023:389993:390591 [1] NCCL INFO 10 : GPU/0 GPU/1 GPU/2 GPU/3 GPU/4 GPU/5 GPU/6 GPU/7
2025-12-12 13:28:36.216 dc53-p32-t108-n023:389993:390591 [1] NCCL INFO 11 : GPU/0 GPU/1 GPU/2 GPU/3 GPU/4 GPU/5 GPU/6 GPU/7
2025-12-12 13:28:36.214 dc53-p32-t108-n023:389997:390595 [5] NCCL INFO KV Convert to int : could not find value of 'Unknown speed' in dictionary, falling back to 60
2025-12-12 13:28:36.214 dc53-p32-t108-n023:389995:390597 [3] NCCL INFO                             + NVL[370.8] - NVS/0
2025-12-12 13:28:36.214 dc53-p32-t108-n023:389997:390595 [5] NCCL INFO KV Convert to int : could not find value of 'Unknown speed' in dictionary, falling back to 60
2025-12-12 13:28:36.214 dc53-p32-t108-n023:389995:390597 [3] NCCL INFO               + PCI[12.0] - NIC/0-4c000
2025-12-12 13:28:36.214 dc53-p32-t108-n023:389995:390597 [3] NCCL INFO + PCI[12.0] - PCI/0-5a000 (1000c0301000100b)
2025-12-12 13:28:36.214 dc53-p32-t108-n023:389995:390597 [3] NCCL INFO               + PCI[12.0] - NIC/0-5c000
2025-12-12 13:28:36.214 dc53-p32-t108-n023:389997:390595 [5] NCCL INFO KV Convert to int : could not find value of 'Unknown speed' in dictionary, falling back to 60
2025-12-12 13:28:36.214 dc53-p32-t108-n023:389995:390597 [3] NCCL INFO               + PCI[12.0] - GPU/0-5d000 (3)
2025-12-12 13:28:36.214 dc53-p32-t108-n023:389995:390597 [3] NCCL INFO                             + NVL[370.8] - NVS/0
2025-12-12 13:28:36.214 dc53-p32-t108-n023:389997:390595 [5] NCCL INFO KV Convert to int : could not find value of 'Unknown speed' in dictionary, falling back to 60
2025-12-12 13:28:36.214 dc53-p32-t108-n023:389995:390597 [3] NCCL INFO + SYS[10.0] - CPU/1
2025-12-12 13:28:36.214 dc53-p32-t108-n023:389997:390595 [5] NCCL INFO KV Convert to int : could not find value of 'Unknown speed' in dictionary, falling back to 60
2025-12-12 13:28:36.214 dc53-p32-t108-n023:389995:390597 [3] NCCL INFO + PCI[6.0] - NIC/0-27000
2025-12-12 13:28:36.214 dc53-p32-t108-n023:389995:390597 [3] NCCL INFO CPU/0-1 (1/1/2)
2025-12-12 13:28:36.214 dc53-p32-t108-n023:389995:390597 [3] NCCL INFO + PCI[12.0] - PCI/0-98000 (1000c0301000100b)
2025-12-12 13:28:36.214 dc53-p32-t108-n023:389995:390597 [3] NCCL INFO               + PCI[12.0] - GPU/0-9a000 (4)
2025-12-12 13:28:36.214 dc53-p32-t108-n023:389995:390597 [3] NCCL INFO                             + NVL[370.8] - NVS/0
2025-12-12 13:28:36.214 dc53-p32-t108-n023:389995:390597 [3] NCCL INFO               + PCI[12.0] - NIC/0-9b000
2025-12-12 13:28:36.214 dc53-p32-t108-n023:389995:390597 [3] NCCL INFO + PCI[12.0] - PCI/0-b8000 (1000c0301000100b)
2025-12-12 13:28:36.214 dc53-p32-t108-n023:389995:390597 [3] NCCL INFO               + PCI[12.0] - NIC/0-ba000
2025-12-12 13:28:36.214 dc53-p32-t108-n023:389995:390597 [3] NCCL INFO               + PCI[12.0] - GPU/0-bb000 (5)
2025-12-12 13:28:36.214 dc53-p32-t108-n023:389995:390597 [3] NCCL INFO                             + NVL[370.8] - NVS/0
2025-12-12 13:28:36.214 dc53-p32-t108-n023:389995:390597 [3] NCCL INFO + PCI[12.0] - PCI/0-c8000 (1000c0301000100b)
2025-12-12 13:28:36.214 dc53-p32-t108-n023:389995:390597 [3] NCCL INFO               + PCI[12.0] - GPU/0-ca000 (6)
2025-12-12 13:28:36.214 dc53-p32-t108-n023:389995:390597 [3] NCCL INFO                             + NVL[370.8] - NVS/0
2025-12-12 13:28:36.214 dc53-p32-t108-n023:389995:390597 [3] NCCL INFO               + PCI[12.0] - NIC/0-cb000
2025-12-12 13:28:36.214 dc53-p32-t108-n023:389995:390597 [3] NCCL INFO + PCI[12.0] - PCI/0-d8000 (1000c0301000100b)
2025-12-12 13:28:36.214 dc53-p32-t108-n023:389995:390597 [3] NCCL INFO               + PCI[12.0] - NIC/0-da000
2025-12-12 13:28:36.217 dc53-p32-t108-n023:389996:390594 [4] NCCL INFO KV Convert to int : could not find value of 'Unknown speed' in dictionary, falling back to 60
2025-12-12 13:28:36.217 dc53-p32-t108-n023:389996:390594 [4] NCCL INFO KV Convert to int : could not find value of 'Unknown speed' in dictionary, falling back to 60
2025-12-12 13:28:36.217 dc53-p32-t108-n023:389996:390594 [4] NCCL INFO KV Convert to int : could not find value of 'Unknown speed' in dictionary, falling back to 60
2025-12-12 13:28:36.214 dc53-p32-t108-n023:389995:390597 [3] NCCL INFO               + PCI[12.0] - GPU/0-db000 (7)
2025-12-12 13:28:36.217 dc53-p32-t108-n023:389996:390594 [4] NCCL INFO KV Convert to int : could not find value of 'Unknown speed' in dictionary, falling back to 60
2025-12-12 13:28:36.217 dc53-p32-t108-n023:389996:390594 [4] NCCL INFO KV Convert to int : could not find value of 'Unknown speed' in dictionary, falling back to 60
2025-12-12 13:28:36.217 dc53-p32-t108-n023:389996:390594 [4] NCCL INFO KV Convert to int : could not find value of 'Unknown speed' in dictionary, falling back to 60
2025-12-12 13:28:36.217 dc53-p32-t108-n023:389996:390594 [4] NCCL INFO KV Convert to int : could not find value of 'Unknown speed' in dictionary, falling back to 60
2025-12-12 13:28:36.217 dc53-p32-t108-n023:389996:390594 [4] NCCL INFO KV Convert to int : could not find value of 'Unknown speed' in dictionary, falling back to 60
2025-12-12 13:28:36.217 dc53-p32-t108-n023:389996:390594 [4] NCCL INFO KV Convert to int : could not find value of 'Unknown speed' in dictionary, falling back to 60
2025-12-12 13:28:36.217 dc53-p32-t108-n023:389996:390594 [4] NCCL INFO KV Convert to int : could not find value of 'Unknown speed' in dictionary, falling back to 60
2025-12-12 13:28:36.217 dc53-p32-t108-n023:389996:390594 [4] NCCL INFO KV Convert to int : could not find value of 'Unknown speed' in dictionary, falling back to 60
2025-12-12 13:28:36.217 dc53-p32-t108-n023:389996:390594 [4] NCCL INFO KV Convert to int : could not find value of 'Unknown speed' in dictionary, falling back to 60
2025-12-12 13:28:36.214 dc53-p32-t108-n023:389995:390597 [3] NCCL INFO                             + NVL[370.8] - NVS/0
2025-12-12 13:28:36.217 dc53-p32-t108-n023:389996:390594 [4] NCCL INFO KV Convert to int : could not find value of 'Unknown speed' in dictionary, falling back to 60
2025-12-12 13:28:36.217 dc53-p32-t108-n023:389996:390594 [4] NCCL INFO KV Convert to int : could not find value of 'Unknown speed' in dictionary, falling back to 60
2025-12-12 13:28:36.217 dc53-p32-t108-n023:389996:390594 [4] NCCL INFO KV Convert to int : could not find value of 'Unknown speed' in dictionary, falling back to 60
2025-12-12 13:28:36.217 dc53-p32-t108-n023:389996:390594 [4] NCCL INFO KV Convert to int : could not find value of 'Unknown speed' in dictionary, falling back to 60
2025-12-12 13:28:36.217 dc53-p32-t108-n023:389996:390594 [4] NCCL INFO KV Convert to int : could not find value of 'Unknown speed' in dictionary, falling back to 60
2025-12-12 13:28:36.217 dc53-p32-t108-n023:389996:390594 [4] NCCL INFO KV Convert to int : could not find value of 'Unknown speed' in dictionary, falling back to 60
2025-12-12 13:28:36.217 dc53-p32-t108-n023:389996:390594 [4] NCCL INFO KV Convert to int : could not find value of 'Unknown speed' in dictionary, falling back to 60
2025-12-12 13:28:36.217 dc53-p32-t108-n023:389996:390594 [4] NCCL INFO KV Convert to int : could not find value of 'Unknown speed' in dictionary, falling back to 60
2025-12-12 13:28:36.217 dc53-p32-t108-n023:389996:390594 [4] NCCL INFO KV Convert to int : could not find value of 'Unknown speed' in dictionary, falling back to 60
2025-12-12 13:28:36.217 dc53-p32-t108-n023:389996:390594 [4] NCCL INFO KV Convert to int : could not find value of 'Unknown speed' in dictionary, falling back to 60
2025-12-12 13:28:36.214 dc53-p32-t108-n023:389995:390597 [3] NCCL INFO + SYS[10.0] - CPU/0
2025-12-12 13:28:36.217 dc53-p32-t108-n023:389996:390594 [4] NCCL INFO KV Convert to int : could not find value of 'Unknown speed' in dictionary, falling back to 60
2025-12-12 13:28:36.217 dc53-p32-t108-n023:389996:390594 [4] NCCL INFO KV Convert to int : could not find value of 'Unknown speed' in dictionary, falling back to 60
2025-12-12 13:28:36.217 dc53-p32-t108-n023:389996:390594 [4] NCCL INFO KV Convert to int : could not find value of 'Unknown speed' in dictionary, falling back to 60
2025-12-12 13:28:36.214 dc53-p32-t108-n023:389995:390597 [3] NCCL INFO + PCI[6.0] - NIC/0-a8000
2025-12-12 13:28:36.214 dc53-p32-t108-n023:389995:390597 [3] NCCL INFO ==========================================
2025-12-12 13:28:36.214 dc53-p32-t108-n023:389995:390597 [3] NCCL INFO GPU/18000 :GPU/0-18000 (0/5000.0/LOC) GPU/0-41000 (2/370.8/NVL) GPU/0-4b000 (2/370.8/NVL) GPU/0-5d000 (2/370.8/NVL) GPU/0-9a000 (2/370.8/NVL) GPU/0-bb000 (2/370.8/NVL) GPU/0-ca000 (2/370.8/NVL) GPU/0-db000 (2/370.8/NVL) NVS/0-0 (1/370.8/NVL) CPU/0-0 (2/12.0/PHB) CPU/0-1 (3/10.0/SYS) 
2025-12-12 13:28:36.214 dc53-p32-t108-n023:389995:390597 [3] NCCL INFO GPU/41000 :GPU/0-18000 (2/370.8/NVL) GPU/0-41000 (0/5000.0/LOC) GPU/0-4b000 (2/370.8/NVL) GPU/0-5d000 (2/370.8/NVL) GPU/0-9a000 (2/370.8/NVL) GPU/0-bb000 (2/370.8/NVL) GPU/0-ca000 (2/370.8/NVL) GPU/0-db000 (2/370.8/NVL) NVS/0-0 (1/370.8/NVL) CPU/0-0 (2/12.0/PHB) CPU/0-1 (3/10.0/SYS) 
2025-12-12 13:28:36.214 dc53-p32-t108-n023:389995:390597 [3] NCCL INFO GPU/4B000 :GPU/0-18000 (2/370.8/NVL) GPU/0-41000 (2/370.8/NVL) GPU/0-4b000 (0/5000.0/LOC) GPU/0-5d000 (2/370.8/NVL) GPU/0-9a000 (2/370.8/NVL) GPU/0-bb000 (2/370.8/NVL) GPU/0-ca000 (2/370.8/NVL) GPU/0-db000 (2/370.8/NVL) NVS/0-0 (1/370.8/NVL) CPU/0-0 (2/12.0/PHB) CPU/0-1 (3/10.0/SYS) 
2025-12-12 13:28:36.214 dc53-p32-t108-n023:389995:390597 [3] NCCL INFO GPU/5D000 :GPU/0-18000 (2/370.8/NVL) GPU/0-41000 (2/370.8/NVL) GPU/0-4b000 (2/370.8/NVL) GPU/0-5d000 (0/5000.0/LOC) GPU/0-9a000 (2/370.8/NVL) GPU/0-bb000 (2/370.8/NVL) GPU/0-ca000 (2/370.8/NVL) GPU/0-db000 (2/370.8/NVL) NVS/0-0 (1/370.8/NVL) CPU/0-0 (2/12.0/PHB) CPU/0-1 (3/10.0/SYS) 
2025-12-12 13:28:36.214 dc53-p32-t108-n023:389995:390597 [3] NCCL INFO GPU/9A000 :GPU/0-18000 (2/370.8/NVL) GPU/0-41000 (2/370.8/NVL) GPU/0-4b000 (2/370.8/NVL) GPU/0-5d000 (2/370.8/NVL) GPU/0-9a000 (0/5000.0/LOC) GPU/0-bb000 (2/370.8/NVL) GPU/0-ca000 (2/370.8/NVL) GPU/0-db000 (2/370.8/NVL) NVS/0-0 (1/370.8/NVL) CPU/0-0 (3/10.0/SYS) CPU/0-1 (2/12.0/PHB) 
2025-12-12 13:28:36.214 dc53-p32-t108-n023:389995:390597 [3] NCCL INFO GPU/BB000 :GPU/0-18000 (2/370.8/NVL) GPU/0-41000 (2/370.8/NVL) GPU/0-4b000 (2/370.8/NVL) GPU/0-5d000 (2/370.8/NVL) GPU/0-9a000 (2/370.8/NVL) GPU/0-bb000 (0/5000.0/LOC) GPU/0-ca000 (2/370.8/NVL) GPU/0-db000 (2/370.8/NVL) NVS/0-0 (1/370.8/NVL) CPU/0-0 (3/10.0/SYS) CPU/0-1 (2/12.0/PHB) 
2025-12-12 13:28:36.214 dc53-p32-t108-n023:389995:390597 [3] NCCL INFO GPU/CA000 :GPU/0-18000 (2/370.8/NVL) GPU/0-41000 (2/370.8/NVL) GPU/0-4b000 (2/370.8/NVL) GPU/0-5d000 (2/370.8/NVL) GPU/0-9a000 (2/370.8/NVL) GPU/0-bb000 (2/370.8/NVL) GPU/0-ca000 (0/5000.0/LOC) GPU/0-db000 (2/370.8/NVL) NVS/0-0 (1/370.8/NVL) CPU/0-0 (3/10.0/SYS) CPU/0-1 (2/12.0/PHB) 
2025-12-12 13:28:36.214 dc53-p32-t108-n023:389995:390597 [3] NCCL INFO GPU/DB000 :GPU/0-18000 (2/370.8/NVL) GPU/0-41000 (2/370.8/NVL) GPU/0-4b000 (2/370.8/NVL) GPU/0-5d000 (2/370.8/NVL) GPU/0-9a000 (2/370.8/NVL) GPU/0-bb000 (2/370.8/NVL) GPU/0-ca000 (2/370.8/NVL) GPU/0-db000 (0/5000.0/LOC) NVS/0-0 (1/370.8/NVL) CPU/0-0 (3/10.0/SYS) CPU/0-1 (2/12.0/PHB) 
2025-12-12 13:28:36.214 dc53-p32-t108-n023:389995:390597 [3] NCCL INFO Setting affinity for GPU 3 to ffff,ffffffff,00000000,0000ffff,ffffffff
2025-12-12 13:28:36.214 dc53-p32-t108-n023:389995:390597 [3] NCCL INFO NCCL_NVLS_ENABLE set by environment to 0.
2025-12-12 13:28:36.215 dc53-p32-t108-n023:389999:390592 [7] NCCL INFO KV Convert to int : could not find value of 'Unknown speed' in dictionary, falling back to 60
2025-12-12 13:28:36.215 dc53-p32-t108-n023:389999:390592 [7] NCCL INFO KV Convert to int : could not find value of 'Unknown speed' in dictionary, falling back to 60
2025-12-12 13:28:36.215 dc53-p32-t108-n023:389999:390592 [7] NCCL INFO KV Convert to int : could not find value of 'Unknown speed' in dictionary, falling back to 60
2025-12-12 13:28:36.215 dc53-p32-t108-n023:389999:390592 [7] NCCL INFO KV Convert to int : could not find value of 'Unknown speed' in dictionary, falling back to 60
2025-12-12 13:28:36.215 dc53-p32-t108-n023:389999:390592 [7] NCCL INFO KV Convert to int : could not find value of 'Unknown speed' in dictionary, falling back to 60
2025-12-12 13:28:36.215 dc53-p32-t108-n023:389999:390592 [7] NCCL INFO KV Convert to int : could not find value of 'Unknown speed' in dictionary, falling back to 60
2025-12-12 13:28:36.215 dc53-p32-t108-n023:389999:390592 [7] NCCL INFO KV Convert to int : could not find value of 'Unknown speed' in dictionary, falling back to 60
2025-12-12 13:28:36.215 dc53-p32-t108-n023:389999:390592 [7] NCCL INFO KV Convert to int : could not find value of 'Unknown speed' in dictionary, falling back to 60
2025-12-12 13:28:36.215 dc53-p32-t108-n023:389999:390592 [7] NCCL INFO KV Convert to int : could not find value of 'Unknown speed' in dictionary, falling back to 60
2025-12-12 13:28:36.215 dc53-p32-t108-n023:389999:390592 [7] NCCL INFO KV Convert to int : could not find value of 'Unknown speed' in dictionary, falling back to 60
2025-12-12 13:28:36.215 dc53-p32-t108-n023:389999:390592 [7] NCCL INFO KV Convert to int : could not find value of 'Unknown speed' in dictionary, falling back to 60
2025-12-12 13:28:36.215 dc53-p32-t108-n023:389999:390592 [7] NCCL INFO KV Convert to int : could not find value of 'Unknown speed' in dictionary, falling back to 60
2025-12-12 13:28:36.218 dc53-p32-t108-n023:389994:390596 [2] NCCL INFO Pattern 4, crossNic 0, nChannels 12, bw 30.000000/30.000000, type NVL/PIX, sameChannels 1
2025-12-12 13:28:36.218 dc53-p32-t108-n023:389994:390596 [2] NCCL INFO  0 : GPU/0 GPU/1 GPU/2 GPU/3 GPU/4 GPU/5 GPU/6 GPU/7
2025-12-12 13:28:36.218 dc53-p32-t108-n023:389994:390596 [2] NCCL INFO  1 : GPU/0 GPU/1 GPU/2 GPU/3 GPU/4 GPU/5 GPU/6 GPU/7
2025-12-12 13:28:36.218 dc53-p32-t108-n023:389994:390596 [2] NCCL INFO  2 : GPU/0 GPU/1 GPU/2 GPU/3 GPU/4 GPU/5 GPU/6 GPU/7
2025-12-12 13:28:36.218 dc53-p32-t108-n023:389994:390596 [2] NCCL INFO  3 : GPU/0 GPU/1 GPU/2 GPU/3 GPU/4 GPU/5 GPU/6 GPU/7
2025-12-12 13:28:36.218 dc53-p32-t108-n023:389994:390596 [2] NCCL INFO  4 : GPU/0 GPU/1 GPU/2 GPU/3 GPU/4 GPU/5 GPU/6 GPU/7
2025-12-12 13:28:36.218 dc53-p32-t108-n023:389994:390596 [2] NCCL INFO  5 : GPU/0 GPU/1 GPU/2 GPU/3 GPU/4 GPU/5 GPU/6 GPU/7
2025-12-12 13:28:36.218 dc53-p32-t108-n023:389994:390596 [2] NCCL INFO  6 : GPU/0 GPU/1 GPU/2 GPU/3 GPU/4 GPU/5 GPU/6 GPU/7
2025-12-12 13:28:36.218 dc53-p32-t108-n023:389994:390596 [2] NCCL INFO  7 : GPU/0 GPU/1 GPU/2 GPU/3 GPU/4 GPU/5 GPU/6 GPU/7
2025-12-12 13:28:36.218 dc53-p32-t108-n023:389994:390596 [2] NCCL INFO  8 : GPU/0 GPU/1 GPU/2 GPU/3 GPU/4 GPU/5 GPU/6 GPU/7
2025-12-12 13:28:36.218 dc53-p32-t108-n023:389994:390596 [2] NCCL INFO  9 : GPU/0 GPU/1 GPU/2 GPU/3 GPU/4 GPU/5 GPU/6 GPU/7
2025-12-12 13:28:36.218 dc53-p32-t108-n023:389994:390596 [2] NCCL INFO 10 : GPU/0 GPU/1 GPU/2 GPU/3 GPU/4 GPU/5 GPU/6 GPU/7
2025-12-12 13:28:36.218 dc53-p32-t108-n023:389994:390596 [2] NCCL INFO 11 : GPU/0 GPU/1 GPU/2 GPU/3 GPU/4 GPU/5 GPU/6 GPU/7
2025-12-12 13:28:36.215 dc53-p32-t108-n023:389999:390592 [7] NCCL INFO KV Convert to int : could not find value of 'Unknown speed' in dictionary, falling back to 60
2025-12-12 13:28:36.218 dc53-p32-t108-n023:389994:390596 [2] NCCL INFO Pattern 1, crossNic 0, nChannels 12, bw 30.000000/30.000000, type NVL/PIX, sameChannels 1
2025-12-12 13:28:36.218 dc53-p32-t108-n023:389994:390596 [2] NCCL INFO  0 : GPU/0 GPU/1 GPU/2 GPU/3 GPU/4 GPU/5 GPU/6 GPU/7
2025-12-12 13:28:36.218 dc53-p32-t108-n023:389994:390596 [2] NCCL INFO  1 : GPU/0 GPU/1 GPU/2 GPU/3 GPU/4 GPU/5 GPU/6 GPU/7
2025-12-12 13:28:36.218 dc53-p32-t108-n023:389994:390596 [2] NCCL INFO  2 : GPU/0 GPU/1 GPU/2 GPU/3 GPU/4 GPU/5 GPU/6 GPU/7
2025-12-12 13:28:36.218 dc53-p32-t108-n023:389994:390596 [2] NCCL INFO  3 : GPU/0 GPU/1 GPU/2 GPU/3 GPU/4 GPU/5 GPU/6 GPU/7
2025-12-12 13:28:36.218 dc53-p32-t108-n023:389994:390596 [2] NCCL INFO  4 : GPU/0 GPU/1 GPU/2 GPU/3 GPU/4 GPU/5 GPU/6 GPU/7
2025-12-12 13:28:36.218 dc53-p32-t108-n023:389994:390596 [2] NCCL INFO  5 : GPU/0 GPU/1 GPU/2 GPU/3 GPU/4 GPU/5 GPU/6 GPU/7
2025-12-12 13:28:36.218 dc53-p32-t108-n023:389994:390596 [2] NCCL INFO  6 : GPU/0 GPU/1 GPU/2 GPU/3 GPU/4 GPU/5 GPU/6 GPU/7
2025-12-12 13:28:36.218 dc53-p32-t108-n023:389994:390596 [2] NCCL INFO  7 : GPU/0 GPU/1 GPU/2 GPU/3 GPU/4 GPU/5 GPU/6 GPU/7
2025-12-12 13:28:36.215 dc53-p32-t108-n023:389999:390592 [7] NCCL INFO KV Convert to int : could not find value of 'Unknown speed' in dictionary, falling back to 60
2025-12-12 13:28:36.218 dc53-p32-t108-n023:389994:390596 [2] NCCL INFO  8 : GPU/0 GPU/1 GPU/2 GPU/3 GPU/4 GPU/5 GPU/6 GPU/7
2025-12-12 13:28:36.218 dc53-p32-t108-n023:389994:390596 [2] NCCL INFO  9 : GPU/0 GPU/1 GPU/2 GPU/3 GPU/4 GPU/5 GPU/6 GPU/7
2025-12-12 13:28:36.218 dc53-p32-t108-n023:389994:390596 [2] NCCL INFO 10 : GPU/0 GPU/1 GPU/2 GPU/3 GPU/4 GPU/5 GPU/6 GPU/7
2025-12-12 13:28:36.218 dc53-p32-t108-n023:389994:390596 [2] NCCL INFO 11 : GPU/0 GPU/1 GPU/2 GPU/3 GPU/4 GPU/5 GPU/6 GPU/7
2025-12-12 13:28:36.215 dc53-p32-t108-n023:389999:390592 [7] NCCL INFO KV Convert to int : could not find value of 'Unknown speed' in dictionary, falling back to 60
2025-12-12 13:28:36.215 dc53-p32-t108-n023:389999:390592 [7] NCCL INFO KV Convert to int : could not find value of 'Unknown speed' in dictionary, falling back to 60
2025-12-12 13:28:36.215 dc53-p32-t108-n023:389999:390592 [7] NCCL INFO KV Convert to int : could not find value of 'Unknown speed' in dictionary, falling back to 60
2025-12-12 13:28:36.215 dc53-p32-t108-n023:389999:390592 [7] NCCL INFO KV Convert to int : could not find value of 'Unknown speed' in dictionary, falling back to 60
2025-12-12 13:28:36.219 dc53-p32-t108-n023:389997:390595 [5] NCCL INFO === System : maxBw 370.8 totalBw 370.8 ===
2025-12-12 13:28:36.219 dc53-p32-t108-n023:389997:390595 [5] NCCL INFO CPU/0-0 (1/1/2)
2025-12-12 13:28:36.219 dc53-p32-t108-n023:389997:390595 [5] NCCL INFO + PCI[12.0] - PCI/0-16000 (1000c0301000100b)
2025-12-12 13:28:36.219 dc53-p32-t108-n023:389997:390595 [5] NCCL INFO               + PCI[12.0] - GPU/0-18000 (0)
2025-12-12 13:28:36.219 dc53-p32-t108-n023:389997:390595 [5] NCCL INFO                             + NVL[370.8] - NVS/0
2025-12-12 13:28:36.219 dc53-p32-t108-n023:389997:390595 [5] NCCL INFO + PCI[12.0] - PCI/0-38000 (1000c0301000100b)
2025-12-12 13:28:36.219 dc53-p32-t108-n023:389997:390595 [5] NCCL INFO               + PCI[12.0] - NIC/0-3a000
2025-12-12 13:28:36.219 dc53-p32-t108-n023:389997:390595 [5] NCCL INFO               + PCI[12.0] - GPU/0-41000 (1)
2025-12-12 13:28:36.219 dc53-p32-t108-n023:389997:390595 [5] NCCL INFO                             + NVL[370.8] - NVS/0
2025-12-12 13:28:36.219 dc53-p32-t108-n023:389997:390595 [5] NCCL INFO + PCI[12.0] - PCI/0-49000 (1000c0301000100b)
2025-12-12 13:28:36.219 dc53-p32-t108-n023:389997:390595 [5] NCCL INFO               + PCI[12.0] - GPU/0-4b000 (2)
2025-12-12 13:28:36.219 dc53-p32-t108-n023:389997:390595 [5] NCCL INFO                             + NVL[370.8] - NVS/0
2025-12-12 13:28:36.219 dc53-p32-t108-n023:389997:390595 [5] NCCL INFO               + PCI[12.0] - NIC/0-4c000
2025-12-12 13:28:36.219 dc53-p32-t108-n023:389997:390595 [5] NCCL INFO + PCI[12.0] - PCI/0-5a000 (1000c0301000100b)
2025-12-12 13:28:36.219 dc53-p32-t108-n023:389997:390595 [5] NCCL INFO               + PCI[12.0] - NIC/0-5c000
2025-12-12 13:28:36.219 dc53-p32-t108-n023:389997:390595 [5] NCCL INFO               + PCI[12.0] - GPU/0-5d000 (3)
2025-12-12 13:28:36.219 dc53-p32-t108-n023:389997:390595 [5] NCCL INFO                             + NVL[370.8] - NVS/0
2025-12-12 13:28:36.219 dc53-p32-t108-n023:389997:390595 [5] NCCL INFO + SYS[10.0] - CPU/1
2025-12-12 13:28:36.215 dc53-p32-t108-n023:389999:390592 [7] NCCL INFO KV Convert to int : could not find value of 'Unknown speed' in dictionary, falling back to 60
2025-12-12 13:28:36.219 dc53-p32-t108-n023:389997:390595 [5] NCCL INFO + PCI[6.0] - NIC/0-27000
2025-12-12 13:28:36.219 dc53-p32-t108-n023:389997:390595 [5] NCCL INFO CPU/0-1 (1/1/2)
2025-12-12 13:28:36.219 dc53-p32-t108-n023:389997:390595 [5] NCCL INFO + PCI[12.0] - PCI/0-98000 (1000c0301000100b)
2025-12-12 13:28:36.219 dc53-p32-t108-n023:389997:390595 [5] NCCL INFO               + PCI[12.0] - GPU/0-9a000 (4)
2025-12-12 13:28:36.219 dc53-p32-t108-n023:389997:390595 [5] NCCL INFO                             + NVL[370.8] - NVS/0
2025-12-12 13:28:36.219 dc53-p32-t108-n023:389997:390595 [5] NCCL INFO               + PCI[12.0] - NIC/0-9b000
2025-12-12 13:28:36.219 dc53-p32-t108-n023:389997:390595 [5] NCCL INFO + PCI[12.0] - PCI/0-b8000 (1000c0301000100b)
2025-12-12 13:28:36.219 dc53-p32-t108-n023:389997:390595 [5] NCCL INFO               + PCI[12.0] - NIC/0-ba000
2025-12-12 13:28:36.219 dc53-p32-t108-n023:389997:390595 [5] NCCL INFO               + PCI[12.0] - GPU/0-bb000 (5)
2025-12-12 13:28:36.219 dc53-p32-t108-n023:389997:390595 [5] NCCL INFO                             + NVL[370.8] - NVS/0
2025-12-12 13:28:36.219 dc53-p32-t108-n023:389997:390595 [5] NCCL INFO + PCI[12.0] - PCI/0-c8000 (1000c0301000100b)
2025-12-12 13:28:36.219 dc53-p32-t108-n023:389997:390595 [5] NCCL INFO               + PCI[12.0] - GPU/0-ca000 (6)
2025-12-12 13:28:36.219 dc53-p32-t108-n023:389997:390595 [5] NCCL INFO                             + NVL[370.8] - NVS/0
2025-12-12 13:28:36.219 dc53-p32-t108-n023:389997:390595 [5] NCCL INFO               + PCI[12.0] - NIC/0-cb000
2025-12-12 13:28:36.219 dc53-p32-t108-n023:389997:390595 [5] NCCL INFO + PCI[12.0] - PCI/0-d8000 (1000c0301000100b)
2025-12-12 13:28:36.219 dc53-p32-t108-n023:389997:390595 [5] NCCL INFO               + PCI[12.0] - NIC/0-da000
2025-12-12 13:28:36.219 dc53-p32-t108-n023:389997:390595 [5] NCCL INFO               + PCI[12.0] - GPU/0-db000 (7)
2025-12-12 13:28:36.219 dc53-p32-t108-n023:389997:390595 [5] NCCL INFO                             + NVL[370.8] - NVS/0
2025-12-12 13:28:36.219 dc53-p32-t108-n023:389997:390595 [5] NCCL INFO + SYS[10.0] - CPU/0
2025-12-12 13:28:36.219 dc53-p32-t108-n023:389997:390595 [5] NCCL INFO + PCI[6.0] - NIC/0-a8000
2025-12-12 13:28:36.219 dc53-p32-t108-n023:389997:390595 [5] NCCL INFO ==========================================
2025-12-12 13:28:36.215 dc53-p32-t108-n023:389999:390592 [7] NCCL INFO KV Convert to int : could not find value of 'Unknown speed' in dictionary, falling back to 60
2025-12-12 13:28:36.219 dc53-p32-t108-n023:389997:390595 [5] NCCL INFO GPU/18000 :GPU/0-18000 (0/5000.0/LOC) GPU/0-41000 (2/370.8/NVL) GPU/0-4b000 (2/370.8/NVL) GPU/0-5d000 (2/370.8/NVL) GPU/0-9a000 (2/370.8/NVL) GPU/0-bb000 (2/370.8/NVL) GPU/0-ca000 (2/370.8/NVL) GPU/0-db000 (2/370.8/NVL) NVS/0-0 (1/370.8/NVL) CPU/0-0 (2/12.0/PHB) CPU/0-1 (3/10.0/SYS) 
2025-12-12 13:28:36.219 dc53-p32-t108-n023:389997:390595 [5] NCCL INFO GPU/41000 :GPU/0-18000 (2/370.8/NVL) GPU/0-41000 (0/5000.0/LOC) GPU/0-4b000 (2/370.8/NVL) GPU/0-5d000 (2/370.8/NVL) GPU/0-9a000 (2/370.8/NVL) GPU/0-bb000 (2/370.8/NVL) GPU/0-ca000 (2/370.8/NVL) GPU/0-db000 (2/370.8/NVL) NVS/0-0 (1/370.8/NVL) CPU/0-0 (2/12.0/PHB) CPU/0-1 (3/10.0/SYS) 
2025-12-12 13:28:36.219 dc53-p32-t108-n023:389997:390595 [5] NCCL INFO GPU/4B000 :GPU/0-18000 (2/370.8/NVL) GPU/0-41000 (2/370.8/NVL) GPU/0-4b000 (0/5000.0/LOC) GPU/0-5d000 (2/370.8/NVL) GPU/0-9a000 (2/370.8/NVL) GPU/0-bb000 (2/370.8/NVL) GPU/0-ca000 (2/370.8/NVL) GPU/0-db000 (2/370.8/NVL) NVS/0-0 (1/370.8/NVL) CPU/0-0 (2/12.0/PHB) CPU/0-1 (3/10.0/SYS) 
2025-12-12 13:28:36.219 dc53-p32-t108-n023:389997:390595 [5] NCCL INFO GPU/5D000 :GPU/0-18000 (2/370.8/NVL) GPU/0-41000 (2/370.8/NVL) GPU/0-4b000 (2/370.8/NVL) GPU/0-5d000 (0/5000.0/LOC) GPU/0-9a000 (2/370.8/NVL) GPU/0-bb000 (2/370.8/NVL) GPU/0-ca000 (2/370.8/NVL) GPU/0-db000 (2/370.8/NVL) NVS/0-0 (1/370.8/NVL) CPU/0-0 (2/12.0/PHB) CPU/0-1 (3/10.0/SYS) 
2025-12-12 13:28:36.219 dc53-p32-t108-n023:389997:390595 [5] NCCL INFO GPU/9A000 :GPU/0-18000 (2/370.8/NVL) GPU/0-41000 (2/370.8/NVL) GPU/0-4b000 (2/370.8/NVL) GPU/0-5d000 (2/370.8/NVL) GPU/0-9a000 (0/5000.0/LOC) GPU/0-bb000 (2/370.8/NVL) GPU/0-ca000 (2/370.8/NVL) GPU/0-db000 (2/370.8/NVL) NVS/0-0 (1/370.8/NVL) CPU/0-0 (3/10.0/SYS) CPU/0-1 (2/12.0/PHB) 
2025-12-12 13:28:36.219 dc53-p32-t108-n023:389997:390595 [5] NCCL INFO GPU/BB000 :GPU/0-18000 (2/370.8/NVL) GPU/0-41000 (2/370.8/NVL) GPU/0-4b000 (2/370.8/NVL) GPU/0-5d000 (2/370.8/NVL) GPU/0-9a000 (2/370.8/NVL) GPU/0-bb000 (0/5000.0/LOC) GPU/0-ca000 (2/370.8/NVL) GPU/0-db000 (2/370.8/NVL) NVS/0-0 (1/370.8/NVL) CPU/0-0 (3/10.0/SYS) CPU/0-1 (2/12.0/PHB) 
2025-12-12 13:28:36.219 dc53-p32-t108-n023:389997:390595 [5] NCCL INFO GPU/CA000 :GPU/0-18000 (2/370.8/NVL) GPU/0-41000 (2/370.8/NVL) GPU/0-4b000 (2/370.8/NVL) GPU/0-5d000 (2/370.8/NVL) GPU/0-9a000 (2/370.8/NVL) GPU/0-bb000 (2/370.8/NVL) GPU/0-ca000 (0/5000.0/LOC) GPU/0-db000 (2/370.8/NVL) NVS/0-0 (1/370.8/NVL) CPU/0-0 (3/10.0/SYS) CPU/0-1 (2/12.0/PHB) 
2025-12-12 13:28:36.215 dc53-p32-t108-n023:389999:390592 [7] NCCL INFO KV Convert to int : could not find value of 'Unknown speed' in dictionary, falling back to 60
2025-12-12 13:28:36.219 dc53-p32-t108-n023:389997:390595 [5] NCCL INFO GPU/DB000 :GPU/0-18000 (2/370.8/NVL) GPU/0-41000 (2/370.8/NVL) GPU/0-4b000 (2/370.8/NVL) GPU/0-5d000 (2/370.8/NVL) GPU/0-9a000 (2/370.8/NVL) GPU/0-bb000 (2/370.8/NVL) GPU/0-ca000 (2/370.8/NVL) GPU/0-db000 (0/5000.0/LOC) NVS/0-0 (1/370.8/NVL) CPU/0-0 (3/10.0/SYS) CPU/0-1 (2/12.0/PHB) 
2025-12-12 13:28:36.219 dc53-p32-t108-n023:389997:390595 [5] NCCL INFO Setting affinity for GPU 5 to ffffffff,ffff0000,00000000,ffffffff,ffff0000,00000000
2025-12-12 13:28:36.215 dc53-p32-t108-n023:389999:390592 [7] NCCL INFO KV Convert to int : could not find value of 'Unknown speed' in dictionary, falling back to 60
2025-12-12 13:28:36.215 dc53-p32-t108-n023:389999:390592 [7] NCCL INFO KV Convert to int : could not find value of 'Unknown speed' in dictionary, falling back to 60
2025-12-12 13:28:36.219 dc53-p32-t108-n023:389997:390595 [5] NCCL INFO NCCL_NVLS_ENABLE set by environment to 0.
2025-12-12 13:28:36.215 dc53-p32-t108-n023:389999:390592 [7] NCCL INFO KV Convert to int : could not find value of 'Unknown speed' in dictionary, falling back to 60
2025-12-12 13:28:36.215 dc53-p32-t108-n023:389999:390592 [7] NCCL INFO KV Convert to int : could not find value of 'Unknown speed' in dictionary, falling back to 60
2025-12-12 13:28:36.215 dc53-p32-t108-n023:389993:390591 [1] NCCL INFO Pattern 4, crossNic 0, nChannels 12, bw 30.000000/30.000000, type NVL/PIX, sameChannels 1
2025-12-12 13:28:36.215 dc53-p32-t108-n023:389993:390591 [1] NCCL INFO  0 : GPU/0 GPU/1 GPU/2 GPU/3 GPU/4 GPU/5 GPU/6 GPU/7
2025-12-12 13:28:36.215 dc53-p32-t108-n023:389993:390591 [1] NCCL INFO  1 : GPU/0 GPU/1 GPU/2 GPU/3 GPU/4 GPU/5 GPU/6 GPU/7
2025-12-12 13:28:36.215 dc53-p32-t108-n023:389993:390591 [1] NCCL INFO  2 : GPU/0 GPU/1 GPU/2 GPU/3 GPU/4 GPU/5 GPU/6 GPU/7
2025-12-12 13:28:36.215 dc53-p32-t108-n023:389993:390591 [1] NCCL INFO  3 : GPU/0 GPU/1 GPU/2 GPU/3 GPU/4 GPU/5 GPU/6 GPU/7
2025-12-12 13:28:36.215 dc53-p32-t108-n023:389993:390591 [1] NCCL INFO  4 : GPU/0 GPU/1 GPU/2 GPU/3 GPU/4 GPU/5 GPU/6 GPU/7
2025-12-12 13:28:36.215 dc53-p32-t108-n023:389993:390591 [1] NCCL INFO  5 : GPU/0 GPU/1 GPU/2 GPU/3 GPU/4 GPU/5 GPU/6 GPU/7
2025-12-12 13:28:36.216 dc53-p32-t108-n023:389993:390591 [1] NCCL INFO  6 : GPU/0 GPU/1 GPU/2 GPU/3 GPU/4 GPU/5 GPU/6 GPU/7
2025-12-12 13:28:36.216 dc53-p32-t108-n023:389993:390591 [1] NCCL INFO  7 : GPU/0 GPU/1 GPU/2 GPU/3 GPU/4 GPU/5 GPU/6 GPU/7
2025-12-12 13:28:36.216 dc53-p32-t108-n023:389993:390591 [1] NCCL INFO  8 : GPU/0 GPU/1 GPU/2 GPU/3 GPU/4 GPU/5 GPU/6 GPU/7
2025-12-12 13:28:36.216 dc53-p32-t108-n023:389993:390591 [1] NCCL INFO  9 : GPU/0 GPU/1 GPU/2 GPU/3 GPU/4 GPU/5 GPU/6 GPU/7
2025-12-12 13:28:36.216 dc53-p32-t108-n023:389993:390591 [1] NCCL INFO 10 : GPU/0 GPU/1 GPU/2 GPU/3 GPU/4 GPU/5 GPU/6 GPU/7
2025-12-12 13:28:36.216 dc53-p32-t108-n023:389993:390591 [1] NCCL INFO 11 : GPU/0 GPU/1 GPU/2 GPU/3 GPU/4 GPU/5 GPU/6 GPU/7
2025-12-12 13:28:36.216 dc53-p32-t108-n023:389993:390591 [1] NCCL INFO Pattern 1, crossNic 0, nChannels 12, bw 30.000000/30.000000, type NVL/PIX, sameChannels 1
2025-12-12 13:28:36.220 dc53-p32-t108-n023:389999:390592 [7] NCCL INFO === System : maxBw 370.8 totalBw 370.8 ===
2025-12-12 13:28:36.220 dc53-p32-t108-n023:389999:390592 [7] NCCL INFO CPU/0-0 (1/1/2)
2025-12-12 13:28:36.220 dc53-p32-t108-n023:389999:390592 [7] NCCL INFO + PCI[12.0] - PCI/0-16000 (1000c0301000100b)
2025-12-12 13:28:36.220 dc53-p32-t108-n023:389999:390592 [7] NCCL INFO               + PCI[12.0] - GPU/0-18000 (0)
2025-12-12 13:28:36.220 dc53-p32-t108-n023:389999:390592 [7] NCCL INFO                             + NVL[370.8] - NVS/0
2025-12-12 13:28:36.220 dc53-p32-t108-n023:389999:390592 [7] NCCL INFO + PCI[12.0] - PCI/0-38000 (1000c0301000100b)
2025-12-12 13:28:36.220 dc53-p32-t108-n023:389999:390592 [7] NCCL INFO               + PCI[12.0] - NIC/0-3a000
2025-12-12 13:28:36.220 dc53-p32-t108-n023:389999:390592 [7] NCCL INFO               + PCI[12.0] - GPU/0-41000 (1)
2025-12-12 13:28:36.220 dc53-p32-t108-n023:389999:390592 [7] NCCL INFO                             + NVL[370.8] - NVS/0
2025-12-12 13:28:36.220 dc53-p32-t108-n023:389999:390592 [7] NCCL INFO + PCI[12.0] - PCI/0-49000 (1000c0301000100b)
2025-12-12 13:28:36.220 dc53-p32-t108-n023:389999:390592 [7] NCCL INFO               + PCI[12.0] - GPU/0-4b000 (2)
2025-12-12 13:28:36.220 dc53-p32-t108-n023:389999:390592 [7] NCCL INFO                             + NVL[370.8] - NVS/0
2025-12-12 13:28:36.220 dc53-p32-t108-n023:389999:390592 [7] NCCL INFO               + PCI[12.0] - NIC/0-4c000
2025-12-12 13:28:36.220 dc53-p32-t108-n023:389999:390592 [7] NCCL INFO + PCI[12.0] - PCI/0-5a000 (1000c0301000100b)
2025-12-12 13:28:36.216 dc53-p32-t108-n023:389993:390591 [1] NCCL INFO  0 : GPU/0 GPU/1 GPU/2 GPU/3 GPU/4 GPU/5 GPU/6 GPU/7
2025-12-12 13:28:36.220 dc53-p32-t108-n023:389999:390592 [7] NCCL INFO               + PCI[12.0] - NIC/0-5c000
2025-12-12 13:28:36.220 dc53-p32-t108-n023:389999:390592 [7] NCCL INFO               + PCI[12.0] - GPU/0-5d000 (3)
2025-12-12 13:28:36.220 dc53-p32-t108-n023:389999:390592 [7] NCCL INFO                             + NVL[370.8] - NVS/0
2025-12-12 13:28:36.220 dc53-p32-t108-n023:389999:390592 [7] NCCL INFO + SYS[10.0] - CPU/1
2025-12-12 13:28:36.220 dc53-p32-t108-n023:389999:390592 [7] NCCL INFO + PCI[6.0] - NIC/0-27000
2025-12-12 13:28:36.220 dc53-p32-t108-n023:389999:390592 [7] NCCL INFO CPU/0-1 (1/1/2)
2025-12-12 13:28:36.220 dc53-p32-t108-n023:389999:390592 [7] NCCL INFO + PCI[12.0] - PCI/0-98000 (1000c0301000100b)
2025-12-12 13:28:36.220 dc53-p32-t108-n023:389999:390592 [7] NCCL INFO               + PCI[12.0] - GPU/0-9a000 (4)
2025-12-12 13:28:36.220 dc53-p32-t108-n023:389999:390592 [7] NCCL INFO                             + NVL[370.8] - NVS/0
2025-12-12 13:28:36.220 dc53-p32-t108-n023:389999:390592 [7] NCCL INFO               + PCI[12.0] - NIC/0-9b000
2025-12-12 13:28:36.220 dc53-p32-t108-n023:389999:390592 [7] NCCL INFO + PCI[12.0] - PCI/0-b8000 (1000c0301000100b)
2025-12-12 13:28:36.220 dc53-p32-t108-n023:389999:390592 [7] NCCL INFO               + PCI[12.0] - NIC/0-ba000
2025-12-12 13:28:36.220 dc53-p32-t108-n023:389999:390592 [7] NCCL INFO               + PCI[12.0] - GPU/0-bb000 (5)
2025-12-12 13:28:36.220 dc53-p32-t108-n023:389999:390592 [7] NCCL INFO                             + NVL[370.8] - NVS/0
2025-12-12 13:28:36.220 dc53-p32-t108-n023:389999:390592 [7] NCCL INFO + PCI[12.0] - PCI/0-c8000 (1000c0301000100b)
2025-12-12 13:28:36.220 dc53-p32-t108-n023:389999:390592 [7] NCCL INFO               + PCI[12.0] - GPU/0-ca000 (6)
2025-12-12 13:28:36.220 dc53-p32-t108-n023:389999:390592 [7] NCCL INFO                             + NVL[370.8] - NVS/0
2025-12-12 13:28:36.220 dc53-p32-t108-n023:389999:390592 [7] NCCL INFO               + PCI[12.0] - NIC/0-cb000
2025-12-12 13:28:36.220 dc53-p32-t108-n023:389999:390592 [7] NCCL INFO + PCI[12.0] - PCI/0-d8000 (1000c0301000100b)
2025-12-12 13:28:36.216 dc53-p32-t108-n023:389993:390591 [1] NCCL INFO  1 : GPU/0 GPU/1 GPU/2 GPU/3 GPU/4 GPU/5 GPU/6 GPU/7
2025-12-12 13:28:36.220 dc53-p32-t108-n023:389999:390592 [7] NCCL INFO               + PCI[12.0] - NIC/0-da000
2025-12-12 13:28:36.220 dc53-p32-t108-n023:389999:390592 [7] NCCL INFO               + PCI[12.0] - GPU/0-db000 (7)
2025-12-12 13:28:36.220 dc53-p32-t108-n023:389999:390592 [7] NCCL INFO                             + NVL[370.8] - NVS/0
2025-12-12 13:28:36.220 dc53-p32-t108-n023:389999:390592 [7] NCCL INFO + SYS[10.0] - CPU/0
2025-12-12 13:28:36.220 dc53-p32-t108-n023:389999:390592 [7] NCCL INFO + PCI[6.0] - NIC/0-a8000
2025-12-12 13:28:36.220 dc53-p32-t108-n023:389999:390592 [7] NCCL INFO ==========================================
2025-12-12 13:28:36.220 dc53-p32-t108-n023:389999:390592 [7] NCCL INFO GPU/18000 :GPU/0-18000 (0/5000.0/LOC) GPU/0-41000 (2/370.8/NVL) GPU/0-4b000 (2/370.8/NVL) GPU/0-5d000 (2/370.8/NVL) GPU/0-9a000 (2/370.8/NVL) GPU/0-bb000 (2/370.8/NVL) GPU/0-ca000 (2/370.8/NVL) GPU/0-db000 (2/370.8/NVL) NVS/0-0 (1/370.8/NVL) CPU/0-0 (2/12.0/PHB) CPU/0-1 (3/10.0/SYS) 
2025-12-12 13:28:36.220 dc53-p32-t108-n023:389999:390592 [7] NCCL INFO GPU/41000 :GPU/0-18000 (2/370.8/NVL) GPU/0-41000 (0/5000.0/LOC) GPU/0-4b000 (2/370.8/NVL) GPU/0-5d000 (2/370.8/NVL) GPU/0-9a000 (2/370.8/NVL) GPU/0-bb000 (2/370.8/NVL) GPU/0-ca000 (2/370.8/NVL) GPU/0-db000 (2/370.8/NVL) NVS/0-0 (1/370.8/NVL) CPU/0-0 (2/12.0/PHB) CPU/0-1 (3/10.0/SYS) 
2025-12-12 13:28:36.220 dc53-p32-t108-n023:389999:390592 [7] NCCL INFO GPU/4B000 :GPU/0-18000 (2/370.8/NVL) GPU/0-41000 (2/370.8/NVL) GPU/0-4b000 (0/5000.0/LOC) GPU/0-5d000 (2/370.8/NVL) GPU/0-9a000 (2/370.8/NVL) GPU/0-bb000 (2/370.8/NVL) GPU/0-ca000 (2/370.8/NVL) GPU/0-db000 (2/370.8/NVL) NVS/0-0 (1/370.8/NVL) CPU/0-0 (2/12.0/PHB) CPU/0-1 (3/10.0/SYS) 
2025-12-12 13:28:36.216 dc53-p32-t108-n023:389993:390591 [1] NCCL INFO  2 : GPU/0 GPU/1 GPU/2 GPU/3 GPU/4 GPU/5 GPU/6 GPU/7
2025-12-12 13:28:36.220 dc53-p32-t108-n023:389999:390592 [7] NCCL INFO GPU/5D000 :GPU/0-18000 (2/370.8/NVL) GPU/0-41000 (2/370.8/NVL) GPU/0-4b000 (2/370.8/NVL) GPU/0-5d000 (0/5000.0/LOC) GPU/0-9a000 (2/370.8/NVL) GPU/0-bb000 (2/370.8/NVL) GPU/0-ca000 (2/370.8/NVL) GPU/0-db000 (2/370.8/NVL) NVS/0-0 (1/370.8/NVL) CPU/0-0 (2/12.0/PHB) CPU/0-1 (3/10.0/SYS) 
2025-12-12 13:28:36.220 dc53-p32-t108-n023:389999:390592 [7] NCCL INFO GPU/9A000 :GPU/0-18000 (2/370.8/NVL) GPU/0-41000 (2/370.8/NVL) GPU/0-4b000 (2/370.8/NVL) GPU/0-5d000 (2/370.8/NVL) GPU/0-9a000 (0/5000.0/LOC) GPU/0-bb000 (2/370.8/NVL) GPU/0-ca000 (2/370.8/NVL) GPU/0-db000 (2/370.8/NVL) NVS/0-0 (1/370.8/NVL) CPU/0-0 (3/10.0/SYS) CPU/0-1 (2/12.0/PHB) 
2025-12-12 13:28:36.220 dc53-p32-t108-n023:389999:390592 [7] NCCL INFO GPU/BB000 :GPU/0-18000 (2/370.8/NVL) GPU/0-41000 (2/370.8/NVL) GPU/0-4b000 (2/370.8/NVL) GPU/0-5d000 (2/370.8/NVL) GPU/0-9a000 (2/370.8/NVL) GPU/0-bb000 (0/5000.0/LOC) GPU/0-ca000 (2/370.8/NVL) GPU/0-db000 (2/370.8/NVL) NVS/0-0 (1/370.8/NVL) CPU/0-0 (3/10.0/SYS) CPU/0-1 (2/12.0/PHB) 
2025-12-12 13:28:36.220 dc53-p32-t108-n023:389999:390592 [7] NCCL INFO GPU/CA000 :GPU/0-18000 (2/370.8/NVL) GPU/0-41000 (2/370.8/NVL) GPU/0-4b000 (2/370.8/NVL) GPU/0-5d000 (2/370.8/NVL) GPU/0-9a000 (2/370.8/NVL) GPU/0-bb000 (2/370.8/NVL) GPU/0-ca000 (0/5000.0/LOC) GPU/0-db000 (2/370.8/NVL) NVS/0-0 (1/370.8/NVL) CPU/0-0 (3/10.0/SYS) CPU/0-1 (2/12.0/PHB) 
2025-12-12 13:28:36.220 dc53-p32-t108-n023:389999:390592 [7] NCCL INFO GPU/DB000 :GPU/0-18000 (2/370.8/NVL) GPU/0-41000 (2/370.8/NVL) GPU/0-4b000 (2/370.8/NVL) GPU/0-5d000 (2/370.8/NVL) GPU/0-9a000 (2/370.8/NVL) GPU/0-bb000 (2/370.8/NVL) GPU/0-ca000 (2/370.8/NVL) GPU/0-db000 (0/5000.0/LOC) NVS/0-0 (1/370.8/NVL) CPU/0-0 (3/10.0/SYS) CPU/0-1 (2/12.0/PHB) 
2025-12-12 13:28:36.220 dc53-p32-t108-n023:389999:390592 [7] NCCL INFO Setting affinity for GPU 7 to ffffffff,ffff0000,00000000,ffffffff,ffff0000,00000000
2025-12-12 13:28:36.216 dc53-p32-t108-n023:389993:390591 [1] NCCL INFO  3 : GPU/0 GPU/1 GPU/2 GPU/3 GPU/4 GPU/5 GPU/6 GPU/7
2025-12-12 13:28:36.216 dc53-p32-t108-n023:389993:390591 [1] NCCL INFO  4 : GPU/0 GPU/1 GPU/2 GPU/3 GPU/4 GPU/5 GPU/6 GPU/7
2025-12-12 13:28:36.216 dc53-p32-t108-n023:389993:390591 [1] NCCL INFO  5 : GPU/0 GPU/1 GPU/2 GPU/3 GPU/4 GPU/5 GPU/6 GPU/7
2025-12-12 13:28:36.216 dc53-p32-t108-n023:389993:390591 [1] NCCL INFO  6 : GPU/0 GPU/1 GPU/2 GPU/3 GPU/4 GPU/5 GPU/6 GPU/7
2025-12-12 13:28:36.216 dc53-p32-t108-n023:389993:390591 [1] NCCL INFO  7 : GPU/0 GPU/1 GPU/2 GPU/3 GPU/4 GPU/5 GPU/6 GPU/7
2025-12-12 13:28:36.216 dc53-p32-t108-n023:389993:390591 [1] NCCL INFO  8 : GPU/0 GPU/1 GPU/2 GPU/3 GPU/4 GPU/5 GPU/6 GPU/7
2025-12-12 13:28:36.216 dc53-p32-t108-n023:389993:390591 [1] NCCL INFO  9 : GPU/0 GPU/1 GPU/2 GPU/3 GPU/4 GPU/5 GPU/6 GPU/7
2025-12-12 13:28:36.216 dc53-p32-t108-n023:389993:390591 [1] NCCL INFO 10 : GPU/0 GPU/1 GPU/2 GPU/3 GPU/4 GPU/5 GPU/6 GPU/7
2025-12-12 13:28:36.216 dc53-p32-t108-n023:389993:390591 [1] NCCL INFO 11 : GPU/0 GPU/1 GPU/2 GPU/3 GPU/4 GPU/5 GPU/6 GPU/7
2025-12-12 13:28:36.217 dc53-p32-t108-n023:389996:390594 [4] NCCL INFO KV Convert to int : could not find value of 'Unknown speed' in dictionary, falling back to 60
2025-12-12 13:28:36.217 dc53-p32-t108-n023:389996:390594 [4] NCCL INFO KV Convert to int : could not find value of 'Unknown speed' in dictionary, falling back to 60
2025-12-12 13:28:36.220 dc53-p32-t108-n023:389999:390592 [7] NCCL INFO NCCL_NVLS_ENABLE set by environment to 0.
2025-12-12 13:28:36.217 dc53-p32-t108-n023:389996:390594 [4] NCCL INFO KV Convert to int : could not find value of 'Unknown speed' in dictionary, falling back to 60
2025-12-12 13:28:36.217 dc53-p32-t108-n023:389996:390594 [4] NCCL INFO KV Convert to int : could not find value of 'Unknown speed' in dictionary, falling back to 60
2025-12-12 13:28:36.217 dc53-p32-t108-n023:389996:390594 [4] NCCL INFO KV Convert to int : could not find value of 'Unknown speed' in dictionary, falling back to 60
2025-12-12 13:28:36.217 dc53-p32-t108-n023:389996:390594 [4] NCCL INFO KV Convert to int : could not find value of 'Unknown speed' in dictionary, falling back to 60
2025-12-12 13:28:36.217 dc53-p32-t108-n023:389996:390594 [4] NCCL INFO KV Convert to int : could not find value of 'Unknown speed' in dictionary, falling back to 60
2025-12-12 13:28:36.217 dc53-p32-t108-n023:389996:390594 [4] NCCL INFO KV Convert to int : could not find value of 'Unknown speed' in dictionary, falling back to 60
2025-12-12 13:28:36.217 dc53-p32-t108-n023:389996:390594 [4] NCCL INFO KV Convert to int : could not find value of 'Unknown speed' in dictionary, falling back to 60
2025-12-12 13:28:36.217 dc53-p32-t108-n023:389996:390594 [4] NCCL INFO KV Convert to int : could not find value of 'Unknown speed' in dictionary, falling back to 60
2025-12-12 13:28:36.217 dc53-p32-t108-n023:389996:390594 [4] NCCL INFO KV Convert to int : could not find value of 'Unknown speed' in dictionary, falling back to 60
2025-12-12 13:28:36.217 dc53-p32-t108-n023:389996:390594 [4] NCCL INFO KV Convert to int : could not find value of 'Unknown speed' in dictionary, falling back to 60
2025-12-12 13:28:36.217 dc53-p32-t108-n023:389996:390594 [4] NCCL INFO KV Convert to int : could not find value of 'Unknown speed' in dictionary, falling back to 60
2025-12-12 13:28:36.221 dc53-p32-t108-n023:389996:390594 [4] NCCL INFO === System : maxBw 370.8 totalBw 370.8 ===
2025-12-12 13:28:36.217 dc53-p32-t108-n023:389996:390594 [4] NCCL INFO KV Convert to int : could not find value of 'Unknown speed' in dictionary, falling back to 60
2025-12-12 13:28:36.221 dc53-p32-t108-n023:389996:390594 [4] NCCL INFO CPU/0-0 (1/1/2)
2025-12-12 13:28:36.221 dc53-p32-t108-n023:389996:390594 [4] NCCL INFO + PCI[12.0] - PCI/0-16000 (1000c0301000100b)
2025-12-12 13:28:36.221 dc53-p32-t108-n023:389996:390594 [4] NCCL INFO               + PCI[12.0] - GPU/0-18000 (0)
2025-12-12 13:28:36.221 dc53-p32-t108-n023:389996:390594 [4] NCCL INFO                             + NVL[370.8] - NVS/0
2025-12-12 13:28:36.221 dc53-p32-t108-n023:389996:390594 [4] NCCL INFO + PCI[12.0] - PCI/0-38000 (1000c0301000100b)
2025-12-12 13:28:36.221 dc53-p32-t108-n023:389996:390594 [4] NCCL INFO               + PCI[12.0] - NIC/0-3a000
2025-12-12 13:28:36.221 dc53-p32-t108-n023:389996:390594 [4] NCCL INFO               + PCI[12.0] - GPU/0-41000 (1)
2025-12-12 13:28:36.221 dc53-p32-t108-n023:389996:390594 [4] NCCL INFO                             + NVL[370.8] - NVS/0
2025-12-12 13:28:36.221 dc53-p32-t108-n023:389996:390594 [4] NCCL INFO + PCI[12.0] - PCI/0-49000 (1000c0301000100b)
2025-12-12 13:28:36.221 dc53-p32-t108-n023:389996:390594 [4] NCCL INFO               + PCI[12.0] - GPU/0-4b000 (2)
2025-12-12 13:28:36.221 dc53-p32-t108-n023:389996:390594 [4] NCCL INFO                             + NVL[370.8] - NVS/0
2025-12-12 13:28:36.221 dc53-p32-t108-n023:389996:390594 [4] NCCL INFO               + PCI[12.0] - NIC/0-4c000
2025-12-12 13:28:36.221 dc53-p32-t108-n023:389996:390594 [4] NCCL INFO + PCI[12.0] - PCI/0-5a000 (1000c0301000100b)
2025-12-12 13:28:36.221 dc53-p32-t108-n023:389996:390594 [4] NCCL INFO               + PCI[12.0] - NIC/0-5c000
2025-12-12 13:28:36.221 dc53-p32-t108-n023:389996:390594 [4] NCCL INFO               + PCI[12.0] - GPU/0-5d000 (3)
2025-12-12 13:28:36.221 dc53-p32-t108-n023:389996:390594 [4] NCCL INFO                             + NVL[370.8] - NVS/0
2025-12-12 13:28:36.221 dc53-p32-t108-n023:389996:390594 [4] NCCL INFO + SYS[10.0] - CPU/1
2025-12-12 13:28:36.221 dc53-p32-t108-n023:389996:390594 [4] NCCL INFO + PCI[6.0] - NIC/0-27000
2025-12-12 13:28:36.221 dc53-p32-t108-n023:389996:390594 [4] NCCL INFO CPU/0-1 (1/1/2)
2025-12-12 13:28:36.221 dc53-p32-t108-n023:389996:390594 [4] NCCL INFO + PCI[12.0] - PCI/0-98000 (1000c0301000100b)
2025-12-12 13:28:36.221 dc53-p32-t108-n023:389996:390594 [4] NCCL INFO               + PCI[12.0] - GPU/0-9a000 (4)
2025-12-12 13:28:36.221 dc53-p32-t108-n023:389996:390594 [4] NCCL INFO                             + NVL[370.8] - NVS/0
2025-12-12 13:28:36.221 dc53-p32-t108-n023:389996:390594 [4] NCCL INFO               + PCI[12.0] - NIC/0-9b000
2025-12-12 13:28:36.221 dc53-p32-t108-n023:389996:390594 [4] NCCL INFO + PCI[12.0] - PCI/0-b8000 (1000c0301000100b)
2025-12-12 13:28:36.221 dc53-p32-t108-n023:389996:390594 [4] NCCL INFO               + PCI[12.0] - NIC/0-ba000
2025-12-12 13:28:36.221 dc53-p32-t108-n023:389996:390594 [4] NCCL INFO               + PCI[12.0] - GPU/0-bb000 (5)
2025-12-12 13:28:36.221 dc53-p32-t108-n023:389996:390594 [4] NCCL INFO                             + NVL[370.8] - NVS/0
2025-12-12 13:28:36.221 dc53-p32-t108-n023:389996:390594 [4] NCCL INFO + PCI[12.0] - PCI/0-c8000 (1000c0301000100b)
2025-12-12 13:28:36.217 dc53-p32-t108-n023:389996:390594 [4] NCCL INFO KV Convert to int : could not find value of 'Unknown speed' in dictionary, falling back to 60
2025-12-12 13:28:36.221 dc53-p32-t108-n023:389996:390594 [4] NCCL INFO               + PCI[12.0] - GPU/0-ca000 (6)
2025-12-12 13:28:36.221 dc53-p32-t108-n023:389996:390594 [4] NCCL INFO                             + NVL[370.8] - NVS/0
2025-12-12 13:28:36.221 dc53-p32-t108-n023:389996:390594 [4] NCCL INFO               + PCI[12.0] - NIC/0-cb000
2025-12-12 13:28:36.221 dc53-p32-t108-n023:389996:390594 [4] NCCL INFO + PCI[12.0] - PCI/0-d8000 (1000c0301000100b)
2025-12-12 13:28:36.221 dc53-p32-t108-n023:389996:390594 [4] NCCL INFO               + PCI[12.0] - NIC/0-da000
2025-12-12 13:28:36.221 dc53-p32-t108-n023:389996:390594 [4] NCCL INFO               + PCI[12.0] - GPU/0-db000 (7)
2025-12-12 13:28:36.221 dc53-p32-t108-n023:389996:390594 [4] NCCL INFO                             + NVL[370.8] - NVS/0
2025-12-12 13:28:36.221 dc53-p32-t108-n023:389996:390594 [4] NCCL INFO + SYS[10.0] - CPU/0
2025-12-12 13:28:36.221 dc53-p32-t108-n023:389996:390594 [4] NCCL INFO + PCI[6.0] - NIC/0-a8000
2025-12-12 13:28:36.221 dc53-p32-t108-n023:389996:390594 [4] NCCL INFO ==========================================
2025-12-12 13:28:36.221 dc53-p32-t108-n023:389996:390594 [4] NCCL INFO GPU/18000 :GPU/0-18000 (0/5000.0/LOC) GPU/0-41000 (2/370.8/NVL) GPU/0-4b000 (2/370.8/NVL) GPU/0-5d000 (2/370.8/NVL) GPU/0-9a000 (2/370.8/NVL) GPU/0-bb000 (2/370.8/NVL) GPU/0-ca000 (2/370.8/NVL) GPU/0-db000 (2/370.8/NVL) NVS/0-0 (1/370.8/NVL) CPU/0-0 (2/12.0/PHB) CPU/0-1 (3/10.0/SYS) 
2025-12-12 13:28:36.221 dc53-p32-t108-n023:389996:390594 [4] NCCL INFO GPU/41000 :GPU/0-18000 (2/370.8/NVL) GPU/0-41000 (0/5000.0/LOC) GPU/0-4b000 (2/370.8/NVL) GPU/0-5d000 (2/370.8/NVL) GPU/0-9a000 (2/370.8/NVL) GPU/0-bb000 (2/370.8/NVL) GPU/0-ca000 (2/370.8/NVL) GPU/0-db000 (2/370.8/NVL) NVS/0-0 (1/370.8/NVL) CPU/0-0 (2/12.0/PHB) CPU/0-1 (3/10.0/SYS) 
2025-12-12 13:28:36.221 dc53-p32-t108-n023:389996:390594 [4] NCCL INFO GPU/4B000 :GPU/0-18000 (2/370.8/NVL) GPU/0-41000 (2/370.8/NVL) GPU/0-4b000 (0/5000.0/LOC) GPU/0-5d000 (2/370.8/NVL) GPU/0-9a000 (2/370.8/NVL) GPU/0-bb000 (2/370.8/NVL) GPU/0-ca000 (2/370.8/NVL) GPU/0-db000 (2/370.8/NVL) NVS/0-0 (1/370.8/NVL) CPU/0-0 (2/12.0/PHB) CPU/0-1 (3/10.0/SYS) 
2025-12-12 13:28:36.217 dc53-p32-t108-n023:389996:390594 [4] NCCL INFO KV Convert to int : could not find value of 'Unknown speed' in dictionary, falling back to 60
2025-12-12 13:28:36.221 dc53-p32-t108-n023:389996:390594 [4] NCCL INFO GPU/5D000 :GPU/0-18000 (2/370.8/NVL) GPU/0-41000 (2/370.8/NVL) GPU/0-4b000 (2/370.8/NVL) GPU/0-5d000 (0/5000.0/LOC) GPU/0-9a000 (2/370.8/NVL) GPU/0-bb000 (2/370.8/NVL) GPU/0-ca000 (2/370.8/NVL) GPU/0-db000 (2/370.8/NVL) NVS/0-0 (1/370.8/NVL) CPU/0-0 (2/12.0/PHB) CPU/0-1 (3/10.0/SYS) 
2025-12-12 13:28:36.221 dc53-p32-t108-n023:389996:390594 [4] NCCL INFO GPU/9A000 :GPU/0-18000 (2/370.8/NVL) GPU/0-41000 (2/370.8/NVL) GPU/0-4b000 (2/370.8/NVL) GPU/0-5d000 (2/370.8/NVL) GPU/0-9a000 (0/5000.0/LOC) GPU/0-bb000 (2/370.8/NVL) GPU/0-ca000 (2/370.8/NVL) GPU/0-db000 (2/370.8/NVL) NVS/0-0 (1/370.8/NVL) CPU/0-0 (3/10.0/SYS) CPU/0-1 (2/12.0/PHB) 
2025-12-12 13:28:36.221 dc53-p32-t108-n023:389996:390594 [4] NCCL INFO GPU/BB000 :GPU/0-18000 (2/370.8/NVL) GPU/0-41000 (2/370.8/NVL) GPU/0-4b000 (2/370.8/NVL) GPU/0-5d000 (2/370.8/NVL) GPU/0-9a000 (2/370.8/NVL) GPU/0-bb000 (0/5000.0/LOC) GPU/0-ca000 (2/370.8/NVL) GPU/0-db000 (2/370.8/NVL) NVS/0-0 (1/370.8/NVL) CPU/0-0 (3/10.0/SYS) CPU/0-1 (2/12.0/PHB) 
2025-12-12 13:28:36.221 dc53-p32-t108-n023:389996:390594 [4] NCCL INFO GPU/CA000 :GPU/0-18000 (2/370.8/NVL) GPU/0-41000 (2/370.8/NVL) GPU/0-4b000 (2/370.8/NVL) GPU/0-5d000 (2/370.8/NVL) GPU/0-9a000 (2/370.8/NVL) GPU/0-bb000 (2/370.8/NVL) GPU/0-ca000 (0/5000.0/LOC) GPU/0-db000 (2/370.8/NVL) NVS/0-0 (1/370.8/NVL) CPU/0-0 (3/10.0/SYS) CPU/0-1 (2/12.0/PHB) 
2025-12-12 13:28:36.221 dc53-p32-t108-n023:389996:390594 [4] NCCL INFO GPU/DB000 :GPU/0-18000 (2/370.8/NVL) GPU/0-41000 (2/370.8/NVL) GPU/0-4b000 (2/370.8/NVL) GPU/0-5d000 (2/370.8/NVL) GPU/0-9a000 (2/370.8/NVL) GPU/0-bb000 (2/370.8/NVL) GPU/0-ca000 (2/370.8/NVL) GPU/0-db000 (0/5000.0/LOC) NVS/0-0 (1/370.8/NVL) CPU/0-0 (3/10.0/SYS) CPU/0-1 (2/12.0/PHB) 
2025-12-12 13:28:36.221 dc53-p32-t108-n023:389996:390594 [4] NCCL INFO Setting affinity for GPU 4 to ffffffff,ffff0000,00000000,ffffffff,ffff0000,00000000
2025-12-12 13:28:36.221 dc53-p32-t108-n023:389996:390594 [4] NCCL INFO NCCL_NVLS_ENABLE set by environment to 0.
2025-12-12 13:28:36.217 dc53-p32-t108-n023:389996:390594 [4] NCCL INFO KV Convert to int : could not find value of 'Unknown speed' in dictionary, falling back to 60
2025-12-12 13:28:36.217 dc53-p32-t108-n023:389996:390594 [4] NCCL INFO KV Convert to int : could not find value of 'Unknown speed' in dictionary, falling back to 60
2025-12-12 13:28:36.217 dc53-p32-t108-n023:389996:390594 [4] NCCL INFO KV Convert to int : could not find value of 'Unknown speed' in dictionary, falling back to 60
2025-12-12 13:28:36.217 dc53-p32-t108-n023:389996:390594 [4] NCCL INFO KV Convert to int : could not find value of 'Unknown speed' in dictionary, falling back to 60
2025-12-12 13:28:36.217 dc53-p32-t108-n023:389996:390594 [4] NCCL INFO KV Convert to int : could not find value of 'Unknown speed' in dictionary, falling back to 60
2025-12-12 13:28:36.217 dc53-p32-t108-n023:389996:390594 [4] NCCL INFO KV Convert to int : could not find value of 'Unknown speed' in dictionary, falling back to 60
2025-12-12 13:28:36.217 dc53-p32-t108-n023:389996:390594 [4] NCCL INFO KV Convert to int : could not find value of 'Unknown speed' in dictionary, falling back to 60
2025-12-12 13:28:36.217 dc53-p32-t108-n023:389996:390594 [4] NCCL INFO KV Convert to int : could not find value of 'Unknown speed' in dictionary, falling back to 60
2025-12-12 13:28:36.217 dc53-p32-t108-n023:389996:390594 [4] NCCL INFO KV Convert to int : could not find value of 'Unknown speed' in dictionary, falling back to 60
2025-12-12 13:28:36.218 dc53-p32-t108-n023:389994:390596 [2] NCCL INFO Pattern 4, crossNic 0, nChannels 12, bw 30.000000/30.000000, type NVL/PIX, sameChannels 1
2025-12-12 13:28:36.218 dc53-p32-t108-n023:389994:390596 [2] NCCL INFO  0 : GPU/0 GPU/1 GPU/2 GPU/3 GPU/4 GPU/5 GPU/6 GPU/7
2025-12-12 13:28:36.218 dc53-p32-t108-n023:389994:390596 [2] NCCL INFO  1 : GPU/0 GPU/1 GPU/2 GPU/3 GPU/4 GPU/5 GPU/6 GPU/7
2025-12-12 13:28:36.218 dc53-p32-t108-n023:389994:390596 [2] NCCL INFO  2 : GPU/0 GPU/1 GPU/2 GPU/3 GPU/4 GPU/5 GPU/6 GPU/7
2025-12-12 13:28:36.218 dc53-p32-t108-n023:389994:390596 [2] NCCL INFO  3 : GPU/0 GPU/1 GPU/2 GPU/3 GPU/4 GPU/5 GPU/6 GPU/7
2025-12-12 13:28:36.218 dc53-p32-t108-n023:389994:390596 [2] NCCL INFO  4 : GPU/0 GPU/1 GPU/2 GPU/3 GPU/4 GPU/5 GPU/6 GPU/7
2025-12-12 13:28:36.218 dc53-p32-t108-n023:389994:390596 [2] NCCL INFO  5 : GPU/0 GPU/1 GPU/2 GPU/3 GPU/4 GPU/5 GPU/6 GPU/7
2025-12-12 13:28:36.218 dc53-p32-t108-n023:389994:390596 [2] NCCL INFO  6 : GPU/0 GPU/1 GPU/2 GPU/3 GPU/4 GPU/5 GPU/6 GPU/7
2025-12-12 13:28:36.218 dc53-p32-t108-n023:389994:390596 [2] NCCL INFO  7 : GPU/0 GPU/1 GPU/2 GPU/3 GPU/4 GPU/5 GPU/6 GPU/7
2025-12-12 13:28:36.218 dc53-p32-t108-n023:389994:390596 [2] NCCL INFO  8 : GPU/0 GPU/1 GPU/2 GPU/3 GPU/4 GPU/5 GPU/6 GPU/7
2025-12-12 13:28:36.218 dc53-p32-t108-n023:389994:390596 [2] NCCL INFO  9 : GPU/0 GPU/1 GPU/2 GPU/3 GPU/4 GPU/5 GPU/6 GPU/7
2025-12-12 13:28:36.218 dc53-p32-t108-n023:389994:390596 [2] NCCL INFO 10 : GPU/0 GPU/1 GPU/2 GPU/3 GPU/4 GPU/5 GPU/6 GPU/7
2025-12-12 13:28:36.218 dc53-p32-t108-n023:389994:390596 [2] NCCL INFO 11 : GPU/0 GPU/1 GPU/2 GPU/3 GPU/4 GPU/5 GPU/6 GPU/7
2025-12-12 13:28:36.218 dc53-p32-t108-n023:389994:390596 [2] NCCL INFO Pattern 1, crossNic 0, nChannels 12, bw 30.000000/30.000000, type NVL/PIX, sameChannels 1
2025-12-12 13:28:36.218 dc53-p32-t108-n023:389994:390596 [2] NCCL INFO  0 : GPU/0 GPU/1 GPU/2 GPU/3 GPU/4 GPU/5 GPU/6 GPU/7
2025-12-12 13:28:36.222 dc53-p32-t108-n023:389995:390597 [3] NCCL INFO Pattern 4, crossNic 0, nChannels 12, bw 30.000000/30.000000, type NVL/PIX, sameChannels 1
2025-12-12 13:28:36.222 dc53-p32-t108-n023:389995:390597 [3] NCCL INFO  0 : GPU/0 GPU/1 GPU/2 GPU/3 GPU/4 GPU/5 GPU/6 GPU/7
2025-12-12 13:28:36.222 dc53-p32-t108-n023:389995:390597 [3] NCCL INFO  1 : GPU/0 GPU/1 GPU/2 GPU/3 GPU/4 GPU/5 GPU/6 GPU/7
2025-12-12 13:28:36.222 dc53-p32-t108-n023:389995:390597 [3] NCCL INFO  2 : GPU/0 GPU/1 GPU/2 GPU/3 GPU/4 GPU/5 GPU/6 GPU/7
2025-12-12 13:28:36.222 dc53-p32-t108-n023:389995:390597 [3] NCCL INFO  3 : GPU/0 GPU/1 GPU/2 GPU/3 GPU/4 GPU/5 GPU/6 GPU/7
2025-12-12 13:28:36.222 dc53-p32-t108-n023:389995:390597 [3] NCCL INFO  4 : GPU/0 GPU/1 GPU/2 GPU/3 GPU/4 GPU/5 GPU/6 GPU/7
2025-12-12 13:28:36.218 dc53-p32-t108-n023:389994:390596 [2] NCCL INFO  1 : GPU/0 GPU/1 GPU/2 GPU/3 GPU/4 GPU/5 GPU/6 GPU/7
2025-12-12 13:28:36.222 dc53-p32-t108-n023:389995:390597 [3] NCCL INFO  5 : GPU/0 GPU/1 GPU/2 GPU/3 GPU/4 GPU/5 GPU/6 GPU/7
2025-12-12 13:28:36.222 dc53-p32-t108-n023:389995:390597 [3] NCCL INFO  6 : GPU/0 GPU/1 GPU/2 GPU/3 GPU/4 GPU/5 GPU/6 GPU/7
2025-12-12 13:28:36.222 dc53-p32-t108-n023:389995:390597 [3] NCCL INFO  7 : GPU/0 GPU/1 GPU/2 GPU/3 GPU/4 GPU/5 GPU/6 GPU/7
2025-12-12 13:28:36.222 dc53-p32-t108-n023:389995:390597 [3] NCCL INFO  8 : GPU/0 GPU/1 GPU/2 GPU/3 GPU/4 GPU/5 GPU/6 GPU/7
2025-12-12 13:28:36.222 dc53-p32-t108-n023:389995:390597 [3] NCCL INFO  9 : GPU/0 GPU/1 GPU/2 GPU/3 GPU/4 GPU/5 GPU/6 GPU/7
2025-12-12 13:28:36.222 dc53-p32-t108-n023:389995:390597 [3] NCCL INFO 10 : GPU/0 GPU/1 GPU/2 GPU/3 GPU/4 GPU/5 GPU/6 GPU/7
2025-12-12 13:28:36.222 dc53-p32-t108-n023:389995:390597 [3] NCCL INFO 11 : GPU/0 GPU/1 GPU/2 GPU/3 GPU/4 GPU/5 GPU/6 GPU/7
2025-12-12 13:28:36.218 dc53-p32-t108-n023:389994:390596 [2] NCCL INFO  2 : GPU/0 GPU/1 GPU/2 GPU/3 GPU/4 GPU/5 GPU/6 GPU/7
2025-12-12 13:28:36.222 dc53-p32-t108-n023:389995:390597 [3] NCCL INFO Pattern 1, crossNic 0, nChannels 12, bw 30.000000/30.000000, type NVL/PIX, sameChannels 1
2025-12-12 13:28:36.222 dc53-p32-t108-n023:389995:390597 [3] NCCL INFO  0 : GPU/0 GPU/1 GPU/2 GPU/3 GPU/4 GPU/5 GPU/6 GPU/7
2025-12-12 13:28:36.222 dc53-p32-t108-n023:389995:390597 [3] NCCL INFO  1 : GPU/0 GPU/1 GPU/2 GPU/3 GPU/4 GPU/5 GPU/6 GPU/7
2025-12-12 13:28:36.222 dc53-p32-t108-n023:389995:390597 [3] NCCL INFO  2 : GPU/0 GPU/1 GPU/2 GPU/3 GPU/4 GPU/5 GPU/6 GPU/7
2025-12-12 13:28:36.222 dc53-p32-t108-n023:389995:390597 [3] NCCL INFO  3 : GPU/0 GPU/1 GPU/2 GPU/3 GPU/4 GPU/5 GPU/6 GPU/7
2025-12-12 13:28:36.218 dc53-p32-t108-n023:389994:390596 [2] NCCL INFO  3 : GPU/0 GPU/1 GPU/2 GPU/3 GPU/4 GPU/5 GPU/6 GPU/7
2025-12-12 13:28:36.222 dc53-p32-t108-n023:389995:390597 [3] NCCL INFO  4 : GPU/0 GPU/1 GPU/2 GPU/3 GPU/4 GPU/5 GPU/6 GPU/7
2025-12-12 13:28:36.222 dc53-p32-t108-n023:389995:390597 [3] NCCL INFO  5 : GPU/0 GPU/1 GPU/2 GPU/3 GPU/4 GPU/5 GPU/6 GPU/7
2025-12-12 13:28:36.222 dc53-p32-t108-n023:389995:390597 [3] NCCL INFO  6 : GPU/0 GPU/1 GPU/2 GPU/3 GPU/4 GPU/5 GPU/6 GPU/7
2025-12-12 13:28:36.222 dc53-p32-t108-n023:389995:390597 [3] NCCL INFO  7 : GPU/0 GPU/1 GPU/2 GPU/3 GPU/4 GPU/5 GPU/6 GPU/7
2025-12-12 13:28:36.222 dc53-p32-t108-n023:389995:390597 [3] NCCL INFO  8 : GPU/0 GPU/1 GPU/2 GPU/3 GPU/4 GPU/5 GPU/6 GPU/7
2025-12-12 13:28:36.222 dc53-p32-t108-n023:389995:390597 [3] NCCL INFO  9 : GPU/0 GPU/1 GPU/2 GPU/3 GPU/4 GPU/5 GPU/6 GPU/7
2025-12-12 13:28:36.222 dc53-p32-t108-n023:389995:390597 [3] NCCL INFO 10 : GPU/0 GPU/1 GPU/2 GPU/3 GPU/4 GPU/5 GPU/6 GPU/7
2025-12-12 13:28:36.222 dc53-p32-t108-n023:389995:390597 [3] NCCL INFO 11 : GPU/0 GPU/1 GPU/2 GPU/3 GPU/4 GPU/5 GPU/6 GPU/7
2025-12-12 13:28:36.218 dc53-p32-t108-n023:389994:390596 [2] NCCL INFO  4 : GPU/0 GPU/1 GPU/2 GPU/3 GPU/4 GPU/5 GPU/6 GPU/7
2025-12-12 13:28:36.218 dc53-p32-t108-n023:389994:390596 [2] NCCL INFO  5 : GPU/0 GPU/1 GPU/2 GPU/3 GPU/4 GPU/5 GPU/6 GPU/7
2025-12-12 13:28:36.218 dc53-p32-t108-n023:389994:390596 [2] NCCL INFO  6 : GPU/0 GPU/1 GPU/2 GPU/3 GPU/4 GPU/5 GPU/6 GPU/7
2025-12-12 13:28:36.218 dc53-p32-t108-n023:389994:390596 [2] NCCL INFO  7 : GPU/0 GPU/1 GPU/2 GPU/3 GPU/4 GPU/5 GPU/6 GPU/7
2025-12-12 13:28:36.218 dc53-p32-t108-n023:389994:390596 [2] NCCL INFO  8 : GPU/0 GPU/1 GPU/2 GPU/3 GPU/4 GPU/5 GPU/6 GPU/7
2025-12-12 13:28:36.218 dc53-p32-t108-n023:389994:390596 [2] NCCL INFO  9 : GPU/0 GPU/1 GPU/2 GPU/3 GPU/4 GPU/5 GPU/6 GPU/7
2025-12-12 13:28:36.218 dc53-p32-t108-n023:389994:390596 [2] NCCL INFO 10 : GPU/0 GPU/1 GPU/2 GPU/3 GPU/4 GPU/5 GPU/6 GPU/7
2025-12-12 13:28:36.218 dc53-p32-t108-n023:389994:390596 [2] NCCL INFO 11 : GPU/0 GPU/1 GPU/2 GPU/3 GPU/4 GPU/5 GPU/6 GPU/7
2025-12-12 13:28:36.219 dc53-p32-t108-n023:389997:390595 [5] NCCL INFO === System : maxBw 370.8 totalBw 370.8 ===
2025-12-12 13:28:36.219 dc53-p32-t108-n023:389997:390595 [5] NCCL INFO CPU/0-0 (1/1/2)
2025-12-12 13:28:36.219 dc53-p32-t108-n023:389997:390595 [5] NCCL INFO + PCI[12.0] - PCI/0-16000 (1000c0301000100b)
2025-12-12 13:28:36.219 dc53-p32-t108-n023:389997:390595 [5] NCCL INFO               + PCI[12.0] - GPU/0-18000 (0)
2025-12-12 13:28:36.219 dc53-p32-t108-n023:389997:390595 [5] NCCL INFO                             + NVL[370.8] - NVS/0
2025-12-12 13:28:36.219 dc53-p32-t108-n023:389997:390595 [5] NCCL INFO + PCI[12.0] - PCI/0-38000 (1000c0301000100b)
2025-12-12 13:28:36.219 dc53-p32-t108-n023:389997:390595 [5] NCCL INFO               + PCI[12.0] - NIC/0-3a000
2025-12-12 13:28:36.219 dc53-p32-t108-n023:389997:390595 [5] NCCL INFO               + PCI[12.0] - GPU/0-41000 (1)
2025-12-12 13:28:36.219 dc53-p32-t108-n023:389997:390595 [5] NCCL INFO                             + NVL[370.8] - NVS/0
2025-12-12 13:28:36.219 dc53-p32-t108-n023:389997:390595 [5] NCCL INFO + PCI[12.0] - PCI/0-49000 (1000c0301000100b)
2025-12-12 13:28:36.219 dc53-p32-t108-n023:389997:390595 [5] NCCL INFO               + PCI[12.0] - GPU/0-4b000 (2)
2025-12-12 13:28:36.219 dc53-p32-t108-n023:389997:390595 [5] NCCL INFO                             + NVL[370.8] - NVS/0
2025-12-12 13:28:36.219 dc53-p32-t108-n023:389997:390595 [5] NCCL INFO               + PCI[12.0] - NIC/0-4c000
2025-12-12 13:28:36.219 dc53-p32-t108-n023:389997:390595 [5] NCCL INFO + PCI[12.0] - PCI/0-5a000 (1000c0301000100b)
2025-12-12 13:28:36.219 dc53-p32-t108-n023:389997:390595 [5] NCCL INFO               + PCI[12.0] - NIC/0-5c000
2025-12-12 13:28:36.219 dc53-p32-t108-n023:389997:390595 [5] NCCL INFO               + PCI[12.0] - GPU/0-5d000 (3)
2025-12-12 13:28:36.219 dc53-p32-t108-n023:389997:390595 [5] NCCL INFO                             + NVL[370.8] - NVS/0
2025-12-12 13:28:36.219 dc53-p32-t108-n023:389997:390595 [5] NCCL INFO + SYS[10.0] - CPU/1
2025-12-12 13:28:36.219 dc53-p32-t108-n023:389997:390595 [5] NCCL INFO + PCI[6.0] - NIC/0-27000
2025-12-12 13:28:36.219 dc53-p32-t108-n023:389997:390595 [5] NCCL INFO CPU/0-1 (1/1/2)
2025-12-12 13:28:36.219 dc53-p32-t108-n023:389997:390595 [5] NCCL INFO + PCI[12.0] - PCI/0-98000 (1000c0301000100b)
2025-12-12 13:28:36.219 dc53-p32-t108-n023:389997:390595 [5] NCCL INFO               + PCI[12.0] - GPU/0-9a000 (4)
2025-12-12 13:28:36.219 dc53-p32-t108-n023:389997:390595 [5] NCCL INFO                             + NVL[370.8] - NVS/0
2025-12-12 13:28:36.219 dc53-p32-t108-n023:389997:390595 [5] NCCL INFO               + PCI[12.0] - NIC/0-9b000
2025-12-12 13:28:36.219 dc53-p32-t108-n023:389997:390595 [5] NCCL INFO + PCI[12.0] - PCI/0-b8000 (1000c0301000100b)
2025-12-12 13:28:36.219 dc53-p32-t108-n023:389997:390595 [5] NCCL INFO               + PCI[12.0] - NIC/0-ba000
2025-12-12 13:28:36.219 dc53-p32-t108-n023:389997:390595 [5] NCCL INFO               + PCI[12.0] - GPU/0-bb000 (5)
2025-12-12 13:28:36.219 dc53-p32-t108-n023:389997:390595 [5] NCCL INFO                             + NVL[370.8] - NVS/0
2025-12-12 13:28:36.219 dc53-p32-t108-n023:389997:390595 [5] NCCL INFO + PCI[12.0] - PCI/0-c8000 (1000c0301000100b)
2025-12-12 13:28:36.219 dc53-p32-t108-n023:389997:390595 [5] NCCL INFO               + PCI[12.0] - GPU/0-ca000 (6)
2025-12-12 13:28:36.219 dc53-p32-t108-n023:389997:390595 [5] NCCL INFO                             + NVL[370.8] - NVS/0
2025-12-12 13:28:36.219 dc53-p32-t108-n023:389997:390595 [5] NCCL INFO               + PCI[12.0] - NIC/0-cb000
2025-12-12 13:28:36.219 dc53-p32-t108-n023:389997:390595 [5] NCCL INFO + PCI[12.0] - PCI/0-d8000 (1000c0301000100b)
2025-12-12 13:28:36.219 dc53-p32-t108-n023:389997:390595 [5] NCCL INFO               + PCI[12.0] - NIC/0-da000
2025-12-12 13:28:36.219 dc53-p32-t108-n023:389997:390595 [5] NCCL INFO               + PCI[12.0] - GPU/0-db000 (7)
2025-12-12 13:28:36.219 dc53-p32-t108-n023:389997:390595 [5] NCCL INFO                             + NVL[370.8] - NVS/0
2025-12-12 13:28:36.219 dc53-p32-t108-n023:389997:390595 [5] NCCL INFO + SYS[10.0] - CPU/0
2025-12-12 13:28:36.219 dc53-p32-t108-n023:389997:390595 [5] NCCL INFO + PCI[6.0] - NIC/0-a8000
2025-12-12 13:28:36.219 dc53-p32-t108-n023:389997:390595 [5] NCCL INFO ==========================================
2025-12-12 13:28:36.219 dc53-p32-t108-n023:389997:390595 [5] NCCL INFO GPU/18000 :GPU/0-18000 (0/5000.0/LOC) GPU/0-41000 (2/370.8/NVL) GPU/0-4b000 (2/370.8/NVL) GPU/0-5d000 (2/370.8/NVL) GPU/0-9a000 (2/370.8/NVL) GPU/0-bb000 (2/370.8/NVL) GPU/0-ca000 (2/370.8/NVL) GPU/0-db000 (2/370.8/NVL) NVS/0-0 (1/370.8/NVL) CPU/0-0 (2/12.0/PHB) CPU/0-1 (3/10.0/SYS) 
2025-12-12 13:28:36.219 dc53-p32-t108-n023:389997:390595 [5] NCCL INFO GPU/41000 :GPU/0-18000 (2/370.8/NVL) GPU/0-41000 (0/5000.0/LOC) GPU/0-4b000 (2/370.8/NVL) GPU/0-5d000 (2/370.8/NVL) GPU/0-9a000 (2/370.8/NVL) GPU/0-bb000 (2/370.8/NVL) GPU/0-ca000 (2/370.8/NVL) GPU/0-db000 (2/370.8/NVL) NVS/0-0 (1/370.8/NVL) CPU/0-0 (2/12.0/PHB) CPU/0-1 (3/10.0/SYS) 
2025-12-12 13:28:36.219 dc53-p32-t108-n023:389997:390595 [5] NCCL INFO GPU/4B000 :GPU/0-18000 (2/370.8/NVL) GPU/0-41000 (2/370.8/NVL) GPU/0-4b000 (0/5000.0/LOC) GPU/0-5d000 (2/370.8/NVL) GPU/0-9a000 (2/370.8/NVL) GPU/0-bb000 (2/370.8/NVL) GPU/0-ca000 (2/370.8/NVL) GPU/0-db000 (2/370.8/NVL) NVS/0-0 (1/370.8/NVL) CPU/0-0 (2/12.0/PHB) CPU/0-1 (3/10.0/SYS) 
2025-12-12 13:28:36.219 dc53-p32-t108-n023:389997:390595 [5] NCCL INFO GPU/5D000 :GPU/0-18000 (2/370.8/NVL) GPU/0-41000 (2/370.8/NVL) GPU/0-4b000 (2/370.8/NVL) GPU/0-5d000 (0/5000.0/LOC) GPU/0-9a000 (2/370.8/NVL) GPU/0-bb000 (2/370.8/NVL) GPU/0-ca000 (2/370.8/NVL) GPU/0-db000 (2/370.8/NVL) NVS/0-0 (1/370.8/NVL) CPU/0-0 (2/12.0/PHB) CPU/0-1 (3/10.0/SYS) 
2025-12-12 13:28:36.219 dc53-p32-t108-n023:389997:390595 [5] NCCL INFO GPU/9A000 :GPU/0-18000 (2/370.8/NVL) GPU/0-41000 (2/370.8/NVL) GPU/0-4b000 (2/370.8/NVL) GPU/0-5d000 (2/370.8/NVL) GPU/0-9a000 (0/5000.0/LOC) GPU/0-bb000 (2/370.8/NVL) GPU/0-ca000 (2/370.8/NVL) GPU/0-db000 (2/370.8/NVL) NVS/0-0 (1/370.8/NVL) CPU/0-0 (3/10.0/SYS) CPU/0-1 (2/12.0/PHB) 
2025-12-12 13:28:36.219 dc53-p32-t108-n023:389997:390595 [5] NCCL INFO GPU/BB000 :GPU/0-18000 (2/370.8/NVL) GPU/0-41000 (2/370.8/NVL) GPU/0-4b000 (2/370.8/NVL) GPU/0-5d000 (2/370.8/NVL) GPU/0-9a000 (2/370.8/NVL) GPU/0-bb000 (0/5000.0/LOC) GPU/0-ca000 (2/370.8/NVL) GPU/0-db000 (2/370.8/NVL) NVS/0-0 (1/370.8/NVL) CPU/0-0 (3/10.0/SYS) CPU/0-1 (2/12.0/PHB) 
2025-12-12 13:28:36.219 dc53-p32-t108-n023:389997:390595 [5] NCCL INFO GPU/CA000 :GPU/0-18000 (2/370.8/NVL) GPU/0-41000 (2/370.8/NVL) GPU/0-4b000 (2/370.8/NVL) GPU/0-5d000 (2/370.8/NVL) GPU/0-9a000 (2/370.8/NVL) GPU/0-bb000 (2/370.8/NVL) GPU/0-ca000 (0/5000.0/LOC) GPU/0-db000 (2/370.8/NVL) NVS/0-0 (1/370.8/NVL) CPU/0-0 (3/10.0/SYS) CPU/0-1 (2/12.0/PHB) 
2025-12-12 13:28:36.219 dc53-p32-t108-n023:389997:390595 [5] NCCL INFO GPU/DB000 :GPU/0-18000 (2/370.8/NVL) GPU/0-41000 (2/370.8/NVL) GPU/0-4b000 (2/370.8/NVL) GPU/0-5d000 (2/370.8/NVL) GPU/0-9a000 (2/370.8/NVL) GPU/0-bb000 (2/370.8/NVL) GPU/0-ca000 (2/370.8/NVL) GPU/0-db000 (0/5000.0/LOC) NVS/0-0 (1/370.8/NVL) CPU/0-0 (3/10.0/SYS) CPU/0-1 (2/12.0/PHB) 
2025-12-12 13:28:36.219 dc53-p32-t108-n023:389997:390595 [5] NCCL INFO Setting affinity for GPU 5 to ffffffff,ffff0000,00000000,ffffffff,ffff0000,00000000
2025-12-12 13:28:36.219 dc53-p32-t108-n023:389997:390595 [5] NCCL INFO NCCL_NVLS_ENABLE set by environment to 0.
2025-12-12 13:28:36.220 dc53-p32-t108-n023:389999:390592 [7] NCCL INFO === System : maxBw 370.8 totalBw 370.8 ===
2025-12-12 13:28:36.220 dc53-p32-t108-n023:389999:390592 [7] NCCL INFO CPU/0-0 (1/1/2)
2025-12-12 13:28:36.220 dc53-p32-t108-n023:389999:390592 [7] NCCL INFO + PCI[12.0] - PCI/0-16000 (1000c0301000100b)
2025-12-12 13:28:36.220 dc53-p32-t108-n023:389999:390592 [7] NCCL INFO               + PCI[12.0] - GPU/0-18000 (0)
2025-12-12 13:28:36.220 dc53-p32-t108-n023:389999:390592 [7] NCCL INFO                             + NVL[370.8] - NVS/0
2025-12-12 13:28:36.220 dc53-p32-t108-n023:389999:390592 [7] NCCL INFO + PCI[12.0] - PCI/0-38000 (1000c0301000100b)
2025-12-12 13:28:36.220 dc53-p32-t108-n023:389999:390592 [7] NCCL INFO               + PCI[12.0] - NIC/0-3a000
2025-12-12 13:28:36.220 dc53-p32-t108-n023:389999:390592 [7] NCCL INFO               + PCI[12.0] - GPU/0-41000 (1)
2025-12-12 13:28:36.220 dc53-p32-t108-n023:389999:390592 [7] NCCL INFO                             + NVL[370.8] - NVS/0
2025-12-12 13:28:36.220 dc53-p32-t108-n023:389999:390592 [7] NCCL INFO + PCI[12.0] - PCI/0-49000 (1000c0301000100b)
2025-12-12 13:28:36.220 dc53-p32-t108-n023:389999:390592 [7] NCCL INFO               + PCI[12.0] - GPU/0-4b000 (2)
2025-12-12 13:28:36.220 dc53-p32-t108-n023:389999:390592 [7] NCCL INFO                             + NVL[370.8] - NVS/0
2025-12-12 13:28:36.220 dc53-p32-t108-n023:389999:390592 [7] NCCL INFO               + PCI[12.0] - NIC/0-4c000
2025-12-12 13:28:36.220 dc53-p32-t108-n023:389999:390592 [7] NCCL INFO + PCI[12.0] - PCI/0-5a000 (1000c0301000100b)
2025-12-12 13:28:36.220 dc53-p32-t108-n023:389999:390592 [7] NCCL INFO               + PCI[12.0] - NIC/0-5c000
2025-12-12 13:28:36.220 dc53-p32-t108-n023:389999:390592 [7] NCCL INFO               + PCI[12.0] - GPU/0-5d000 (3)
2025-12-12 13:28:36.220 dc53-p32-t108-n023:389999:390592 [7] NCCL INFO                             + NVL[370.8] - NVS/0
2025-12-12 13:28:36.220 dc53-p32-t108-n023:389999:390592 [7] NCCL INFO + SYS[10.0] - CPU/1
2025-12-12 13:28:36.220 dc53-p32-t108-n023:389999:390592 [7] NCCL INFO + PCI[6.0] - NIC/0-27000
2025-12-12 13:28:36.220 dc53-p32-t108-n023:389999:390592 [7] NCCL INFO CPU/0-1 (1/1/2)
2025-12-12 13:28:36.220 dc53-p32-t108-n023:389999:390592 [7] NCCL INFO + PCI[12.0] - PCI/0-98000 (1000c0301000100b)
2025-12-12 13:28:36.220 dc53-p32-t108-n023:389999:390592 [7] NCCL INFO               + PCI[12.0] - GPU/0-9a000 (4)
2025-12-12 13:28:36.220 dc53-p32-t108-n023:389999:390592 [7] NCCL INFO                             + NVL[370.8] - NVS/0
2025-12-12 13:28:36.220 dc53-p32-t108-n023:389999:390592 [7] NCCL INFO               + PCI[12.0] - NIC/0-9b000
2025-12-12 13:28:36.220 dc53-p32-t108-n023:389999:390592 [7] NCCL INFO + PCI[12.0] - PCI/0-b8000 (1000c0301000100b)
2025-12-12 13:28:36.220 dc53-p32-t108-n023:389999:390592 [7] NCCL INFO               + PCI[12.0] - NIC/0-ba000
2025-12-12 13:28:36.220 dc53-p32-t108-n023:389999:390592 [7] NCCL INFO               + PCI[12.0] - GPU/0-bb000 (5)
2025-12-12 13:28:36.220 dc53-p32-t108-n023:389999:390592 [7] NCCL INFO                             + NVL[370.8] - NVS/0
2025-12-12 13:28:36.220 dc53-p32-t108-n023:389999:390592 [7] NCCL INFO + PCI[12.0] - PCI/0-c8000 (1000c0301000100b)
2025-12-12 13:28:36.220 dc53-p32-t108-n023:389999:390592 [7] NCCL INFO               + PCI[12.0] - GPU/0-ca000 (6)
2025-12-12 13:28:36.220 dc53-p32-t108-n023:389999:390592 [7] NCCL INFO                             + NVL[370.8] - NVS/0
2025-12-12 13:28:36.220 dc53-p32-t108-n023:389999:390592 [7] NCCL INFO               + PCI[12.0] - NIC/0-cb000
2025-12-12 13:28:36.220 dc53-p32-t108-n023:389999:390592 [7] NCCL INFO + PCI[12.0] - PCI/0-d8000 (1000c0301000100b)
2025-12-12 13:28:36.220 dc53-p32-t108-n023:389999:390592 [7] NCCL INFO               + PCI[12.0] - NIC/0-da000
2025-12-12 13:28:36.220 dc53-p32-t108-n023:389999:390592 [7] NCCL INFO               + PCI[12.0] - GPU/0-db000 (7)
2025-12-12 13:28:36.220 dc53-p32-t108-n023:389999:390592 [7] NCCL INFO                             + NVL[370.8] - NVS/0
2025-12-12 13:28:36.220 dc53-p32-t108-n023:389999:390592 [7] NCCL INFO + SYS[10.0] - CPU/0
2025-12-12 13:28:36.220 dc53-p32-t108-n023:389999:390592 [7] NCCL INFO + PCI[6.0] - NIC/0-a8000
2025-12-12 13:28:36.220 dc53-p32-t108-n023:389999:390592 [7] NCCL INFO ==========================================
2025-12-12 13:28:36.220 dc53-p32-t108-n023:389999:390592 [7] NCCL INFO GPU/18000 :GPU/0-18000 (0/5000.0/LOC) GPU/0-41000 (2/370.8/NVL) GPU/0-4b000 (2/370.8/NVL) GPU/0-5d000 (2/370.8/NVL) GPU/0-9a000 (2/370.8/NVL) GPU/0-bb000 (2/370.8/NVL) GPU/0-ca000 (2/370.8/NVL) GPU/0-db000 (2/370.8/NVL) NVS/0-0 (1/370.8/NVL) CPU/0-0 (2/12.0/PHB) CPU/0-1 (3/10.0/SYS) 
2025-12-12 13:28:36.220 dc53-p32-t108-n023:389999:390592 [7] NCCL INFO GPU/41000 :GPU/0-18000 (2/370.8/NVL) GPU/0-41000 (0/5000.0/LOC) GPU/0-4b000 (2/370.8/NVL) GPU/0-5d000 (2/370.8/NVL) GPU/0-9a000 (2/370.8/NVL) GPU/0-bb000 (2/370.8/NVL) GPU/0-ca000 (2/370.8/NVL) GPU/0-db000 (2/370.8/NVL) NVS/0-0 (1/370.8/NVL) CPU/0-0 (2/12.0/PHB) CPU/0-1 (3/10.0/SYS) 
2025-12-12 13:28:36.220 dc53-p32-t108-n023:389999:390592 [7] NCCL INFO GPU/4B000 :GPU/0-18000 (2/370.8/NVL) GPU/0-41000 (2/370.8/NVL) GPU/0-4b000 (0/5000.0/LOC) GPU/0-5d000 (2/370.8/NVL) GPU/0-9a000 (2/370.8/NVL) GPU/0-bb000 (2/370.8/NVL) GPU/0-ca000 (2/370.8/NVL) GPU/0-db000 (2/370.8/NVL) NVS/0-0 (1/370.8/NVL) CPU/0-0 (2/12.0/PHB) CPU/0-1 (3/10.0/SYS) 
2025-12-12 13:28:36.220 dc53-p32-t108-n023:389999:390592 [7] NCCL INFO GPU/5D000 :GPU/0-18000 (2/370.8/NVL) GPU/0-41000 (2/370.8/NVL) GPU/0-4b000 (2/370.8/NVL) GPU/0-5d000 (0/5000.0/LOC) GPU/0-9a000 (2/370.8/NVL) GPU/0-bb000 (2/370.8/NVL) GPU/0-ca000 (2/370.8/NVL) GPU/0-db000 (2/370.8/NVL) NVS/0-0 (1/370.8/NVL) CPU/0-0 (2/12.0/PHB) CPU/0-1 (3/10.0/SYS) 
2025-12-12 13:28:36.220 dc53-p32-t108-n023:389999:390592 [7] NCCL INFO GPU/9A000 :GPU/0-18000 (2/370.8/NVL) GPU/0-41000 (2/370.8/NVL) GPU/0-4b000 (2/370.8/NVL) GPU/0-5d000 (2/370.8/NVL) GPU/0-9a000 (0/5000.0/LOC) GPU/0-bb000 (2/370.8/NVL) GPU/0-ca000 (2/370.8/NVL) GPU/0-db000 (2/370.8/NVL) NVS/0-0 (1/370.8/NVL) CPU/0-0 (3/10.0/SYS) CPU/0-1 (2/12.0/PHB) 
2025-12-12 13:28:36.220 dc53-p32-t108-n023:389999:390592 [7] NCCL INFO GPU/BB000 :GPU/0-18000 (2/370.8/NVL) GPU/0-41000 (2/370.8/NVL) GPU/0-4b000 (2/370.8/NVL) GPU/0-5d000 (2/370.8/NVL) GPU/0-9a000 (2/370.8/NVL) GPU/0-bb000 (0/5000.0/LOC) GPU/0-ca000 (2/370.8/NVL) GPU/0-db000 (2/370.8/NVL) NVS/0-0 (1/370.8/NVL) CPU/0-0 (3/10.0/SYS) CPU/0-1 (2/12.0/PHB) 
2025-12-12 13:28:36.220 dc53-p32-t108-n023:389999:390592 [7] NCCL INFO GPU/CA000 :GPU/0-18000 (2/370.8/NVL) GPU/0-41000 (2/370.8/NVL) GPU/0-4b000 (2/370.8/NVL) GPU/0-5d000 (2/370.8/NVL) GPU/0-9a000 (2/370.8/NVL) GPU/0-bb000 (2/370.8/NVL) GPU/0-ca000 (0/5000.0/LOC) GPU/0-db000 (2/370.8/NVL) NVS/0-0 (1/370.8/NVL) CPU/0-0 (3/10.0/SYS) CPU/0-1 (2/12.0/PHB) 
2025-12-12 13:28:36.220 dc53-p32-t108-n023:389999:390592 [7] NCCL INFO GPU/DB000 :GPU/0-18000 (2/370.8/NVL) GPU/0-41000 (2/370.8/NVL) GPU/0-4b000 (2/370.8/NVL) GPU/0-5d000 (2/370.8/NVL) GPU/0-9a000 (2/370.8/NVL) GPU/0-bb000 (2/370.8/NVL) GPU/0-ca000 (2/370.8/NVL) GPU/0-db000 (0/5000.0/LOC) NVS/0-0 (1/370.8/NVL) CPU/0-0 (3/10.0/SYS) CPU/0-1 (2/12.0/PHB) 
2025-12-12 13:28:36.220 dc53-p32-t108-n023:389999:390592 [7] NCCL INFO Setting affinity for GPU 7 to ffffffff,ffff0000,00000000,ffffffff,ffff0000,00000000
2025-12-12 13:28:36.220 dc53-p32-t108-n023:389999:390592 [7] NCCL INFO NCCL_NVLS_ENABLE set by environment to 0.
2025-12-12 13:28:36.221 dc53-p32-t108-n023:389996:390594 [4] NCCL INFO === System : maxBw 370.8 totalBw 370.8 ===
2025-12-12 13:28:36.221 dc53-p32-t108-n023:389996:390594 [4] NCCL INFO CPU/0-0 (1/1/2)
2025-12-12 13:28:36.221 dc53-p32-t108-n023:389996:390594 [4] NCCL INFO + PCI[12.0] - PCI/0-16000 (1000c0301000100b)
2025-12-12 13:28:36.221 dc53-p32-t108-n023:389996:390594 [4] NCCL INFO               + PCI[12.0] - GPU/0-18000 (0)
2025-12-12 13:28:36.221 dc53-p32-t108-n023:389996:390594 [4] NCCL INFO                             + NVL[370.8] - NVS/0
2025-12-12 13:28:36.221 dc53-p32-t108-n023:389996:390594 [4] NCCL INFO + PCI[12.0] - PCI/0-38000 (1000c0301000100b)
2025-12-12 13:28:36.221 dc53-p32-t108-n023:389996:390594 [4] NCCL INFO               + PCI[12.0] - NIC/0-3a000
2025-12-12 13:28:36.221 dc53-p32-t108-n023:389996:390594 [4] NCCL INFO               + PCI[12.0] - GPU/0-41000 (1)
2025-12-12 13:28:36.221 dc53-p32-t108-n023:389996:390594 [4] NCCL INFO                             + NVL[370.8] - NVS/0
2025-12-12 13:28:36.221 dc53-p32-t108-n023:389996:390594 [4] NCCL INFO + PCI[12.0] - PCI/0-49000 (1000c0301000100b)
2025-12-12 13:28:36.221 dc53-p32-t108-n023:389996:390594 [4] NCCL INFO               + PCI[12.0] - GPU/0-4b000 (2)
2025-12-12 13:28:36.221 dc53-p32-t108-n023:389996:390594 [4] NCCL INFO                             + NVL[370.8] - NVS/0
2025-12-12 13:28:36.221 dc53-p32-t108-n023:389996:390594 [4] NCCL INFO               + PCI[12.0] - NIC/0-4c000
2025-12-12 13:28:36.221 dc53-p32-t108-n023:389996:390594 [4] NCCL INFO + PCI[12.0] - PCI/0-5a000 (1000c0301000100b)
2025-12-12 13:28:36.227 dc53-p32-t108-n023:389999:390592 [7] NCCL INFO Pattern 4, crossNic 0, nChannels 12, bw 30.000000/30.000000, type NVL/PIX, sameChannels 1
2025-12-12 13:28:36.227 dc53-p32-t108-n023:389999:390592 [7] NCCL INFO  0 : GPU/0 GPU/1 GPU/2 GPU/3 GPU/4 GPU/5 GPU/6 GPU/7
2025-12-12 13:28:36.227 dc53-p32-t108-n023:389999:390592 [7] NCCL INFO  1 : GPU/0 GPU/1 GPU/2 GPU/3 GPU/4 GPU/5 GPU/6 GPU/7
2025-12-12 13:28:36.227 dc53-p32-t108-n023:389999:390592 [7] NCCL INFO  2 : GPU/0 GPU/1 GPU/2 GPU/3 GPU/4 GPU/5 GPU/6 GPU/7
2025-12-12 13:28:36.227 dc53-p32-t108-n023:389999:390592 [7] NCCL INFO  3 : GPU/0 GPU/1 GPU/2 GPU/3 GPU/4 GPU/5 GPU/6 GPU/7
2025-12-12 13:28:36.227 dc53-p32-t108-n023:389999:390592 [7] NCCL INFO  4 : GPU/0 GPU/1 GPU/2 GPU/3 GPU/4 GPU/5 GPU/6 GPU/7
2025-12-12 13:28:36.227 dc53-p32-t108-n023:389999:390592 [7] NCCL INFO  5 : GPU/0 GPU/1 GPU/2 GPU/3 GPU/4 GPU/5 GPU/6 GPU/7
2025-12-12 13:28:36.227 dc53-p32-t108-n023:389999:390592 [7] NCCL INFO  6 : GPU/0 GPU/1 GPU/2 GPU/3 GPU/4 GPU/5 GPU/6 GPU/7
2025-12-12 13:28:36.221 dc53-p32-t108-n023:389996:390594 [4] NCCL INFO               + PCI[12.0] - NIC/0-5c000
2025-12-12 13:28:36.227 dc53-p32-t108-n023:389999:390592 [7] NCCL INFO  7 : GPU/0 GPU/1 GPU/2 GPU/3 GPU/4 GPU/5 GPU/6 GPU/7
2025-12-12 13:28:36.227 dc53-p32-t108-n023:389999:390592 [7] NCCL INFO  8 : GPU/0 GPU/1 GPU/2 GPU/3 GPU/4 GPU/5 GPU/6 GPU/7
2025-12-12 13:28:36.227 dc53-p32-t108-n023:389999:390592 [7] NCCL INFO  9 : GPU/0 GPU/1 GPU/2 GPU/3 GPU/4 GPU/5 GPU/6 GPU/7
2025-12-12 13:28:36.227 dc53-p32-t108-n023:389999:390592 [7] NCCL INFO 10 : GPU/0 GPU/1 GPU/2 GPU/3 GPU/4 GPU/5 GPU/6 GPU/7
2025-12-12 13:28:36.227 dc53-p32-t108-n023:389999:390592 [7] NCCL INFO 11 : GPU/0 GPU/1 GPU/2 GPU/3 GPU/4 GPU/5 GPU/6 GPU/7
2025-12-12 13:28:36.221 dc53-p32-t108-n023:389996:390594 [4] NCCL INFO               + PCI[12.0] - GPU/0-5d000 (3)
2025-12-12 13:28:36.228 dc53-p32-t108-n023:389999:390592 [7] NCCL INFO Pattern 1, crossNic 0, nChannels 12, bw 30.000000/30.000000, type NVL/PIX, sameChannels 1
2025-12-12 13:28:36.228 dc53-p32-t108-n023:389999:390592 [7] NCCL INFO  0 : GPU/0 GPU/1 GPU/2 GPU/3 GPU/4 GPU/5 GPU/6 GPU/7
2025-12-12 13:28:36.228 dc53-p32-t108-n023:389999:390592 [7] NCCL INFO  1 : GPU/0 GPU/1 GPU/2 GPU/3 GPU/4 GPU/5 GPU/6 GPU/7
2025-12-12 13:28:36.228 dc53-p32-t108-n023:389999:390592 [7] NCCL INFO  2 : GPU/0 GPU/1 GPU/2 GPU/3 GPU/4 GPU/5 GPU/6 GPU/7
2025-12-12 13:28:36.228 dc53-p32-t108-n023:389999:390592 [7] NCCL INFO  3 : GPU/0 GPU/1 GPU/2 GPU/3 GPU/4 GPU/5 GPU/6 GPU/7
2025-12-12 13:28:36.228 dc53-p32-t108-n023:389999:390592 [7] NCCL INFO  4 : GPU/0 GPU/1 GPU/2 GPU/3 GPU/4 GPU/5 GPU/6 GPU/7
2025-12-12 13:28:36.228 dc53-p32-t108-n023:389999:390592 [7] NCCL INFO  5 : GPU/0 GPU/1 GPU/2 GPU/3 GPU/4 GPU/5 GPU/6 GPU/7
2025-12-12 13:28:36.228 dc53-p32-t108-n023:389999:390592 [7] NCCL INFO  6 : GPU/0 GPU/1 GPU/2 GPU/3 GPU/4 GPU/5 GPU/6 GPU/7
2025-12-12 13:28:36.228 dc53-p32-t108-n023:389999:390592 [7] NCCL INFO  7 : GPU/0 GPU/1 GPU/2 GPU/3 GPU/4 GPU/5 GPU/6 GPU/7
2025-12-12 13:28:36.228 dc53-p32-t108-n023:389999:390592 [7] NCCL INFO  8 : GPU/0 GPU/1 GPU/2 GPU/3 GPU/4 GPU/5 GPU/6 GPU/7
2025-12-12 13:28:36.221 dc53-p32-t108-n023:389996:390594 [4] NCCL INFO                             + NVL[370.8] - NVS/0
2025-12-12 13:28:36.228 dc53-p32-t108-n023:389999:390592 [7] NCCL INFO  9 : GPU/0 GPU/1 GPU/2 GPU/3 GPU/4 GPU/5 GPU/6 GPU/7
2025-12-12 13:28:36.228 dc53-p32-t108-n023:389999:390592 [7] NCCL INFO 10 : GPU/0 GPU/1 GPU/2 GPU/3 GPU/4 GPU/5 GPU/6 GPU/7
2025-12-12 13:28:36.228 dc53-p32-t108-n023:389999:390592 [7] NCCL INFO 11 : GPU/0 GPU/1 GPU/2 GPU/3 GPU/4 GPU/5 GPU/6 GPU/7
2025-12-12 13:28:36.221 dc53-p32-t108-n023:389996:390594 [4] NCCL INFO + SYS[10.0] - CPU/1
2025-12-12 13:28:36.221 dc53-p32-t108-n023:389996:390594 [4] NCCL INFO + PCI[6.0] - NIC/0-27000
2025-12-12 13:28:36.221 dc53-p32-t108-n023:389996:390594 [4] NCCL INFO CPU/0-1 (1/1/2)
2025-12-12 13:28:36.221 dc53-p32-t108-n023:389996:390594 [4] NCCL INFO + PCI[12.0] - PCI/0-98000 (1000c0301000100b)
2025-12-12 13:28:36.221 dc53-p32-t108-n023:389996:390594 [4] NCCL INFO               + PCI[12.0] - GPU/0-9a000 (4)
2025-12-12 13:28:36.221 dc53-p32-t108-n023:389996:390594 [4] NCCL INFO                             + NVL[370.8] - NVS/0
2025-12-12 13:28:36.221 dc53-p32-t108-n023:389996:390594 [4] NCCL INFO               + PCI[12.0] - NIC/0-9b000
2025-12-12 13:28:36.221 dc53-p32-t108-n023:389996:390594 [4] NCCL INFO + PCI[12.0] - PCI/0-b8000 (1000c0301000100b)
2025-12-12 13:28:36.221 dc53-p32-t108-n023:389996:390594 [4] NCCL INFO               + PCI[12.0] - NIC/0-ba000
2025-12-12 13:28:36.221 dc53-p32-t108-n023:389996:390594 [4] NCCL INFO               + PCI[12.0] - GPU/0-bb000 (5)
2025-12-12 13:28:36.221 dc53-p32-t108-n023:389996:390594 [4] NCCL INFO                             + NVL[370.8] - NVS/0
2025-12-12 13:28:36.221 dc53-p32-t108-n023:389996:390594 [4] NCCL INFO + PCI[12.0] - PCI/0-c8000 (1000c0301000100b)
2025-12-12 13:28:36.221 dc53-p32-t108-n023:389996:390594 [4] NCCL INFO               + PCI[12.0] - GPU/0-ca000 (6)
2025-12-12 13:28:36.221 dc53-p32-t108-n023:389996:390594 [4] NCCL INFO                             + NVL[370.8] - NVS/0
2025-12-12 13:28:36.221 dc53-p32-t108-n023:389996:390594 [4] NCCL INFO               + PCI[12.0] - NIC/0-cb000
2025-12-12 13:28:36.228 dc53-p32-t108-n023:389996:390594 [4] NCCL INFO Pattern 4, crossNic 0, nChannels 12, bw 30.000000/30.000000, type NVL/PIX, sameChannels 1
2025-12-12 13:28:36.228 dc53-p32-t108-n023:389996:390594 [4] NCCL INFO  0 : GPU/0 GPU/1 GPU/2 GPU/3 GPU/4 GPU/5 GPU/6 GPU/7
2025-12-12 13:28:36.228 dc53-p32-t108-n023:389996:390594 [4] NCCL INFO  1 : GPU/0 GPU/1 GPU/2 GPU/3 GPU/4 GPU/5 GPU/6 GPU/7
2025-12-12 13:28:36.228 dc53-p32-t108-n023:389996:390594 [4] NCCL INFO  2 : GPU/0 GPU/1 GPU/2 GPU/3 GPU/4 GPU/5 GPU/6 GPU/7
2025-12-12 13:28:36.228 dc53-p32-t108-n023:389996:390594 [4] NCCL INFO  3 : GPU/0 GPU/1 GPU/2 GPU/3 GPU/4 GPU/5 GPU/6 GPU/7
2025-12-12 13:28:36.228 dc53-p32-t108-n023:389996:390594 [4] NCCL INFO  4 : GPU/0 GPU/1 GPU/2 GPU/3 GPU/4 GPU/5 GPU/6 GPU/7
2025-12-12 13:28:36.228 dc53-p32-t108-n023:389996:390594 [4] NCCL INFO  5 : GPU/0 GPU/1 GPU/2 GPU/3 GPU/4 GPU/5 GPU/6 GPU/7
2025-12-12 13:28:36.228 dc53-p32-t108-n023:389996:390594 [4] NCCL INFO  6 : GPU/0 GPU/1 GPU/2 GPU/3 GPU/4 GPU/5 GPU/6 GPU/7
2025-12-12 13:28:36.228 dc53-p32-t108-n023:389996:390594 [4] NCCL INFO  7 : GPU/0 GPU/1 GPU/2 GPU/3 GPU/4 GPU/5 GPU/6 GPU/7
2025-12-12 13:28:36.228 dc53-p32-t108-n023:389996:390594 [4] NCCL INFO  8 : GPU/0 GPU/1 GPU/2 GPU/3 GPU/4 GPU/5 GPU/6 GPU/7
2025-12-12 13:28:36.228 dc53-p32-t108-n023:389996:390594 [4] NCCL INFO  9 : GPU/0 GPU/1 GPU/2 GPU/3 GPU/4 GPU/5 GPU/6 GPU/7
2025-12-12 13:28:36.228 dc53-p32-t108-n023:389996:390594 [4] NCCL INFO 10 : GPU/0 GPU/1 GPU/2 GPU/3 GPU/4 GPU/5 GPU/6 GPU/7
2025-12-12 13:28:36.228 dc53-p32-t108-n023:389996:390594 [4] NCCL INFO 11 : GPU/0 GPU/1 GPU/2 GPU/3 GPU/4 GPU/5 GPU/6 GPU/7
2025-12-12 13:28:36.221 dc53-p32-t108-n023:389996:390594 [4] NCCL INFO + PCI[12.0] - PCI/0-d8000 (1000c0301000100b)
2025-12-12 13:28:36.228 dc53-p32-t108-n023:389996:390594 [4] NCCL INFO Pattern 1, crossNic 0, nChannels 12, bw 30.000000/30.000000, type NVL/PIX, sameChannels 1
2025-12-12 13:28:36.228 dc53-p32-t108-n023:389996:390594 [4] NCCL INFO  0 : GPU/0 GPU/1 GPU/2 GPU/3 GPU/4 GPU/5 GPU/6 GPU/7
2025-12-12 13:28:36.228 dc53-p32-t108-n023:389996:390594 [4] NCCL INFO  1 : GPU/0 GPU/1 GPU/2 GPU/3 GPU/4 GPU/5 GPU/6 GPU/7
2025-12-12 13:28:36.221 dc53-p32-t108-n023:389996:390594 [4] NCCL INFO               + PCI[12.0] - NIC/0-da000
2025-12-12 13:28:36.228 dc53-p32-t108-n023:389996:390594 [4] NCCL INFO  2 : GPU/0 GPU/1 GPU/2 GPU/3 GPU/4 GPU/5 GPU/6 GPU/7
2025-12-12 13:28:36.228 dc53-p32-t108-n023:389996:390594 [4] NCCL INFO  3 : GPU/0 GPU/1 GPU/2 GPU/3 GPU/4 GPU/5 GPU/6 GPU/7
2025-12-12 13:28:36.228 dc53-p32-t108-n023:389996:390594 [4] NCCL INFO  4 : GPU/0 GPU/1 GPU/2 GPU/3 GPU/4 GPU/5 GPU/6 GPU/7
2025-12-12 13:28:36.228 dc53-p32-t108-n023:389996:390594 [4] NCCL INFO  5 : GPU/0 GPU/1 GPU/2 GPU/3 GPU/4 GPU/5 GPU/6 GPU/7
2025-12-12 13:28:36.228 dc53-p32-t108-n023:389996:390594 [4] NCCL INFO  6 : GPU/0 GPU/1 GPU/2 GPU/3 GPU/4 GPU/5 GPU/6 GPU/7
2025-12-12 13:28:36.228 dc53-p32-t108-n023:389996:390594 [4] NCCL INFO  7 : GPU/0 GPU/1 GPU/2 GPU/3 GPU/4 GPU/5 GPU/6 GPU/7
2025-12-12 13:28:36.228 dc53-p32-t108-n023:389996:390594 [4] NCCL INFO  8 : GPU/0 GPU/1 GPU/2 GPU/3 GPU/4 GPU/5 GPU/6 GPU/7
2025-12-12 13:28:36.228 dc53-p32-t108-n023:389996:390594 [4] NCCL INFO  9 : GPU/0 GPU/1 GPU/2 GPU/3 GPU/4 GPU/5 GPU/6 GPU/7
2025-12-12 13:28:36.228 dc53-p32-t108-n023:389996:390594 [4] NCCL INFO 10 : GPU/0 GPU/1 GPU/2 GPU/3 GPU/4 GPU/5 GPU/6 GPU/7
2025-12-12 13:28:36.228 dc53-p32-t108-n023:389996:390594 [4] NCCL INFO 11 : GPU/0 GPU/1 GPU/2 GPU/3 GPU/4 GPU/5 GPU/6 GPU/7
2025-12-12 13:28:36.221 dc53-p32-t108-n023:389996:390594 [4] NCCL INFO               + PCI[12.0] - GPU/0-db000 (7)
2025-12-12 13:28:36.221 dc53-p32-t108-n023:389996:390594 [4] NCCL INFO                             + NVL[370.8] - NVS/0
2025-12-12 13:28:36.221 dc53-p32-t108-n023:389996:390594 [4] NCCL INFO + SYS[10.0] - CPU/0
2025-12-12 13:28:36.221 dc53-p32-t108-n023:389996:390594 [4] NCCL INFO + PCI[6.0] - NIC/0-a8000
2025-12-12 13:28:36.221 dc53-p32-t108-n023:389996:390594 [4] NCCL INFO ==========================================
2025-12-12 13:28:36.221 dc53-p32-t108-n023:389996:390594 [4] NCCL INFO GPU/18000 :GPU/0-18000 (0/5000.0/LOC) GPU/0-41000 (2/370.8/NVL) GPU/0-4b000 (2/370.8/NVL) GPU/0-5d000 (2/370.8/NVL) GPU/0-9a000 (2/370.8/NVL) GPU/0-bb000 (2/370.8/NVL) GPU/0-ca000 (2/370.8/NVL) GPU/0-db000 (2/370.8/NVL) NVS/0-0 (1/370.8/NVL) CPU/0-0 (2/12.0/PHB) CPU/0-1 (3/10.0/SYS) 
2025-12-12 13:28:36.221 dc53-p32-t108-n023:389996:390594 [4] NCCL INFO GPU/41000 :GPU/0-18000 (2/370.8/NVL) GPU/0-41000 (0/5000.0/LOC) GPU/0-4b000 (2/370.8/NVL) GPU/0-5d000 (2/370.8/NVL) GPU/0-9a000 (2/370.8/NVL) GPU/0-bb000 (2/370.8/NVL) GPU/0-ca000 (2/370.8/NVL) GPU/0-db000 (2/370.8/NVL) NVS/0-0 (1/370.8/NVL) CPU/0-0 (2/12.0/PHB) CPU/0-1 (3/10.0/SYS) 
2025-12-12 13:28:36.221 dc53-p32-t108-n023:389996:390594 [4] NCCL INFO GPU/4B000 :GPU/0-18000 (2/370.8/NVL) GPU/0-41000 (2/370.8/NVL) GPU/0-4b000 (0/5000.0/LOC) GPU/0-5d000 (2/370.8/NVL) GPU/0-9a000 (2/370.8/NVL) GPU/0-bb000 (2/370.8/NVL) GPU/0-ca000 (2/370.8/NVL) GPU/0-db000 (2/370.8/NVL) NVS/0-0 (1/370.8/NVL) CPU/0-0 (2/12.0/PHB) CPU/0-1 (3/10.0/SYS) 
2025-12-12 13:28:36.221 dc53-p32-t108-n023:389996:390594 [4] NCCL INFO GPU/5D000 :GPU/0-18000 (2/370.8/NVL) GPU/0-41000 (2/370.8/NVL) GPU/0-4b000 (2/370.8/NVL) GPU/0-5d000 (0/5000.0/LOC) GPU/0-9a000 (2/370.8/NVL) GPU/0-bb000 (2/370.8/NVL) GPU/0-ca000 (2/370.8/NVL) GPU/0-db000 (2/370.8/NVL) NVS/0-0 (1/370.8/NVL) CPU/0-0 (2/12.0/PHB) CPU/0-1 (3/10.0/SYS) 
2025-12-12 13:28:36.221 dc53-p32-t108-n023:389996:390594 [4] NCCL INFO GPU/9A000 :GPU/0-18000 (2/370.8/NVL) GPU/0-41000 (2/370.8/NVL) GPU/0-4b000 (2/370.8/NVL) GPU/0-5d000 (2/370.8/NVL) GPU/0-9a000 (0/5000.0/LOC) GPU/0-bb000 (2/370.8/NVL) GPU/0-ca000 (2/370.8/NVL) GPU/0-db000 (2/370.8/NVL) NVS/0-0 (1/370.8/NVL) CPU/0-0 (3/10.0/SYS) CPU/0-1 (2/12.0/PHB) 
2025-12-12 13:28:36.221 dc53-p32-t108-n023:389996:390594 [4] NCCL INFO GPU/BB000 :GPU/0-18000 (2/370.8/NVL) GPU/0-41000 (2/370.8/NVL) GPU/0-4b000 (2/370.8/NVL) GPU/0-5d000 (2/370.8/NVL) GPU/0-9a000 (2/370.8/NVL) GPU/0-bb000 (0/5000.0/LOC) GPU/0-ca000 (2/370.8/NVL) GPU/0-db000 (2/370.8/NVL) NVS/0-0 (1/370.8/NVL) CPU/0-0 (3/10.0/SYS) CPU/0-1 (2/12.0/PHB) 
2025-12-12 13:28:36.221 dc53-p32-t108-n023:389996:390594 [4] NCCL INFO GPU/CA000 :GPU/0-18000 (2/370.8/NVL) GPU/0-41000 (2/370.8/NVL) GPU/0-4b000 (2/370.8/NVL) GPU/0-5d000 (2/370.8/NVL) GPU/0-9a000 (2/370.8/NVL) GPU/0-bb000 (2/370.8/NVL) GPU/0-ca000 (0/5000.0/LOC) GPU/0-db000 (2/370.8/NVL) NVS/0-0 (1/370.8/NVL) CPU/0-0 (3/10.0/SYS) CPU/0-1 (2/12.0/PHB) 
2025-12-12 13:28:36.221 dc53-p32-t108-n023:389996:390594 [4] NCCL INFO GPU/DB000 :GPU/0-18000 (2/370.8/NVL) GPU/0-41000 (2/370.8/NVL) GPU/0-4b000 (2/370.8/NVL) GPU/0-5d000 (2/370.8/NVL) GPU/0-9a000 (2/370.8/NVL) GPU/0-bb000 (2/370.8/NVL) GPU/0-ca000 (2/370.8/NVL) GPU/0-db000 (0/5000.0/LOC) NVS/0-0 (1/370.8/NVL) CPU/0-0 (3/10.0/SYS) CPU/0-1 (2/12.0/PHB) 
2025-12-12 13:28:36.221 dc53-p32-t108-n023:389996:390594 [4] NCCL INFO Setting affinity for GPU 4 to ffffffff,ffff0000,00000000,ffffffff,ffff0000,00000000
2025-12-12 13:28:36.221 dc53-p32-t108-n023:389996:390594 [4] NCCL INFO NCCL_NVLS_ENABLE set by environment to 0.
2025-12-12 13:28:36.222 dc53-p32-t108-n023:389995:390597 [3] NCCL INFO Pattern 4, crossNic 0, nChannels 12, bw 30.000000/30.000000, type NVL/PIX, sameChannels 1
2025-12-12 13:28:36.222 dc53-p32-t108-n023:389995:390597 [3] NCCL INFO  0 : GPU/0 GPU/1 GPU/2 GPU/3 GPU/4 GPU/5 GPU/6 GPU/7
2025-12-12 13:28:36.222 dc53-p32-t108-n023:389995:390597 [3] NCCL INFO  1 : GPU/0 GPU/1 GPU/2 GPU/3 GPU/4 GPU/5 GPU/6 GPU/7
2025-12-12 13:28:36.222 dc53-p32-t108-n023:389995:390597 [3] NCCL INFO  2 : GPU/0 GPU/1 GPU/2 GPU/3 GPU/4 GPU/5 GPU/6 GPU/7
2025-12-12 13:28:36.222 dc53-p32-t108-n023:389995:390597 [3] NCCL INFO  3 : GPU/0 GPU/1 GPU/2 GPU/3 GPU/4 GPU/5 GPU/6 GPU/7
2025-12-12 13:28:36.229 dc53-p32-t108-n023:389997:390595 [5] NCCL INFO Pattern 4, crossNic 0, nChannels 12, bw 30.000000/30.000000, type NVL/PIX, sameChannels 1
2025-12-12 13:28:36.229 dc53-p32-t108-n023:389997:390595 [5] NCCL INFO  0 : GPU/0 GPU/1 GPU/2 GPU/3 GPU/4 GPU/5 GPU/6 GPU/7
2025-12-12 13:28:36.229 dc53-p32-t108-n023:389997:390595 [5] NCCL INFO  1 : GPU/0 GPU/1 GPU/2 GPU/3 GPU/4 GPU/5 GPU/6 GPU/7
2025-12-12 13:28:36.229 dc53-p32-t108-n023:389997:390595 [5] NCCL INFO  2 : GPU/0 GPU/1 GPU/2 GPU/3 GPU/4 GPU/5 GPU/6 GPU/7
2025-12-12 13:28:36.229 dc53-p32-t108-n023:389997:390595 [5] NCCL INFO  3 : GPU/0 GPU/1 GPU/2 GPU/3 GPU/4 GPU/5 GPU/6 GPU/7
2025-12-12 13:28:36.222 dc53-p32-t108-n023:389995:390597 [3] NCCL INFO  4 : GPU/0 GPU/1 GPU/2 GPU/3 GPU/4 GPU/5 GPU/6 GPU/7
2025-12-12 13:28:36.229 dc53-p32-t108-n023:389997:390595 [5] NCCL INFO  4 : GPU/0 GPU/1 GPU/2 GPU/3 GPU/4 GPU/5 GPU/6 GPU/7
2025-12-12 13:28:36.229 dc53-p32-t108-n023:389997:390595 [5] NCCL INFO  5 : GPU/0 GPU/1 GPU/2 GPU/3 GPU/4 GPU/5 GPU/6 GPU/7
2025-12-12 13:28:36.229 dc53-p32-t108-n023:389997:390595 [5] NCCL INFO  6 : GPU/0 GPU/1 GPU/2 GPU/3 GPU/4 GPU/5 GPU/6 GPU/7
2025-12-12 13:28:36.229 dc53-p32-t108-n023:389997:390595 [5] NCCL INFO  7 : GPU/0 GPU/1 GPU/2 GPU/3 GPU/4 GPU/5 GPU/6 GPU/7
2025-12-12 13:28:36.229 dc53-p32-t108-n023:389997:390595 [5] NCCL INFO  8 : GPU/0 GPU/1 GPU/2 GPU/3 GPU/4 GPU/5 GPU/6 GPU/7
2025-12-12 13:28:36.229 dc53-p32-t108-n023:389997:390595 [5] NCCL INFO  9 : GPU/0 GPU/1 GPU/2 GPU/3 GPU/4 GPU/5 GPU/6 GPU/7
2025-12-12 13:28:36.229 dc53-p32-t108-n023:389997:390595 [5] NCCL INFO 10 : GPU/0 GPU/1 GPU/2 GPU/3 GPU/4 GPU/5 GPU/6 GPU/7
2025-12-12 13:28:36.229 dc53-p32-t108-n023:389997:390595 [5] NCCL INFO 11 : GPU/0 GPU/1 GPU/2 GPU/3 GPU/4 GPU/5 GPU/6 GPU/7
2025-12-12 13:28:36.222 dc53-p32-t108-n023:389995:390597 [3] NCCL INFO  5 : GPU/0 GPU/1 GPU/2 GPU/3 GPU/4 GPU/5 GPU/6 GPU/7
2025-12-12 13:28:36.222 dc53-p32-t108-n023:389995:390597 [3] NCCL INFO  6 : GPU/0 GPU/1 GPU/2 GPU/3 GPU/4 GPU/5 GPU/6 GPU/7
2025-12-12 13:28:36.230 dc53-p32-t108-n023:389997:390595 [5] NCCL INFO Pattern 1, crossNic 0, nChannels 12, bw 30.000000/30.000000, type NVL/PIX, sameChannels 1
2025-12-12 13:28:36.230 dc53-p32-t108-n023:389997:390595 [5] NCCL INFO  0 : GPU/0 GPU/1 GPU/2 GPU/3 GPU/4 GPU/5 GPU/6 GPU/7
2025-12-12 13:28:36.230 dc53-p32-t108-n023:389997:390595 [5] NCCL INFO  1 : GPU/0 GPU/1 GPU/2 GPU/3 GPU/4 GPU/5 GPU/6 GPU/7
2025-12-12 13:28:36.230 dc53-p32-t108-n023:389997:390595 [5] NCCL INFO  2 : GPU/0 GPU/1 GPU/2 GPU/3 GPU/4 GPU/5 GPU/6 GPU/7
2025-12-12 13:28:36.230 dc53-p32-t108-n023:389997:390595 [5] NCCL INFO  3 : GPU/0 GPU/1 GPU/2 GPU/3 GPU/4 GPU/5 GPU/6 GPU/7
2025-12-12 13:28:36.230 dc53-p32-t108-n023:389997:390595 [5] NCCL INFO  4 : GPU/0 GPU/1 GPU/2 GPU/3 GPU/4 GPU/5 GPU/6 GPU/7
2025-12-12 13:28:36.230 dc53-p32-t108-n023:389997:390595 [5] NCCL INFO  5 : GPU/0 GPU/1 GPU/2 GPU/3 GPU/4 GPU/5 GPU/6 GPU/7
2025-12-12 13:28:36.230 dc53-p32-t108-n023:389997:390595 [5] NCCL INFO  6 : GPU/0 GPU/1 GPU/2 GPU/3 GPU/4 GPU/5 GPU/6 GPU/7
2025-12-12 13:28:36.222 dc53-p32-t108-n023:389995:390597 [3] NCCL INFO  7 : GPU/0 GPU/1 GPU/2 GPU/3 GPU/4 GPU/5 GPU/6 GPU/7
2025-12-12 13:28:36.230 dc53-p32-t108-n023:389997:390595 [5] NCCL INFO  7 : GPU/0 GPU/1 GPU/2 GPU/3 GPU/4 GPU/5 GPU/6 GPU/7
2025-12-12 13:28:36.230 dc53-p32-t108-n023:389997:390595 [5] NCCL INFO  8 : GPU/0 GPU/1 GPU/2 GPU/3 GPU/4 GPU/5 GPU/6 GPU/7
2025-12-12 13:28:36.230 dc53-p32-t108-n023:389997:390595 [5] NCCL INFO  9 : GPU/0 GPU/1 GPU/2 GPU/3 GPU/4 GPU/5 GPU/6 GPU/7
2025-12-12 13:28:36.230 dc53-p32-t108-n023:389997:390595 [5] NCCL INFO 10 : GPU/0 GPU/1 GPU/2 GPU/3 GPU/4 GPU/5 GPU/6 GPU/7
2025-12-12 13:28:36.230 dc53-p32-t108-n023:389997:390595 [5] NCCL INFO 11 : GPU/0 GPU/1 GPU/2 GPU/3 GPU/4 GPU/5 GPU/6 GPU/7
2025-12-12 13:28:36.222 dc53-p32-t108-n023:389995:390597 [3] NCCL INFO  8 : GPU/0 GPU/1 GPU/2 GPU/3 GPU/4 GPU/5 GPU/6 GPU/7
2025-12-12 13:28:36.222 dc53-p32-t108-n023:389995:390597 [3] NCCL INFO  9 : GPU/0 GPU/1 GPU/2 GPU/3 GPU/4 GPU/5 GPU/6 GPU/7
2025-12-12 13:28:36.222 dc53-p32-t108-n023:389995:390597 [3] NCCL INFO 10 : GPU/0 GPU/1 GPU/2 GPU/3 GPU/4 GPU/5 GPU/6 GPU/7
2025-12-12 13:28:36.222 dc53-p32-t108-n023:389995:390597 [3] NCCL INFO 11 : GPU/0 GPU/1 GPU/2 GPU/3 GPU/4 GPU/5 GPU/6 GPU/7
2025-12-12 13:28:36.230 dc53-p32-t108-n023:389996:390594 [4] NCCL INFO comm 0xf818780 rank 4 nRanks 8 nNodes 1 localRanks 8 localRank 4 MNNVL 0
2025-12-12 13:28:36.230 dc53-p32-t108-n023:389995:390597 [3] NCCL INFO comm 0xefd4da0 rank 3 nRanks 8 nNodes 1 localRanks 8 localRank 3 MNNVL 0
2025-12-12 13:28:36.222 dc53-p32-t108-n023:389995:390597 [3] NCCL INFO Pattern 1, crossNic 0, nChannels 12, bw 30.000000/30.000000, type NVL/PIX, sameChannels 1
2025-12-12 13:28:36.230 dc53-p32-t108-n023:389994:390596 [2] NCCL INFO comm 0xf9da070 rank 2 nRanks 8 nNodes 1 localRanks 8 localRank 2 MNNVL 0
2025-12-12 13:28:36.230 dc53-p32-t108-n023:389997:390595 [5] NCCL INFO comm 0xfab5ba0 rank 5 nRanks 8 nNodes 1 localRanks 8 localRank 5 MNNVL 0
2025-12-12 13:28:36.230 dc53-p32-t108-n023:389993:390591 [1] NCCL INFO comm 0xfa77d80 rank 1 nRanks 8 nNodes 1 localRanks 8 localRank 1 MNNVL 0
2025-12-12 13:28:36.230 dc53-p32-t108-n023:389992:390590 [0] NCCL INFO comm 0x105af860 rank 0 nRanks 8 nNodes 1 localRanks 8 localRank 0 MNNVL 0
2025-12-12 13:28:36.230 dc53-p32-t108-n023:389999:390592 [7] NCCL INFO comm 0xee88760 rank 7 nRanks 8 nNodes 1 localRanks 8 localRank 7 MNNVL 0
2025-12-12 13:28:36.230 dc53-p32-t108-n023:389993:390591 [1] NCCL INFO Tree 0 : 0 -> 1 -> 2/-1/-1
2025-12-12 13:28:36.230 dc53-p32-t108-n023:389996:390594 [4] NCCL INFO Ring 00 : 3 -> 4 -> 5
2025-12-12 13:28:36.230 dc53-p32-t108-n023:389995:390597 [3] NCCL INFO Ring 00 : 2 -> 3 -> 4
2025-12-12 13:28:36.230 dc53-p32-t108-n023:389998:390593 [6] NCCL INFO comm 0xf091310 rank 6 nRanks 8 nNodes 1 localRanks 8 localRank 6 MNNVL 0
2025-12-12 13:28:36.230 dc53-p32-t108-n023:389994:390596 [2] NCCL INFO Ring 00 : 1 -> 2 -> 3
2025-12-12 13:28:36.230 dc53-p32-t108-n023:389993:390591 [1] NCCL INFO Tree 12 : 0 -> 1 -> 2/-1/-1
2025-12-12 13:28:36.230 dc53-p32-t108-n023:389995:390597 [3] NCCL INFO Ring 01 : 2 -> 3 -> 4
2025-12-12 13:28:36.230 dc53-p32-t108-n023:389994:390596 [2] NCCL INFO Ring 01 : 1 -> 2 -> 3
2025-12-12 13:28:36.230 dc53-p32-t108-n023:389996:390594 [4] NCCL INFO Ring 01 : 3 -> 4 -> 5
2025-12-12 13:28:36.230 dc53-p32-t108-n023:389992:390590 [0] NCCL INFO Tree 0 : -1 -> 0 -> 1/-1/-1
2025-12-12 13:28:36.230 dc53-p32-t108-n023:389997:390595 [5] NCCL INFO Ring 00 : 4 -> 5 -> 6
2025-12-12 13:28:36.230 dc53-p32-t108-n023:389996:390594 [4] NCCL INFO Ring 02 : 3 -> 4 -> 5
2025-12-12 13:28:36.230 dc53-p32-t108-n023:389992:390590 [0] NCCL INFO Tree 12 : -1 -> 0 -> 1/-1/-1
2025-12-12 13:28:36.230 dc53-p32-t108-n023:389993:390591 [1] NCCL INFO Tree 1 : 0 -> 1 -> 2/-1/-1
2025-12-12 13:28:36.230 dc53-p32-t108-n023:389995:390597 [3] NCCL INFO Ring 02 : 2 -> 3 -> 4
2025-12-12 13:28:36.222 dc53-p32-t108-n023:389995:390597 [3] NCCL INFO  0 : GPU/0 GPU/1 GPU/2 GPU/3 GPU/4 GPU/5 GPU/6 GPU/7
2025-12-12 13:28:36.230 dc53-p32-t108-n023:389996:390594 [4] NCCL INFO Ring 03 : 3 -> 4 -> 5
2025-12-12 13:28:36.230 dc53-p32-t108-n023:389994:390596 [2] NCCL INFO Ring 02 : 1 -> 2 -> 3
2025-12-12 13:28:36.230 dc53-p32-t108-n023:389999:390592 [7] NCCL INFO Ring 00 : 6 -> 7 -> 0
2025-12-12 13:28:36.230 dc53-p32-t108-n023:389996:390594 [4] NCCL INFO Ring 04 : 3 -> 4 -> 5
2025-12-12 13:28:36.230 dc53-p32-t108-n023:389997:390595 [5] NCCL INFO Ring 01 : 4 -> 5 -> 6
2025-12-12 13:28:36.230 dc53-p32-t108-n023:389995:390597 [3] NCCL INFO Ring 03 : 2 -> 3 -> 4
2025-12-12 13:28:36.230 dc53-p32-t108-n023:389998:390593 [6] NCCL INFO Ring 00 : 5 -> 6 -> 7
2025-12-12 13:28:36.230 dc53-p32-t108-n023:389997:390595 [5] NCCL INFO Ring 02 : 4 -> 5 -> 6
2025-12-12 13:28:36.230 dc53-p32-t108-n023:389995:390597 [3] NCCL INFO Ring 04 : 2 -> 3 -> 4
2025-12-12 13:28:36.230 dc53-p32-t108-n023:389993:390591 [1] NCCL INFO Tree 13 : 0 -> 1 -> 2/-1/-1
2025-12-12 13:28:36.230 dc53-p32-t108-n023:389992:390590 [0] NCCL INFO Tree 1 : -1 -> 0 -> 1/-1/-1
2025-12-12 13:28:36.230 dc53-p32-t108-n023:389998:390593 [6] NCCL INFO Ring 01 : 5 -> 6 -> 7
2025-12-12 13:28:36.230 dc53-p32-t108-n023:389992:390590 [0] NCCL INFO Tree 13 : -1 -> 0 -> 1/-1/-1
2025-12-12 13:28:36.230 dc53-p32-t108-n023:389994:390596 [2] NCCL INFO Ring 03 : 1 -> 2 -> 3
2025-12-12 13:28:36.230 dc53-p32-t108-n023:389996:390594 [4] NCCL INFO Ring 05 : 3 -> 4 -> 5
2025-12-12 13:28:36.230 dc53-p32-t108-n023:389998:390593 [6] NCCL INFO Ring 02 : 5 -> 6 -> 7
2025-12-12 13:28:36.230 dc53-p32-t108-n023:389999:390592 [7] NCCL INFO Ring 01 : 6 -> 7 -> 0
2025-12-12 13:28:36.230 dc53-p32-t108-n023:389996:390594 [4] NCCL INFO Ring 06 : 3 -> 4 -> 5
2025-12-12 13:28:36.230 dc53-p32-t108-n023:389995:390597 [3] NCCL INFO Ring 05 : 2 -> 3 -> 4
2025-12-12 13:28:36.230 dc53-p32-t108-n023:389993:390591 [1] NCCL INFO Tree 2 : 0 -> 1 -> 2/-1/-1
2025-12-12 13:28:36.230 dc53-p32-t108-n023:389998:390593 [6] NCCL INFO Ring 03 : 5 -> 6 -> 7
2025-12-12 13:28:36.230 dc53-p32-t108-n023:389996:390594 [4] NCCL INFO Ring 07 : 3 -> 4 -> 5
2025-12-12 13:28:36.230 dc53-p32-t108-n023:389997:390595 [5] NCCL INFO Ring 03 : 4 -> 5 -> 6
2025-12-12 13:28:36.230 dc53-p32-t108-n023:389992:390590 [0] NCCL INFO Tree 2 : -1 -> 0 -> 1/-1/-1
2025-12-12 13:28:36.230 dc53-p32-t108-n023:389997:390595 [5] NCCL INFO Ring 04 : 4 -> 5 -> 6
2025-12-12 13:28:36.230 dc53-p32-t108-n023:389994:390596 [2] NCCL INFO Ring 04 : 1 -> 2 -> 3
2025-12-12 13:28:36.230 dc53-p32-t108-n023:389999:390592 [7] NCCL INFO Ring 02 : 6 -> 7 -> 0
2025-12-12 13:28:36.230 dc53-p32-t108-n023:389995:390597 [3] NCCL INFO Ring 06 : 2 -> 3 -> 4
2025-12-12 13:28:36.230 dc53-p32-t108-n023:389997:390595 [5] NCCL INFO Ring 05 : 4 -> 5 -> 6
2025-12-12 13:28:36.230 dc53-p32-t108-n023:389993:390591 [1] NCCL INFO Tree 14 : 0 -> 1 -> 2/-1/-1
2025-12-12 13:28:36.230 dc53-p32-t108-n023:389998:390593 [6] NCCL INFO Ring 04 : 5 -> 6 -> 7
2025-12-12 13:28:36.230 dc53-p32-t108-n023:389996:390594 [4] NCCL INFO Ring 08 : 3 -> 4 -> 5
2025-12-12 13:28:36.230 dc53-p32-t108-n023:389992:390590 [0] NCCL INFO Tree 14 : -1 -> 0 -> 1/-1/-1
2025-12-12 13:28:36.230 dc53-p32-t108-n023:389994:390596 [2] NCCL INFO Ring 05 : 1 -> 2 -> 3
2025-12-12 13:28:36.230 dc53-p32-t108-n023:389992:390590 [0] NCCL INFO Tree 3 : -1 -> 0 -> 1/-1/-1
2025-12-12 13:28:36.230 dc53-p32-t108-n023:389999:390592 [7] NCCL INFO Ring 03 : 6 -> 7 -> 0
2025-12-12 13:28:36.230 dc53-p32-t108-n023:389995:390597 [3] NCCL INFO Ring 07 : 2 -> 3 -> 4
2025-12-12 13:28:36.230 dc53-p32-t108-n023:389997:390595 [5] NCCL INFO Ring 06 : 4 -> 5 -> 6
2025-12-12 13:28:36.230 dc53-p32-t108-n023:389993:390591 [1] NCCL INFO Tree 3 : 0 -> 1 -> 2/-1/-1
2025-12-12 13:28:36.230 dc53-p32-t108-n023:389998:390593 [6] NCCL INFO Ring 05 : 5 -> 6 -> 7
2025-12-12 13:28:36.230 dc53-p32-t108-n023:389996:390594 [4] NCCL INFO Ring 09 : 3 -> 4 -> 5
2025-12-12 13:28:36.230 dc53-p32-t108-n023:389994:390596 [2] NCCL INFO Ring 06 : 1 -> 2 -> 3
2025-12-12 13:28:36.230 dc53-p32-t108-n023:389992:390590 [0] NCCL INFO Tree 15 : -1 -> 0 -> 1/-1/-1
2025-12-12 13:28:36.230 dc53-p32-t108-n023:389998:390593 [6] NCCL INFO Ring 06 : 5 -> 6 -> 7
2025-12-12 13:28:36.230 dc53-p32-t108-n023:389999:390592 [7] NCCL INFO Ring 04 : 6 -> 7 -> 0
2025-12-12 13:28:36.222 dc53-p32-t108-n023:389995:390597 [3] NCCL INFO  1 : GPU/0 GPU/1 GPU/2 GPU/3 GPU/4 GPU/5 GPU/6 GPU/7
2025-12-12 13:28:36.230 dc53-p32-t108-n023:389995:390597 [3] NCCL INFO Ring 08 : 2 -> 3 -> 4
2025-12-12 13:28:36.230 dc53-p32-t108-n023:389997:390595 [5] NCCL INFO Ring 07 : 4 -> 5 -> 6
2025-12-12 13:28:36.230 dc53-p32-t108-n023:389993:390591 [1] NCCL INFO Tree 15 : 0 -> 1 -> 2/-1/-1
2025-12-12 13:28:36.230 dc53-p32-t108-n023:389995:390597 [3] NCCL INFO Ring 09 : 2 -> 3 -> 4
2025-12-12 13:28:36.230 dc53-p32-t108-n023:389996:390594 [4] NCCL INFO Ring 10 : 3 -> 4 -> 5
2025-12-12 13:28:36.230 dc53-p32-t108-n023:389993:390591 [1] NCCL INFO Tree 4 : 0 -> 1 -> 2/-1/-1
2025-12-12 13:28:36.230 dc53-p32-t108-n023:389995:390597 [3] NCCL INFO Ring 10 : 2 -> 3 -> 4
2025-12-12 13:28:36.230 dc53-p32-t108-n023:389994:390596 [2] NCCL INFO Ring 07 : 1 -> 2 -> 3
2025-12-12 13:28:36.230 dc53-p32-t108-n023:389992:390590 [0] NCCL INFO Tree 4 : -1 -> 0 -> 1/-1/-1
2025-12-12 13:28:36.230 dc53-p32-t108-n023:389999:390592 [7] NCCL INFO Ring 05 : 6 -> 7 -> 0
2025-12-12 13:28:36.230 dc53-p32-t108-n023:389998:390593 [6] NCCL INFO Ring 07 : 5 -> 6 -> 7
2025-12-12 13:28:36.230 dc53-p32-t108-n023:389999:390592 [7] NCCL INFO Ring 06 : 6 -> 7 -> 0
2025-12-12 13:28:36.230 dc53-p32-t108-n023:389997:390595 [5] NCCL INFO Ring 08 : 4 -> 5 -> 6
2025-12-12 13:28:36.230 dc53-p32-t108-n023:389993:390591 [1] NCCL INFO Tree 16 : 0 -> 1 -> 2/-1/-1
2025-12-12 13:28:36.230 dc53-p32-t108-n023:389996:390594 [4] NCCL INFO Ring 11 : 3 -> 4 -> 5
2025-12-12 13:28:36.230 dc53-p32-t108-n023:389999:390592 [7] NCCL INFO Ring 07 : 6 -> 7 -> 0
2025-12-12 13:28:36.230 dc53-p32-t108-n023:389995:390597 [3] NCCL INFO Ring 11 : 2 -> 3 -> 4
2025-12-12 13:28:36.230 dc53-p32-t108-n023:389994:390596 [2] NCCL INFO Ring 08 : 1 -> 2 -> 3
2025-12-12 13:28:36.230 dc53-p32-t108-n023:389999:390592 [7] NCCL INFO Ring 08 : 6 -> 7 -> 0
2025-12-12 13:28:36.230 dc53-p32-t108-n023:389992:390590 [0] NCCL INFO Tree 16 : -1 -> 0 -> 1/-1/-1
2025-12-12 13:28:36.230 dc53-p32-t108-n023:389998:390593 [6] NCCL INFO Ring 08 : 5 -> 6 -> 7
2025-12-12 13:28:36.230 dc53-p32-t108-n023:389997:390595 [5] NCCL INFO Ring 09 : 4 -> 5 -> 6
2025-12-12 13:28:36.230 dc53-p32-t108-n023:389993:390591 [1] NCCL INFO Tree 5 : 0 -> 1 -> 2/-1/-1
2025-12-12 13:28:36.230 dc53-p32-t108-n023:389996:390594 [4] NCCL INFO Ring 12 : 3 -> 4 -> 5
2025-12-12 13:28:36.230 dc53-p32-t108-n023:389995:390597 [3] NCCL INFO Ring 12 : 2 -> 3 -> 4
2025-12-12 13:28:36.230 dc53-p32-t108-n023:389997:390595 [5] NCCL INFO Ring 10 : 4 -> 5 -> 6
2025-12-12 13:28:36.230 dc53-p32-t108-n023:389994:390596 [2] NCCL INFO Ring 09 : 1 -> 2 -> 3
2025-12-12 13:28:36.230 dc53-p32-t108-n023:389995:390597 [3] NCCL INFO Ring 13 : 2 -> 3 -> 4
2025-12-12 13:28:36.230 dc53-p32-t108-n023:389992:390590 [0] NCCL INFO Tree 5 : -1 -> 0 -> 1/-1/-1
2025-12-12 13:28:36.230 dc53-p32-t108-n023:389999:390592 [7] NCCL INFO Ring 09 : 6 -> 7 -> 0
2025-12-12 13:28:36.230 dc53-p32-t108-n023:389998:390593 [6] NCCL INFO Ring 09 : 5 -> 6 -> 7
2025-12-12 13:28:36.230 dc53-p32-t108-n023:389994:390596 [2] NCCL INFO Ring 10 : 1 -> 2 -> 3
2025-12-12 13:28:36.222 dc53-p32-t108-n023:389995:390597 [3] NCCL INFO  2 : GPU/0 GPU/1 GPU/2 GPU/3 GPU/4 GPU/5 GPU/6 GPU/7
2025-12-12 13:28:36.230 dc53-p32-t108-n023:389993:390591 [1] NCCL INFO Tree 17 : 0 -> 1 -> 2/-1/-1
2025-12-12 13:28:36.230 dc53-p32-t108-n023:389996:390594 [4] NCCL INFO Ring 13 : 3 -> 4 -> 5
2025-12-12 13:28:36.230 dc53-p32-t108-n023:389997:390595 [5] NCCL INFO Ring 11 : 4 -> 5 -> 6
2025-12-12 13:28:36.230 dc53-p32-t108-n023:389993:390591 [1] NCCL INFO Tree 6 : 0 -> 1 -> 2/-1/-1
2025-12-12 13:28:36.230 dc53-p32-t108-n023:389995:390597 [3] NCCL INFO Ring 14 : 2 -> 3 -> 4
2025-12-12 13:28:36.230 dc53-p32-t108-n023:389996:390594 [4] NCCL INFO Ring 14 : 3 -> 4 -> 5
2025-12-12 13:28:36.230 dc53-p32-t108-n023:389992:390590 [0] NCCL INFO Tree 17 : -1 -> 0 -> 1/-1/-1
2025-12-12 13:28:36.230 dc53-p32-t108-n023:389999:390592 [7] NCCL INFO Ring 10 : 6 -> 7 -> 0
2025-12-12 13:28:36.230 dc53-p32-t108-n023:389994:390596 [2] NCCL INFO Ring 11 : 1 -> 2 -> 3
2025-12-12 13:28:36.230 dc53-p32-t108-n023:389998:390593 [6] NCCL INFO Ring 10 : 5 -> 6 -> 7
2025-12-12 13:28:36.230 dc53-p32-t108-n023:389999:390592 [7] NCCL INFO Ring 11 : 6 -> 7 -> 0
2025-12-12 13:28:36.230 dc53-p32-t108-n023:389993:390591 [1] NCCL INFO Tree 18 : 0 -> 1 -> 2/-1/-1
2025-12-12 13:28:36.230 dc53-p32-t108-n023:389999:390592 [7] NCCL INFO Ring 12 : 6 -> 7 -> 0
2025-12-12 13:28:36.230 dc53-p32-t108-n023:389995:390597 [3] NCCL INFO Ring 15 : 2 -> 3 -> 4
2025-12-12 13:28:36.230 dc53-p32-t108-n023:389997:390595 [5] NCCL INFO Ring 12 : 4 -> 5 -> 6
2025-12-12 13:28:36.230 dc53-p32-t108-n023:389996:390594 [4] NCCL INFO Ring 15 : 3 -> 4 -> 5
2025-12-12 13:28:36.230 dc53-p32-t108-n023:389992:390590 [0] NCCL INFO Tree 6 : -1 -> 0 -> 1/-1/-1
2025-12-12 13:28:36.230 dc53-p32-t108-n023:389994:390596 [2] NCCL INFO Ring 12 : 1 -> 2 -> 3
2025-12-12 13:28:36.230 dc53-p32-t108-n023:389998:390593 [6] NCCL INFO Ring 11 : 5 -> 6 -> 7
2025-12-12 13:28:36.230 dc53-p32-t108-n023:389993:390591 [1] NCCL INFO Tree 7 : 0 -> 1 -> 2/-1/-1
2025-12-12 13:28:36.230 dc53-p32-t108-n023:389992:390590 [0] NCCL INFO Tree 18 : -1 -> 0 -> 1/-1/-1
2025-12-12 13:28:36.230 dc53-p32-t108-n023:389999:390592 [7] NCCL INFO Ring 13 : 6 -> 7 -> 0
2025-12-12 13:28:36.230 dc53-p32-t108-n023:389993:390591 [1] NCCL INFO Tree 19 : 0 -> 1 -> 2/-1/-1
2025-12-12 13:28:36.230 dc53-p32-t108-n023:389992:390590 [0] NCCL INFO Tree 7 : -1 -> 0 -> 1/-1/-1
2025-12-12 13:28:36.230 dc53-p32-t108-n023:389999:390592 [7] NCCL INFO Ring 14 : 6 -> 7 -> 0
2025-12-12 13:28:36.230 dc53-p32-t108-n023:389997:390595 [5] NCCL INFO Ring 13 : 4 -> 5 -> 6
2025-12-12 13:28:36.230 dc53-p32-t108-n023:389995:390597 [3] NCCL INFO Ring 16 : 2 -> 3 -> 4
2025-12-12 13:28:36.230 dc53-p32-t108-n023:389992:390590 [0] NCCL INFO Tree 19 : -1 -> 0 -> 1/-1/-1
2025-12-12 13:28:36.230 dc53-p32-t108-n023:389999:390592 [7] NCCL INFO Ring 15 : 6 -> 7 -> 0
2025-12-12 13:28:36.230 dc53-p32-t108-n023:389997:390595 [5] NCCL INFO Ring 14 : 4 -> 5 -> 6
2025-12-12 13:28:36.230 dc53-p32-t108-n023:389996:390594 [4] NCCL INFO Ring 16 : 3 -> 4 -> 5
2025-12-12 13:28:36.230 dc53-p32-t108-n023:389994:390596 [2] NCCL INFO Ring 13 : 1 -> 2 -> 3
2025-12-12 13:28:36.230 dc53-p32-t108-n023:389998:390593 [6] NCCL INFO Ring 12 : 5 -> 6 -> 7
2025-12-12 13:28:36.230 dc53-p32-t108-n023:389993:390591 [1] NCCL INFO Tree 8 : 0 -> 1 -> 2/-1/-1
2025-12-12 13:28:36.230 dc53-p32-t108-n023:389995:390597 [3] NCCL INFO Ring 17 : 2 -> 3 -> 4
2025-12-12 13:28:36.230 dc53-p32-t108-n023:389992:390590 [0] NCCL INFO Tree 8 : -1 -> 0 -> 1/-1/-1
2025-12-12 13:28:36.230 dc53-p32-t108-n023:389999:390592 [7] NCCL INFO Ring 16 : 6 -> 7 -> 0
2025-12-12 13:28:36.230 dc53-p32-t108-n023:389996:390594 [4] NCCL INFO Ring 17 : 3 -> 4 -> 5
2025-12-12 13:28:36.230 dc53-p32-t108-n023:389997:390595 [5] NCCL INFO Ring 15 : 4 -> 5 -> 6
2025-12-12 13:28:36.230 dc53-p32-t108-n023:389994:390596 [2] NCCL INFO Ring 14 : 1 -> 2 -> 3
2025-12-12 13:28:36.230 dc53-p32-t108-n023:389998:390593 [6] NCCL INFO Ring 13 : 5 -> 6 -> 7
2025-12-12 13:28:36.230 dc53-p32-t108-n023:389997:390595 [5] NCCL INFO Ring 16 : 4 -> 5 -> 6
2025-12-12 13:28:36.230 dc53-p32-t108-n023:389993:390591 [1] NCCL INFO Tree 20 : 0 -> 1 -> 2/-1/-1
2025-12-12 13:28:36.230 dc53-p32-t108-n023:389994:390596 [2] NCCL INFO Ring 15 : 1 -> 2 -> 3
2025-12-12 13:28:36.222 dc53-p32-t108-n023:389995:390597 [3] NCCL INFO  3 : GPU/0 GPU/1 GPU/2 GPU/3 GPU/4 GPU/5 GPU/6 GPU/7
2025-12-12 13:28:36.230 dc53-p32-t108-n023:389995:390597 [3] NCCL INFO Ring 18 : 2 -> 3 -> 4
2025-12-12 13:28:36.230 dc53-p32-t108-n023:389992:390590 [0] NCCL INFO Tree 20 : -1 -> 0 -> 1/-1/-1
2025-12-12 13:28:36.230 dc53-p32-t108-n023:389999:390592 [7] NCCL INFO Ring 17 : 6 -> 7 -> 0
2025-12-12 13:28:36.230 dc53-p32-t108-n023:389996:390594 [4] NCCL INFO Ring 18 : 3 -> 4 -> 5
2025-12-12 13:28:36.230 dc53-p32-t108-n023:389997:390595 [5] NCCL INFO Ring 17 : 4 -> 5 -> 6
2025-12-12 13:28:36.230 dc53-p32-t108-n023:389998:390593 [6] NCCL INFO Ring 14 : 5 -> 6 -> 7
2025-12-12 13:28:36.230 dc53-p32-t108-n023:389994:390596 [2] NCCL INFO Ring 16 : 1 -> 2 -> 3
2025-12-12 13:28:36.230 dc53-p32-t108-n023:389996:390594 [4] NCCL INFO Ring 19 : 3 -> 4 -> 5
2025-12-12 13:28:36.230 dc53-p32-t108-n023:389993:390591 [1] NCCL INFO Tree 9 : 0 -> 1 -> 2/-1/-1
2025-12-12 13:28:36.230 dc53-p32-t108-n023:389998:390593 [6] NCCL INFO Ring 15 : 5 -> 6 -> 7
2025-12-12 13:28:36.230 dc53-p32-t108-n023:389994:390596 [2] NCCL INFO Ring 17 : 1 -> 2 -> 3
2025-12-12 13:28:36.230 dc53-p32-t108-n023:389996:390594 [4] NCCL INFO Ring 20 : 3 -> 4 -> 5
2025-12-12 13:28:36.230 dc53-p32-t108-n023:389995:390597 [3] NCCL INFO Ring 19 : 2 -> 3 -> 4
2025-12-12 13:28:36.230 dc53-p32-t108-n023:389996:390594 [4] NCCL INFO Ring 21 : 3 -> 4 -> 5
2025-12-12 13:28:36.230 dc53-p32-t108-n023:389992:390590 [0] NCCL INFO Tree 9 : -1 -> 0 -> 1/-1/-1
2025-12-12 13:28:36.230 dc53-p32-t108-n023:389999:390592 [7] NCCL INFO Ring 18 : 6 -> 7 -> 0
2025-12-12 13:28:36.230 dc53-p32-t108-n023:389997:390595 [5] NCCL INFO Ring 18 : 4 -> 5 -> 6
2025-12-12 13:28:36.230 dc53-p32-t108-n023:389993:390591 [1] NCCL INFO Tree 21 : 0 -> 1 -> 2/-1/-1
2025-12-12 13:28:36.230 dc53-p32-t108-n023:389999:390592 [7] NCCL INFO Ring 19 : 6 -> 7 -> 0
2025-12-12 13:28:36.230 dc53-p32-t108-n023:389998:390593 [6] NCCL INFO Ring 16 : 5 -> 6 -> 7
2025-12-12 13:28:36.230 dc53-p32-t108-n023:389997:390595 [5] NCCL INFO Ring 19 : 4 -> 5 -> 6
2025-12-12 13:28:36.230 dc53-p32-t108-n023:389994:390596 [2] NCCL INFO Ring 18 : 1 -> 2 -> 3
2025-12-12 13:28:36.230 dc53-p32-t108-n023:389995:390597 [3] NCCL INFO Ring 20 : 2 -> 3 -> 4
2025-12-12 13:28:36.230 dc53-p32-t108-n023:389996:390594 [4] NCCL INFO Ring 22 : 3 -> 4 -> 5
2025-12-12 13:28:36.230 dc53-p32-t108-n023:389992:390590 [0] NCCL INFO Tree 21 : -1 -> 0 -> 1/-1/-1
2025-12-12 13:28:36.230 dc53-p32-t108-n023:389993:390591 [1] NCCL INFO Tree 10 : 0 -> 1 -> 2/-1/-1
2025-12-12 13:28:36.230 dc53-p32-t108-n023:389999:390592 [7] NCCL INFO Ring 20 : 6 -> 7 -> 0
2025-12-12 13:28:36.230 dc53-p32-t108-n023:389998:390593 [6] NCCL INFO Ring 17 : 5 -> 6 -> 7
2025-12-12 13:28:36.230 dc53-p32-t108-n023:389997:390595 [5] NCCL INFO Ring 20 : 4 -> 5 -> 6
2025-12-12 13:28:36.230 dc53-p32-t108-n023:389994:390596 [2] NCCL INFO Ring 19 : 1 -> 2 -> 3
2025-12-12 13:28:36.222 dc53-p32-t108-n023:389995:390597 [3] NCCL INFO  4 : GPU/0 GPU/1 GPU/2 GPU/3 GPU/4 GPU/5 GPU/6 GPU/7
2025-12-12 13:28:36.230 dc53-p32-t108-n023:389995:390597 [3] NCCL INFO Ring 21 : 2 -> 3 -> 4
2025-12-12 13:28:36.230 dc53-p32-t108-n023:389996:390594 [4] NCCL INFO Ring 23 : 3 -> 4 -> 5
2025-12-12 13:28:36.230 dc53-p32-t108-n023:389993:390591 [1] NCCL INFO Tree 22 : 0 -> 1 -> 2/-1/-1
2025-12-12 13:28:36.230 dc53-p32-t108-n023:389992:390590 [0] NCCL INFO Tree 10 : -1 -> 0 -> 1/-1/-1
2025-12-12 13:28:36.230 dc53-p32-t108-n023:389999:390592 [7] NCCL INFO Ring 21 : 6 -> 7 -> 0
2025-12-12 13:28:36.230 dc53-p32-t108-n023:389993:390591 [1] NCCL INFO Tree 11 : 0 -> 1 -> 2/-1/-1
2025-12-12 13:28:36.230 dc53-p32-t108-n023:389998:390593 [6] NCCL INFO Ring 18 : 5 -> 6 -> 7
2025-12-12 13:28:36.230 dc53-p32-t108-n023:389997:390595 [5] NCCL INFO Ring 21 : 4 -> 5 -> 6
2025-12-12 13:28:36.230 dc53-p32-t108-n023:389999:390592 [7] NCCL INFO Ring 22 : 6 -> 7 -> 0
2025-12-12 13:28:36.230 dc53-p32-t108-n023:389993:390591 [1] NCCL INFO Tree 23 : 0 -> 1 -> 2/-1/-1
2025-12-12 13:28:36.230 dc53-p32-t108-n023:389994:390596 [2] NCCL INFO Ring 20 : 1 -> 2 -> 3
2025-12-12 13:28:36.230 dc53-p32-t108-n023:389995:390597 [3] NCCL INFO Ring 22 : 2 -> 3 -> 4
2025-12-12 13:28:36.230 dc53-p32-t108-n023:389996:390594 [4] NCCL INFO Trees [0] 5/-1/-1->4->3 [1] 5/-1/-1->4->3 [2] 5/-1/-1->4->3 [3] 5/-1/-1->4->3 [4] 5/-1/-1->4->3 [5] 5/-1/-1->4->3 [6] 5/-1/-1->4->3 [7] 5/-1/-1->4->3 [8] 5/-1/-1->4->3 [9] 5/-1/-1->4->3 [10] 5/-1/-1->4->3 [11] 5/-1/-1->4->3 [12] 5/-1/-1->4->3 [13] 5/-1/-1->4->3 [14] 5/-1/-1->4->3 [15] 5/-1/-1->4->3 [16] 5/-1/-1->4->3 [17] 5/-1/-1->4->3 [18] 5/-1/-1->4->3 [19] 5/-1/-1->4->3 [20] 5/-1/-1->4->3 [21] 5/-1/-1->4->3 [22] 5/-1/-1->4->3 [23] 5/-1/-1->4->3
2025-12-12 13:28:36.230 dc53-p32-t108-n023:389992:390590 [0] NCCL INFO Tree 22 : -1 -> 0 -> 1/-1/-1
2025-12-12 13:28:36.230 dc53-p32-t108-n023:389998:390593 [6] NCCL INFO Ring 19 : 5 -> 6 -> 7
2025-12-12 13:28:36.230 dc53-p32-t108-n023:389999:390592 [7] NCCL INFO Ring 23 : 6 -> 7 -> 0
2025-12-12 13:28:36.230 dc53-p32-t108-n023:389997:390595 [5] NCCL INFO Ring 22 : 4 -> 5 -> 6
2025-12-12 13:28:36.230 dc53-p32-t108-n023:389994:390596 [2] NCCL INFO Ring 21 : 1 -> 2 -> 3
2025-12-12 13:28:36.230 dc53-p32-t108-n023:389998:390593 [6] NCCL INFO Ring 20 : 5 -> 6 -> 7
2025-12-12 13:28:36.230 dc53-p32-t108-n023:389995:390597 [3] NCCL INFO Ring 23 : 2 -> 3 -> 4
2025-12-12 13:28:36.230 dc53-p32-t108-n023:389992:390590 [0] NCCL INFO Tree 11 : -1 -> 0 -> 1/-1/-1
2025-12-12 13:28:36.230 dc53-p32-t108-n023:389996:390594 [4] NCCL INFO P2P Chunksize set to 524288
2025-12-12 13:28:36.230 dc53-p32-t108-n023:389999:390592 [7] NCCL INFO Trees [0] -1/-1/-1->7->6 [1] -1/-1/-1->7->6 [2] -1/-1/-1->7->6 [3] -1/-1/-1->7->6 [4] -1/-1/-1->7->6 [5] -1/-1/-1->7->6 [6] -1/-1/-1->7->6 [7] -1/-1/-1->7->6 [8] -1/-1/-1->7->6 [9] -1/-1/-1->7->6 [10] -1/-1/-1->7->6 [11] -1/-1/-1->7->6 [12] -1/-1/-1->7->6 [13] -1/-1/-1->7->6 [14] -1/-1/-1->7->6 [15] -1/-1/-1->7->6 [16] -1/-1/-1->7->6 [17] -1/-1/-1->7->6 [18] -1/-1/-1->7->6 [19] -1/-1/-1->7->6 [20] -1/-1/-1->7->6 [21] -1/-1/-1->7->6 [22] -1/-1/-1->7->6 [23] -1/-1/-1->7->6
2025-12-12 13:28:36.230 dc53-p32-t108-n023:389992:390590 [0] NCCL INFO Tree 23 : -1 -> 0 -> 1/-1/-1
2025-12-12 13:28:36.230 dc53-p32-t108-n023:389997:390595 [5] NCCL INFO Ring 23 : 4 -> 5 -> 6
2025-12-12 13:28:36.230 dc53-p32-t108-n023:389993:390591 [1] NCCL INFO Ring 00 : 0 -> 1 -> 2
2025-12-12 13:28:36.230 dc53-p32-t108-n023:389994:390596 [2] NCCL INFO Ring 22 : 1 -> 2 -> 3
2025-12-12 13:28:36.230 dc53-p32-t108-n023:389999:390592 [7] NCCL INFO P2P Chunksize set to 524288
2025-12-12 13:28:36.230 dc53-p32-t108-n023:389998:390593 [6] NCCL INFO Ring 21 : 5 -> 6 -> 7
2025-12-12 13:28:36.230 dc53-p32-t108-n023:389992:390590 [0] NCCL INFO Channel 00/24 :    0   1   2   3   4   5   6   7
2025-12-12 13:28:36.230 dc53-p32-t108-n023:389995:390597 [3] NCCL INFO Trees [0] 4/-1/-1->3->2 [1] 4/-1/-1->3->2 [2] 4/-1/-1->3->2 [3] 4/-1/-1->3->2 [4] 4/-1/-1->3->2 [5] 4/-1/-1->3->2 [6] 4/-1/-1->3->2 [7] 4/-1/-1->3->2 [8] 4/-1/-1->3->2 [9] 4/-1/-1->3->2 [10] 4/-1/-1->3->2 [11] 4/-1/-1->3->2 [12] 4/-1/-1->3->2 [13] 4/-1/-1->3->2 [14] 4/-1/-1->3->2 [15] 4/-1/-1->3->2 [16] 4/-1/-1->3->2 [17] 4/-1/-1->3->2 [18] 4/-1/-1->3->2 [19] 4/-1/-1->3->2 [20] 4/-1/-1->3->2 [21] 4/-1/-1->3->2 [22] 4/-1/-1->3->2 [23] 4/-1/-1->3->2
2025-12-12 13:28:36.230 dc53-p32-t108-n023:389997:390595 [5] NCCL INFO Trees [0] 6/-1/-1->5->4 [1] 6/-1/-1->5->4 [2] 6/-1/-1->5->4 [3] 6/-1/-1->5->4 [4] 6/-1/-1->5->4 [5] 6/-1/-1->5->4 [6] 6/-1/-1->5->4 [7] 6/-1/-1->5->4 [8] 6/-1/-1->5->4 [9] 6/-1/-1->5->4 [10] 6/-1/-1->5->4 [11] 6/-1/-1->5->4 [12] 6/-1/-1->5->4 [13] 6/-1/-1->5->4 [14] 6/-1/-1->5->4 [15] 6/-1/-1->5->4 [16] 6/-1/-1->5->4 [17] 6/-1/-1->5->4 [18] 6/-1/-1->5->4 [19] 6/-1/-1->5->4 [20] 6/-1/-1->5->4 [21] 6/-1/-1->5->4 [22] 6/-1/-1->5->4 [23] 6/-1/-1->5->4
2025-12-12 13:28:36.230 dc53-p32-t108-n023:389998:390593 [6] NCCL INFO Ring 22 : 5 -> 6 -> 7
2025-12-12 13:28:36.230 dc53-p32-t108-n023:389992:390590 [0] NCCL INFO Channel 01/24 :    0   1   2   3   4   5   6   7
2025-12-12 13:28:36.230 dc53-p32-t108-n023:389993:390591 [1] NCCL INFO Ring 01 : 0 -> 1 -> 2
2025-12-12 13:28:36.230 dc53-p32-t108-n023:389994:390596 [2] NCCL INFO Ring 23 : 1 -> 2 -> 3
2025-12-12 13:28:36.230 dc53-p32-t108-n023:389995:390597 [3] NCCL INFO P2P Chunksize set to 524288
2025-12-12 13:28:36.230 dc53-p32-t108-n023:389992:390590 [0] NCCL INFO Channel 02/24 :    0   1   2   3   4   5   6   7
2025-12-12 13:28:36.230 dc53-p32-t108-n023:389998:390593 [6] NCCL INFO Ring 23 : 5 -> 6 -> 7
2025-12-12 13:28:36.230 dc53-p32-t108-n023:389993:390591 [1] NCCL INFO Ring 02 : 0 -> 1 -> 2
2025-12-12 13:28:36.230 dc53-p32-t108-n023:389994:390596 [2] NCCL INFO Trees [0] 3/-1/-1->2->1 [1] 3/-1/-1->2->1 [2] 3/-1/-1->2->1 [3] 3/-1/-1->2->1 [4] 3/-1/-1->2->1 [5] 3/-1/-1->2->1 [6] 3/-1/-1->2->1 [7] 3/-1/-1->2->1 [8] 3/-1/-1->2->1 [9] 3/-1/-1->2->1 [10] 3/-1/-1->2->1 [11] 3/-1/-1->2->1 [12] 3/-1/-1->2->1 [13] 3/-1/-1->2->1 [14] 3/-1/-1->2->1 [15] 3/-1/-1->2->1 [16] 3/-1/-1->2->1 [17] 3/-1/-1->2->1 [18] 3/-1/-1->2->1 [19] 3/-1/-1->2->1 [20] 3/-1/-1->2->1 [21] 3/-1/-1->2->1 [22] 3/-1/-1->2->1 [23] 3/-1/-1->2->1
2025-12-12 13:28:36.230 dc53-p32-t108-n023:389998:390593 [6] NCCL INFO Trees [0] 7/-1/-1->6->5 [1] 7/-1/-1->6->5 [2] 7/-1/-1->6->5 [3] 7/-1/-1->6->5 [4] 7/-1/-1->6->5 [5] 7/-1/-1->6->5 [6] 7/-1/-1->6->5 [7] 7/-1/-1->6->5 [8] 7/-1/-1->6->5 [9] 7/-1/-1->6->5 [10] 7/-1/-1->6->5 [11] 7/-1/-1->6->5 [12] 7/-1/-1->6->5 [13] 7/-1/-1->6->5 [14] 7/-1/-1->6->5 [15] 7/-1/-1->6->5 [16] 7/-1/-1->6->5 [17] 7/-1/-1->6->5 [18] 7/-1/-1->6->5 [19] 7/-1/-1->6->5 [20] 7/-1/-1->6->5 [21] 7/-1/-1->6->5 [22] 7/-1/-1->6->5 [23] 7/-1/-1->6->5
2025-12-12 13:28:36.230 dc53-p32-t108-n023:389997:390595 [5] NCCL INFO P2P Chunksize set to 524288
2025-12-12 13:28:36.230 dc53-p32-t108-n023:389992:390590 [0] NCCL INFO Channel 03/24 :    0   1   2   3   4   5   6   7
2025-12-12 13:28:36.230 dc53-p32-t108-n023:389993:390591 [1] NCCL INFO Ring 03 : 0 -> 1 -> 2
2025-12-12 13:28:36.230 dc53-p32-t108-n023:389994:390596 [2] NCCL INFO P2P Chunksize set to 524288
2025-12-12 13:28:36.230 dc53-p32-t108-n023:389993:390591 [1] NCCL INFO Ring 04 : 0 -> 1 -> 2
2025-12-12 13:28:36.222 dc53-p32-t108-n023:389995:390597 [3] NCCL INFO  5 : GPU/0 GPU/1 GPU/2 GPU/3 GPU/4 GPU/5 GPU/6 GPU/7
2025-12-12 13:28:36.230 dc53-p32-t108-n023:389992:390590 [0] NCCL INFO Channel 04/24 :    0   1   2   3   4   5   6   7
2025-12-12 13:28:36.230 dc53-p32-t108-n023:389998:390593 [6] NCCL INFO P2P Chunksize set to 524288
2025-12-12 13:28:36.230 dc53-p32-t108-n023:389993:390591 [1] NCCL INFO Ring 05 : 0 -> 1 -> 2
2025-12-12 13:28:36.230 dc53-p32-t108-n023:389993:390591 [1] NCCL INFO Ring 06 : 0 -> 1 -> 2
2025-12-12 13:28:36.230 dc53-p32-t108-n023:389992:390590 [0] NCCL INFO Channel 05/24 :    0   1   2   3   4   5   6   7
2025-12-12 13:28:36.230 dc53-p32-t108-n023:389993:390591 [1] NCCL INFO Ring 07 : 0 -> 1 -> 2
2025-12-12 13:28:36.230 dc53-p32-t108-n023:389992:390590 [0] NCCL INFO Channel 06/24 :    0   1   2   3   4   5   6   7
2025-12-12 13:28:36.230 dc53-p32-t108-n023:389993:390591 [1] NCCL INFO Ring 08 : 0 -> 1 -> 2
2025-12-12 13:28:36.230 dc53-p32-t108-n023:389992:390590 [0] NCCL INFO Channel 07/24 :    0   1   2   3   4   5   6   7
2025-12-12 13:28:36.230 dc53-p32-t108-n023:389993:390591 [1] NCCL INFO Ring 09 : 0 -> 1 -> 2
2025-12-12 13:28:36.230 dc53-p32-t108-n023:389993:390591 [1] NCCL INFO Ring 10 : 0 -> 1 -> 2
2025-12-12 13:28:36.230 dc53-p32-t108-n023:389992:390590 [0] NCCL INFO Channel 08/24 :    0   1   2   3   4   5   6   7
2025-12-12 13:28:36.230 dc53-p32-t108-n023:389993:390591 [1] NCCL INFO Ring 11 : 0 -> 1 -> 2
2025-12-12 13:28:36.230 dc53-p32-t108-n023:389992:390590 [0] NCCL INFO Channel 09/24 :    0   1   2   3   4   5   6   7
2025-12-12 13:28:36.230 dc53-p32-t108-n023:389993:390591 [1] NCCL INFO Ring 12 : 0 -> 1 -> 2
2025-12-12 13:28:36.230 dc53-p32-t108-n023:389993:390591 [1] NCCL INFO Ring 13 : 0 -> 1 -> 2
2025-12-12 13:28:36.230 dc53-p32-t108-n023:389992:390590 [0] NCCL INFO Channel 10/24 :    0   1   2   3   4   5   6   7
2025-12-12 13:28:36.230 dc53-p32-t108-n023:389993:390591 [1] NCCL INFO Ring 14 : 0 -> 1 -> 2
2025-12-12 13:28:36.230 dc53-p32-t108-n023:389992:390590 [0] NCCL INFO Channel 11/24 :    0   1   2   3   4   5   6   7
2025-12-12 13:28:36.230 dc53-p32-t108-n023:389993:390591 [1] NCCL INFO Ring 15 : 0 -> 1 -> 2
2025-12-12 13:28:36.230 dc53-p32-t108-n023:389992:390590 [0] NCCL INFO Channel 12/24 :    0   1   2   3   4   5   6   7
2025-12-12 13:28:36.230 dc53-p32-t108-n023:389993:390591 [1] NCCL INFO Ring 16 : 0 -> 1 -> 2
2025-12-12 13:28:36.230 dc53-p32-t108-n023:389993:390591 [1] NCCL INFO Ring 17 : 0 -> 1 -> 2
2025-12-12 13:28:36.230 dc53-p32-t108-n023:389992:390590 [0] NCCL INFO Channel 13/24 :    0   1   2   3   4   5   6   7
2025-12-12 13:28:36.230 dc53-p32-t108-n023:389993:390591 [1] NCCL INFO Ring 18 : 0 -> 1 -> 2
2025-12-12 13:28:36.230 dc53-p32-t108-n023:389992:390590 [0] NCCL INFO Channel 14/24 :    0   1   2   3   4   5   6   7
2025-12-12 13:28:36.230 dc53-p32-t108-n023:389993:390591 [1] NCCL INFO Ring 19 : 0 -> 1 -> 2
2025-12-12 13:28:36.230 dc53-p32-t108-n023:389992:390590 [0] NCCL INFO Channel 15/24 :    0   1   2   3   4   5   6   7
2025-12-12 13:28:36.230 dc53-p32-t108-n023:389993:390591 [1] NCCL INFO Ring 20 : 0 -> 1 -> 2
2025-12-12 13:28:36.230 dc53-p32-t108-n023:389992:390590 [0] NCCL INFO Channel 16/24 :    0   1   2   3   4   5   6   7
2025-12-12 13:28:36.230 dc53-p32-t108-n023:389993:390591 [1] NCCL INFO Ring 21 : 0 -> 1 -> 2
2025-12-12 13:28:36.230 dc53-p32-t108-n023:389993:390591 [1] NCCL INFO Ring 22 : 0 -> 1 -> 2
2025-12-12 13:28:36.230 dc53-p32-t108-n023:389992:390590 [0] NCCL INFO Channel 17/24 :    0   1   2   3   4   5   6   7
2025-12-12 13:28:36.230 dc53-p32-t108-n023:389993:390591 [1] NCCL INFO Ring 23 : 0 -> 1 -> 2
2025-12-12 13:28:36.230 dc53-p32-t108-n023:389992:390590 [0] NCCL INFO Channel 18/24 :    0   1   2   3   4   5   6   7
2025-12-12 13:28:36.222 dc53-p32-t108-n023:389995:390597 [3] NCCL INFO  6 : GPU/0 GPU/1 GPU/2 GPU/3 GPU/4 GPU/5 GPU/6 GPU/7
2025-12-12 13:28:36.230 dc53-p32-t108-n023:389993:390591 [1] NCCL INFO Trees [0] 2/-1/-1->1->0 [1] 2/-1/-1->1->0 [2] 2/-1/-1->1->0 [3] 2/-1/-1->1->0 [4] 2/-1/-1->1->0 [5] 2/-1/-1->1->0 [6] 2/-1/-1->1->0 [7] 2/-1/-1->1->0 [8] 2/-1/-1->1->0 [9] 2/-1/-1->1->0 [10] 2/-1/-1->1->0 [11] 2/-1/-1->1->0 [12] 2/-1/-1->1->0 [13] 2/-1/-1->1->0 [14] 2/-1/-1->1->0 [15] 2/-1/-1->1->0 [16] 2/-1/-1->1->0 [17] 2/-1/-1->1->0 [18] 2/-1/-1->1->0 [19] 2/-1/-1->1->0 [20] 2/-1/-1->1->0 [21] 2/-1/-1->1->0 [22] 2/-1/-1->1->0 [23] 2/-1/-1->1->0
2025-12-12 13:28:36.230 dc53-p32-t108-n023:389992:390590 [0] NCCL INFO Channel 19/24 :    0   1   2   3   4   5   6   7
2025-12-12 13:28:36.230 dc53-p32-t108-n023:389992:390590 [0] NCCL INFO Channel 20/24 :    0   1   2   3   4   5   6   7
2025-12-12 13:28:36.230 dc53-p32-t108-n023:389993:390591 [1] NCCL INFO P2P Chunksize set to 524288
2025-12-12 13:28:36.230 dc53-p32-t108-n023:389992:390590 [0] NCCL INFO Channel 21/24 :    0   1   2   3   4   5   6   7
2025-12-12 13:28:36.230 dc53-p32-t108-n023:389992:390590 [0] NCCL INFO Channel 22/24 :    0   1   2   3   4   5   6   7
2025-12-12 13:28:36.230 dc53-p32-t108-n023:389992:390590 [0] NCCL INFO Channel 23/24 :    0   1   2   3   4   5   6   7
2025-12-12 13:28:36.230 dc53-p32-t108-n023:389992:390590 [0] NCCL INFO Ring 00 : 7 -> 0 -> 1
2025-12-12 13:28:36.230 dc53-p32-t108-n023:389992:390590 [0] NCCL INFO Ring 01 : 7 -> 0 -> 1
2025-12-12 13:28:36.230 dc53-p32-t108-n023:389992:390590 [0] NCCL INFO Ring 02 : 7 -> 0 -> 1
2025-12-12 13:28:36.230 dc53-p32-t108-n023:389992:390590 [0] NCCL INFO Ring 03 : 7 -> 0 -> 1
2025-12-12 13:28:36.230 dc53-p32-t108-n023:389992:390590 [0] NCCL INFO Ring 04 : 7 -> 0 -> 1
2025-12-12 13:28:36.230 dc53-p32-t108-n023:389992:390590 [0] NCCL INFO Ring 05 : 7 -> 0 -> 1
2025-12-12 13:28:36.230 dc53-p32-t108-n023:389992:390590 [0] NCCL INFO Ring 06 : 7 -> 0 -> 1
2025-12-12 13:28:36.230 dc53-p32-t108-n023:389992:390590 [0] NCCL INFO Ring 07 : 7 -> 0 -> 1
2025-12-12 13:28:36.230 dc53-p32-t108-n023:389992:390590 [0] NCCL INFO Ring 08 : 7 -> 0 -> 1
2025-12-12 13:28:36.230 dc53-p32-t108-n023:389992:390590 [0] NCCL INFO Ring 09 : 7 -> 0 -> 1
2025-12-12 13:28:36.230 dc53-p32-t108-n023:389992:390590 [0] NCCL INFO Ring 10 : 7 -> 0 -> 1
2025-12-12 13:28:36.222 dc53-p32-t108-n023:389995:390597 [3] NCCL INFO  7 : GPU/0 GPU/1 GPU/2 GPU/3 GPU/4 GPU/5 GPU/6 GPU/7
2025-12-12 13:28:36.230 dc53-p32-t108-n023:389992:390590 [0] NCCL INFO Ring 11 : 7 -> 0 -> 1
2025-12-12 13:28:36.230 dc53-p32-t108-n023:389992:390590 [0] NCCL INFO Ring 12 : 7 -> 0 -> 1
2025-12-12 13:28:36.230 dc53-p32-t108-n023:389992:390590 [0] NCCL INFO Ring 13 : 7 -> 0 -> 1
2025-12-12 13:28:36.230 dc53-p32-t108-n023:389992:390590 [0] NCCL INFO Ring 14 : 7 -> 0 -> 1
2025-12-12 13:28:36.230 dc53-p32-t108-n023:389992:390590 [0] NCCL INFO Ring 15 : 7 -> 0 -> 1
2025-12-12 13:28:36.230 dc53-p32-t108-n023:389992:390590 [0] NCCL INFO Ring 16 : 7 -> 0 -> 1
2025-12-12 13:28:36.230 dc53-p32-t108-n023:389992:390590 [0] NCCL INFO Ring 17 : 7 -> 0 -> 1
2025-12-12 13:28:36.230 dc53-p32-t108-n023:389992:390590 [0] NCCL INFO Ring 18 : 7 -> 0 -> 1
2025-12-12 13:28:36.230 dc53-p32-t108-n023:389992:390590 [0] NCCL INFO Ring 19 : 7 -> 0 -> 1
2025-12-12 13:28:36.230 dc53-p32-t108-n023:389992:390590 [0] NCCL INFO Ring 20 : 7 -> 0 -> 1
2025-12-12 13:28:36.230 dc53-p32-t108-n023:389992:390590 [0] NCCL INFO Ring 21 : 7 -> 0 -> 1
2025-12-12 13:28:36.230 dc53-p32-t108-n023:389992:390590 [0] NCCL INFO Ring 22 : 7 -> 0 -> 1
2025-12-12 13:28:36.230 dc53-p32-t108-n023:389992:390590 [0] NCCL INFO Ring 23 : 7 -> 0 -> 1
2025-12-12 13:28:36.230 dc53-p32-t108-n023:389992:390590 [0] NCCL INFO Trees [0] 1/-1/-1->0->-1 [1] 1/-1/-1->0->-1 [2] 1/-1/-1->0->-1 [3] 1/-1/-1->0->-1 [4] 1/-1/-1->0->-1 [5] 1/-1/-1->0->-1 [6] 1/-1/-1->0->-1 [7] 1/-1/-1->0->-1 [8] 1/-1/-1->0->-1 [9] 1/-1/-1->0->-1 [10] 1/-1/-1->0->-1 [11] 1/-1/-1->0->-1 [12] 1/-1/-1->0->-1 [13] 1/-1/-1->0->-1 [14] 1/-1/-1->0->-1 [15] 1/-1/-1->0->-1 [16] 1/-1/-1->0->-1 [17] 1/-1/-1->0->-1 [18] 1/-1/-1->0->-1 [19] 1/-1/-1->0->-1 [20] 1/-1/-1->0->-1 [21] 1/-1/-1->0->-1 [22] 1/-1/-1->0->-1 [23] 1/-1/-1->0->-1
2025-12-12 13:28:36.222 dc53-p32-t108-n023:389995:390597 [3] NCCL INFO  8 : GPU/0 GPU/1 GPU/2 GPU/3 GPU/4 GPU/5 GPU/6 GPU/7
2025-12-12 13:28:36.230 dc53-p32-t108-n023:389992:390590 [0] NCCL INFO P2P Chunksize set to 524288
2025-12-12 13:28:36.222 dc53-p32-t108-n023:389995:390597 [3] NCCL INFO  9 : GPU/0 GPU/1 GPU/2 GPU/3 GPU/4 GPU/5 GPU/6 GPU/7
2025-12-12 13:28:36.222 dc53-p32-t108-n023:389995:390597 [3] NCCL INFO 10 : GPU/0 GPU/1 GPU/2 GPU/3 GPU/4 GPU/5 GPU/6 GPU/7
2025-12-12 13:28:36.222 dc53-p32-t108-n023:389995:390597 [3] NCCL INFO 11 : GPU/0 GPU/1 GPU/2 GPU/3 GPU/4 GPU/5 GPU/6 GPU/7
2025-12-12 13:28:36.227 dc53-p32-t108-n023:389999:390592 [7] NCCL INFO Pattern 4, crossNic 0, nChannels 12, bw 30.000000/30.000000, type NVL/PIX, sameChannels 1
2025-12-12 13:28:36.227 dc53-p32-t108-n023:389999:390592 [7] NCCL INFO  0 : GPU/0 GPU/1 GPU/2 GPU/3 GPU/4 GPU/5 GPU/6 GPU/7
2025-12-12 13:28:36.227 dc53-p32-t108-n023:389999:390592 [7] NCCL INFO  1 : GPU/0 GPU/1 GPU/2 GPU/3 GPU/4 GPU/5 GPU/6 GPU/7
2025-12-12 13:28:36.227 dc53-p32-t108-n023:389999:390592 [7] NCCL INFO  2 : GPU/0 GPU/1 GPU/2 GPU/3 GPU/4 GPU/5 GPU/6 GPU/7
2025-12-12 13:28:36.227 dc53-p32-t108-n023:389999:390592 [7] NCCL INFO  3 : GPU/0 GPU/1 GPU/2 GPU/3 GPU/4 GPU/5 GPU/6 GPU/7
2025-12-12 13:28:36.227 dc53-p32-t108-n023:389999:390592 [7] NCCL INFO  4 : GPU/0 GPU/1 GPU/2 GPU/3 GPU/4 GPU/5 GPU/6 GPU/7
2025-12-12 13:28:36.227 dc53-p32-t108-n023:389999:390592 [7] NCCL INFO  5 : GPU/0 GPU/1 GPU/2 GPU/3 GPU/4 GPU/5 GPU/6 GPU/7
2025-12-12 13:28:36.227 dc53-p32-t108-n023:389999:390592 [7] NCCL INFO  6 : GPU/0 GPU/1 GPU/2 GPU/3 GPU/4 GPU/5 GPU/6 GPU/7
2025-12-12 13:28:36.227 dc53-p32-t108-n023:389999:390592 [7] NCCL INFO  7 : GPU/0 GPU/1 GPU/2 GPU/3 GPU/4 GPU/5 GPU/6 GPU/7
2025-12-12 13:28:36.227 dc53-p32-t108-n023:389999:390592 [7] NCCL INFO  8 : GPU/0 GPU/1 GPU/2 GPU/3 GPU/4 GPU/5 GPU/6 GPU/7
2025-12-12 13:28:36.227 dc53-p32-t108-n023:389999:390592 [7] NCCL INFO  9 : GPU/0 GPU/1 GPU/2 GPU/3 GPU/4 GPU/5 GPU/6 GPU/7
2025-12-12 13:28:36.227 dc53-p32-t108-n023:389999:390592 [7] NCCL INFO 10 : GPU/0 GPU/1 GPU/2 GPU/3 GPU/4 GPU/5 GPU/6 GPU/7
2025-12-12 13:28:36.227 dc53-p32-t108-n023:389999:390592 [7] NCCL INFO 11 : GPU/0 GPU/1 GPU/2 GPU/3 GPU/4 GPU/5 GPU/6 GPU/7
2025-12-12 13:28:36.228 dc53-p32-t108-n023:389999:390592 [7] NCCL INFO Pattern 1, crossNic 0, nChannels 12, bw 30.000000/30.000000, type NVL/PIX, sameChannels 1
2025-12-12 13:28:36.228 dc53-p32-t108-n023:389999:390592 [7] NCCL INFO  0 : GPU/0 GPU/1 GPU/2 GPU/3 GPU/4 GPU/5 GPU/6 GPU/7
2025-12-12 13:28:36.228 dc53-p32-t108-n023:389999:390592 [7] NCCL INFO  1 : GPU/0 GPU/1 GPU/2 GPU/3 GPU/4 GPU/5 GPU/6 GPU/7
2025-12-12 13:28:36.228 dc53-p32-t108-n023:389999:390592 [7] NCCL INFO  2 : GPU/0 GPU/1 GPU/2 GPU/3 GPU/4 GPU/5 GPU/6 GPU/7
2025-12-12 13:28:36.228 dc53-p32-t108-n023:389999:390592 [7] NCCL INFO  3 : GPU/0 GPU/1 GPU/2 GPU/3 GPU/4 GPU/5 GPU/6 GPU/7
2025-12-12 13:28:36.228 dc53-p32-t108-n023:389999:390592 [7] NCCL INFO  4 : GPU/0 GPU/1 GPU/2 GPU/3 GPU/4 GPU/5 GPU/6 GPU/7
2025-12-12 13:28:36.228 dc53-p32-t108-n023:389999:390592 [7] NCCL INFO  5 : GPU/0 GPU/1 GPU/2 GPU/3 GPU/4 GPU/5 GPU/6 GPU/7
2025-12-12 13:28:36.228 dc53-p32-t108-n023:389999:390592 [7] NCCL INFO  6 : GPU/0 GPU/1 GPU/2 GPU/3 GPU/4 GPU/5 GPU/6 GPU/7
2025-12-12 13:28:36.228 dc53-p32-t108-n023:389999:390592 [7] NCCL INFO  7 : GPU/0 GPU/1 GPU/2 GPU/3 GPU/4 GPU/5 GPU/6 GPU/7
2025-12-12 13:28:36.228 dc53-p32-t108-n023:389999:390592 [7] NCCL INFO  8 : GPU/0 GPU/1 GPU/2 GPU/3 GPU/4 GPU/5 GPU/6 GPU/7
2025-12-12 13:28:36.228 dc53-p32-t108-n023:389999:390592 [7] NCCL INFO  9 : GPU/0 GPU/1 GPU/2 GPU/3 GPU/4 GPU/5 GPU/6 GPU/7
2025-12-12 13:28:36.228 dc53-p32-t108-n023:389999:390592 [7] NCCL INFO 10 : GPU/0 GPU/1 GPU/2 GPU/3 GPU/4 GPU/5 GPU/6 GPU/7
2025-12-12 13:28:36.228 dc53-p32-t108-n023:389999:390592 [7] NCCL INFO 11 : GPU/0 GPU/1 GPU/2 GPU/3 GPU/4 GPU/5 GPU/6 GPU/7
2025-12-12 13:28:36.228 dc53-p32-t108-n023:389996:390594 [4] NCCL INFO Pattern 4, crossNic 0, nChannels 12, bw 30.000000/30.000000, type NVL/PIX, sameChannels 1
2025-12-12 13:28:36.228 dc53-p32-t108-n023:389996:390594 [4] NCCL INFO  0 : GPU/0 GPU/1 GPU/2 GPU/3 GPU/4 GPU/5 GPU/6 GPU/7
2025-12-12 13:28:36.228 dc53-p32-t108-n023:389996:390594 [4] NCCL INFO  1 : GPU/0 GPU/1 GPU/2 GPU/3 GPU/4 GPU/5 GPU/6 GPU/7
2025-12-12 13:28:36.228 dc53-p32-t108-n023:389996:390594 [4] NCCL INFO  2 : GPU/0 GPU/1 GPU/2 GPU/3 GPU/4 GPU/5 GPU/6 GPU/7
2025-12-12 13:28:36.228 dc53-p32-t108-n023:389996:390594 [4] NCCL INFO  3 : GPU/0 GPU/1 GPU/2 GPU/3 GPU/4 GPU/5 GPU/6 GPU/7
2025-12-12 13:28:36.228 dc53-p32-t108-n023:389996:390594 [4] NCCL INFO  4 : GPU/0 GPU/1 GPU/2 GPU/3 GPU/4 GPU/5 GPU/6 GPU/7
2025-12-12 13:28:36.228 dc53-p32-t108-n023:389996:390594 [4] NCCL INFO  5 : GPU/0 GPU/1 GPU/2 GPU/3 GPU/4 GPU/5 GPU/6 GPU/7
2025-12-12 13:28:36.228 dc53-p32-t108-n023:389996:390594 [4] NCCL INFO  6 : GPU/0 GPU/1 GPU/2 GPU/3 GPU/4 GPU/5 GPU/6 GPU/7
2025-12-12 13:28:36.228 dc53-p32-t108-n023:389996:390594 [4] NCCL INFO  7 : GPU/0 GPU/1 GPU/2 GPU/3 GPU/4 GPU/5 GPU/6 GPU/7
2025-12-12 13:28:36.228 dc53-p32-t108-n023:389996:390594 [4] NCCL INFO  8 : GPU/0 GPU/1 GPU/2 GPU/3 GPU/4 GPU/5 GPU/6 GPU/7
2025-12-12 13:28:36.228 dc53-p32-t108-n023:389996:390594 [4] NCCL INFO  9 : GPU/0 GPU/1 GPU/2 GPU/3 GPU/4 GPU/5 GPU/6 GPU/7
2025-12-12 13:28:36.228 dc53-p32-t108-n023:389996:390594 [4] NCCL INFO 10 : GPU/0 GPU/1 GPU/2 GPU/3 GPU/4 GPU/5 GPU/6 GPU/7
2025-12-12 13:28:36.228 dc53-p32-t108-n023:389996:390594 [4] NCCL INFO 11 : GPU/0 GPU/1 GPU/2 GPU/3 GPU/4 GPU/5 GPU/6 GPU/7
2025-12-12 13:28:36.228 dc53-p32-t108-n023:389996:390594 [4] NCCL INFO Pattern 1, crossNic 0, nChannels 12, bw 30.000000/30.000000, type NVL/PIX, sameChannels 1
2025-12-12 13:28:36.228 dc53-p32-t108-n023:389996:390594 [4] NCCL INFO  0 : GPU/0 GPU/1 GPU/2 GPU/3 GPU/4 GPU/5 GPU/6 GPU/7
2025-12-12 13:28:36.228 dc53-p32-t108-n023:389996:390594 [4] NCCL INFO  1 : GPU/0 GPU/1 GPU/2 GPU/3 GPU/4 GPU/5 GPU/6 GPU/7
2025-12-12 13:28:36.228 dc53-p32-t108-n023:389996:390594 [4] NCCL INFO  2 : GPU/0 GPU/1 GPU/2 GPU/3 GPU/4 GPU/5 GPU/6 GPU/7
2025-12-12 13:28:36.228 dc53-p32-t108-n023:389996:390594 [4] NCCL INFO  3 : GPU/0 GPU/1 GPU/2 GPU/3 GPU/4 GPU/5 GPU/6 GPU/7
2025-12-12 13:28:36.228 dc53-p32-t108-n023:389996:390594 [4] NCCL INFO  4 : GPU/0 GPU/1 GPU/2 GPU/3 GPU/4 GPU/5 GPU/6 GPU/7
2025-12-12 13:28:36.228 dc53-p32-t108-n023:389996:390594 [4] NCCL INFO  5 : GPU/0 GPU/1 GPU/2 GPU/3 GPU/4 GPU/5 GPU/6 GPU/7
2025-12-12 13:28:36.228 dc53-p32-t108-n023:389996:390594 [4] NCCL INFO  6 : GPU/0 GPU/1 GPU/2 GPU/3 GPU/4 GPU/5 GPU/6 GPU/7
2025-12-12 13:28:36.228 dc53-p32-t108-n023:389996:390594 [4] NCCL INFO  7 : GPU/0 GPU/1 GPU/2 GPU/3 GPU/4 GPU/5 GPU/6 GPU/7
2025-12-12 13:28:36.228 dc53-p32-t108-n023:389996:390594 [4] NCCL INFO  8 : GPU/0 GPU/1 GPU/2 GPU/3 GPU/4 GPU/5 GPU/6 GPU/7
2025-12-12 13:28:36.228 dc53-p32-t108-n023:389996:390594 [4] NCCL INFO  9 : GPU/0 GPU/1 GPU/2 GPU/3 GPU/4 GPU/5 GPU/6 GPU/7
2025-12-12 13:28:36.228 dc53-p32-t108-n023:389996:390594 [4] NCCL INFO 10 : GPU/0 GPU/1 GPU/2 GPU/3 GPU/4 GPU/5 GPU/6 GPU/7
2025-12-12 13:28:36.228 dc53-p32-t108-n023:389996:390594 [4] NCCL INFO 11 : GPU/0 GPU/1 GPU/2 GPU/3 GPU/4 GPU/5 GPU/6 GPU/7
2025-12-12 13:28:36.229 dc53-p32-t108-n023:389997:390595 [5] NCCL INFO Pattern 4, crossNic 0, nChannels 12, bw 30.000000/30.000000, type NVL/PIX, sameChannels 1
2025-12-12 13:28:36.229 dc53-p32-t108-n023:389997:390595 [5] NCCL INFO  0 : GPU/0 GPU/1 GPU/2 GPU/3 GPU/4 GPU/5 GPU/6 GPU/7
2025-12-12 13:28:36.229 dc53-p32-t108-n023:389997:390595 [5] NCCL INFO  1 : GPU/0 GPU/1 GPU/2 GPU/3 GPU/4 GPU/5 GPU/6 GPU/7
2025-12-12 13:28:36.229 dc53-p32-t108-n023:389997:390595 [5] NCCL INFO  2 : GPU/0 GPU/1 GPU/2 GPU/3 GPU/4 GPU/5 GPU/6 GPU/7
2025-12-12 13:28:36.229 dc53-p32-t108-n023:389997:390595 [5] NCCL INFO  3 : GPU/0 GPU/1 GPU/2 GPU/3 GPU/4 GPU/5 GPU/6 GPU/7
2025-12-12 13:28:36.229 dc53-p32-t108-n023:389997:390595 [5] NCCL INFO  4 : GPU/0 GPU/1 GPU/2 GPU/3 GPU/4 GPU/5 GPU/6 GPU/7
2025-12-12 13:28:36.229 dc53-p32-t108-n023:389997:390595 [5] NCCL INFO  5 : GPU/0 GPU/1 GPU/2 GPU/3 GPU/4 GPU/5 GPU/6 GPU/7
2025-12-12 13:28:36.229 dc53-p32-t108-n023:389997:390595 [5] NCCL INFO  6 : GPU/0 GPU/1 GPU/2 GPU/3 GPU/4 GPU/5 GPU/6 GPU/7
2025-12-12 13:28:36.229 dc53-p32-t108-n023:389997:390595 [5] NCCL INFO  7 : GPU/0 GPU/1 GPU/2 GPU/3 GPU/4 GPU/5 GPU/6 GPU/7
2025-12-12 13:28:36.229 dc53-p32-t108-n023:389997:390595 [5] NCCL INFO  8 : GPU/0 GPU/1 GPU/2 GPU/3 GPU/4 GPU/5 GPU/6 GPU/7
2025-12-12 13:28:36.229 dc53-p32-t108-n023:389997:390595 [5] NCCL INFO  9 : GPU/0 GPU/1 GPU/2 GPU/3 GPU/4 GPU/5 GPU/6 GPU/7
2025-12-12 13:28:36.229 dc53-p32-t108-n023:389997:390595 [5] NCCL INFO 10 : GPU/0 GPU/1 GPU/2 GPU/3 GPU/4 GPU/5 GPU/6 GPU/7
2025-12-12 13:28:36.229 dc53-p32-t108-n023:389997:390595 [5] NCCL INFO 11 : GPU/0 GPU/1 GPU/2 GPU/3 GPU/4 GPU/5 GPU/6 GPU/7
2025-12-12 13:28:36.230 dc53-p32-t108-n023:389997:390595 [5] NCCL INFO Pattern 1, crossNic 0, nChannels 12, bw 30.000000/30.000000, type NVL/PIX, sameChannels 1
2025-12-12 13:28:36.230 dc53-p32-t108-n023:389997:390595 [5] NCCL INFO  0 : GPU/0 GPU/1 GPU/2 GPU/3 GPU/4 GPU/5 GPU/6 GPU/7
2025-12-12 13:28:36.230 dc53-p32-t108-n023:389997:390595 [5] NCCL INFO  1 : GPU/0 GPU/1 GPU/2 GPU/3 GPU/4 GPU/5 GPU/6 GPU/7
2025-12-12 13:28:36.230 dc53-p32-t108-n023:389997:390595 [5] NCCL INFO  2 : GPU/0 GPU/1 GPU/2 GPU/3 GPU/4 GPU/5 GPU/6 GPU/7
2025-12-12 13:28:36.230 dc53-p32-t108-n023:389997:390595 [5] NCCL INFO  3 : GPU/0 GPU/1 GPU/2 GPU/3 GPU/4 GPU/5 GPU/6 GPU/7
2025-12-12 13:28:36.230 dc53-p32-t108-n023:389997:390595 [5] NCCL INFO  4 : GPU/0 GPU/1 GPU/2 GPU/3 GPU/4 GPU/5 GPU/6 GPU/7
2025-12-12 13:28:36.230 dc53-p32-t108-n023:389997:390595 [5] NCCL INFO  5 : GPU/0 GPU/1 GPU/2 GPU/3 GPU/4 GPU/5 GPU/6 GPU/7
2025-12-12 13:28:36.230 dc53-p32-t108-n023:389997:390595 [5] NCCL INFO  6 : GPU/0 GPU/1 GPU/2 GPU/3 GPU/4 GPU/5 GPU/6 GPU/7
2025-12-12 13:28:36.230 dc53-p32-t108-n023:389997:390595 [5] NCCL INFO  7 : GPU/0 GPU/1 GPU/2 GPU/3 GPU/4 GPU/5 GPU/6 GPU/7
2025-12-12 13:28:36.230 dc53-p32-t108-n023:389997:390595 [5] NCCL INFO  8 : GPU/0 GPU/1 GPU/2 GPU/3 GPU/4 GPU/5 GPU/6 GPU/7
2025-12-12 13:28:36.230 dc53-p32-t108-n023:389997:390595 [5] NCCL INFO  9 : GPU/0 GPU/1 GPU/2 GPU/3 GPU/4 GPU/5 GPU/6 GPU/7
2025-12-12 13:28:36.230 dc53-p32-t108-n023:389997:390595 [5] NCCL INFO 10 : GPU/0 GPU/1 GPU/2 GPU/3 GPU/4 GPU/5 GPU/6 GPU/7
2025-12-12 13:28:36.230 dc53-p32-t108-n023:389997:390595 [5] NCCL INFO 11 : GPU/0 GPU/1 GPU/2 GPU/3 GPU/4 GPU/5 GPU/6 GPU/7
2025-12-12 13:28:36.230 dc53-p32-t108-n023:389996:390594 [4] NCCL INFO comm 0xf818780 rank 4 nRanks 8 nNodes 1 localRanks 8 localRank 4 MNNVL 0
2025-12-12 13:28:36.230 dc53-p32-t108-n023:389995:390597 [3] NCCL INFO comm 0xefd4da0 rank 3 nRanks 8 nNodes 1 localRanks 8 localRank 3 MNNVL 0
2025-12-12 13:28:36.230 dc53-p32-t108-n023:389994:390596 [2] NCCL INFO comm 0xf9da070 rank 2 nRanks 8 nNodes 1 localRanks 8 localRank 2 MNNVL 0
2025-12-12 13:28:36.230 dc53-p32-t108-n023:389997:390595 [5] NCCL INFO comm 0xfab5ba0 rank 5 nRanks 8 nNodes 1 localRanks 8 localRank 5 MNNVL 0
2025-12-12 13:28:36.230 dc53-p32-t108-n023:389993:390591 [1] NCCL INFO comm 0xfa77d80 rank 1 nRanks 8 nNodes 1 localRanks 8 localRank 1 MNNVL 0
2025-12-12 13:28:36.230 dc53-p32-t108-n023:389992:390590 [0] NCCL INFO comm 0x105af860 rank 0 nRanks 8 nNodes 1 localRanks 8 localRank 0 MNNVL 0
2025-12-12 13:28:36.230 dc53-p32-t108-n023:389999:390592 [7] NCCL INFO comm 0xee88760 rank 7 nRanks 8 nNodes 1 localRanks 8 localRank 7 MNNVL 0
2025-12-12 13:28:36.230 dc53-p32-t108-n023:389993:390591 [1] NCCL INFO Tree 0 : 0 -> 1 -> 2/-1/-1
2025-12-12 13:28:36.230 dc53-p32-t108-n023:389996:390594 [4] NCCL INFO Ring 00 : 3 -> 4 -> 5
2025-12-12 13:28:36.230 dc53-p32-t108-n023:389995:390597 [3] NCCL INFO Ring 00 : 2 -> 3 -> 4
2025-12-12 13:28:36.230 dc53-p32-t108-n023:389998:390593 [6] NCCL INFO comm 0xf091310 rank 6 nRanks 8 nNodes 1 localRanks 8 localRank 6 MNNVL 0
2025-12-12 13:28:36.230 dc53-p32-t108-n023:389994:390596 [2] NCCL INFO Ring 00 : 1 -> 2 -> 3
2025-12-12 13:28:36.230 dc53-p32-t108-n023:389993:390591 [1] NCCL INFO Tree 12 : 0 -> 1 -> 2/-1/-1
2025-12-12 13:28:36.230 dc53-p32-t108-n023:389995:390597 [3] NCCL INFO Ring 01 : 2 -> 3 -> 4
2025-12-12 13:28:36.230 dc53-p32-t108-n023:389994:390596 [2] NCCL INFO Ring 01 : 1 -> 2 -> 3
2025-12-12 13:28:36.230 dc53-p32-t108-n023:389996:390594 [4] NCCL INFO Ring 01 : 3 -> 4 -> 5
2025-12-12 13:28:36.230 dc53-p32-t108-n023:389992:390590 [0] NCCL INFO Tree 0 : -1 -> 0 -> 1/-1/-1
2025-12-12 13:28:36.230 dc53-p32-t108-n023:389997:390595 [5] NCCL INFO Ring 00 : 4 -> 5 -> 6
2025-12-12 13:28:36.230 dc53-p32-t108-n023:389996:390594 [4] NCCL INFO Ring 02 : 3 -> 4 -> 5
2025-12-12 13:28:36.230 dc53-p32-t108-n023:389992:390590 [0] NCCL INFO Tree 12 : -1 -> 0 -> 1/-1/-1
2025-12-12 13:28:36.230 dc53-p32-t108-n023:389993:390591 [1] NCCL INFO Tree 1 : 0 -> 1 -> 2/-1/-1
2025-12-12 13:28:36.230 dc53-p32-t108-n023:389995:390597 [3] NCCL INFO Ring 02 : 2 -> 3 -> 4
2025-12-12 13:28:36.230 dc53-p32-t108-n023:389996:390594 [4] NCCL INFO Ring 03 : 3 -> 4 -> 5
2025-12-12 13:28:36.230 dc53-p32-t108-n023:389994:390596 [2] NCCL INFO Ring 02 : 1 -> 2 -> 3
2025-12-12 13:28:36.230 dc53-p32-t108-n023:389999:390592 [7] NCCL INFO Ring 00 : 6 -> 7 -> 0
2025-12-12 13:28:36.230 dc53-p32-t108-n023:389996:390594 [4] NCCL INFO Ring 04 : 3 -> 4 -> 5
2025-12-12 13:28:36.230 dc53-p32-t108-n023:389997:390595 [5] NCCL INFO Ring 01 : 4 -> 5 -> 6
2025-12-12 13:28:36.230 dc53-p32-t108-n023:389995:390597 [3] NCCL INFO Ring 03 : 2 -> 3 -> 4
2025-12-12 13:28:36.230 dc53-p32-t108-n023:389998:390593 [6] NCCL INFO Ring 00 : 5 -> 6 -> 7
2025-12-12 13:28:36.230 dc53-p32-t108-n023:389997:390595 [5] NCCL INFO Ring 02 : 4 -> 5 -> 6
2025-12-12 13:28:36.230 dc53-p32-t108-n023:389995:390597 [3] NCCL INFO Ring 04 : 2 -> 3 -> 4
2025-12-12 13:28:36.230 dc53-p32-t108-n023:389993:390591 [1] NCCL INFO Tree 13 : 0 -> 1 -> 2/-1/-1
2025-12-12 13:28:36.230 dc53-p32-t108-n023:389992:390590 [0] NCCL INFO Tree 1 : -1 -> 0 -> 1/-1/-1
2025-12-12 13:28:36.230 dc53-p32-t108-n023:389998:390593 [6] NCCL INFO Ring 01 : 5 -> 6 -> 7
2025-12-12 13:28:36.230 dc53-p32-t108-n023:389992:390590 [0] NCCL INFO Tree 13 : -1 -> 0 -> 1/-1/-1
2025-12-12 13:28:36.230 dc53-p32-t108-n023:389994:390596 [2] NCCL INFO Ring 03 : 1 -> 2 -> 3
2025-12-12 13:28:36.230 dc53-p32-t108-n023:389996:390594 [4] NCCL INFO Ring 05 : 3 -> 4 -> 5
2025-12-12 13:28:36.230 dc53-p32-t108-n023:389998:390593 [6] NCCL INFO Ring 02 : 5 -> 6 -> 7
2025-12-12 13:28:36.230 dc53-p32-t108-n023:389999:390592 [7] NCCL INFO Ring 01 : 6 -> 7 -> 0
2025-12-12 13:28:36.230 dc53-p32-t108-n023:389996:390594 [4] NCCL INFO Ring 06 : 3 -> 4 -> 5
2025-12-12 13:28:36.230 dc53-p32-t108-n023:389995:390597 [3] NCCL INFO Ring 05 : 2 -> 3 -> 4
2025-12-12 13:28:36.230 dc53-p32-t108-n023:389993:390591 [1] NCCL INFO Tree 2 : 0 -> 1 -> 2/-1/-1
2025-12-12 13:28:36.230 dc53-p32-t108-n023:389998:390593 [6] NCCL INFO Ring 03 : 5 -> 6 -> 7
2025-12-12 13:28:36.230 dc53-p32-t108-n023:389996:390594 [4] NCCL INFO Ring 07 : 3 -> 4 -> 5
2025-12-12 13:28:36.230 dc53-p32-t108-n023:389997:390595 [5] NCCL INFO Ring 03 : 4 -> 5 -> 6
2025-12-12 13:28:36.230 dc53-p32-t108-n023:389992:390590 [0] NCCL INFO Tree 2 : -1 -> 0 -> 1/-1/-1
2025-12-12 13:28:36.230 dc53-p32-t108-n023:389997:390595 [5] NCCL INFO Ring 04 : 4 -> 5 -> 6
2025-12-12 13:28:36.230 dc53-p32-t108-n023:389994:390596 [2] NCCL INFO Ring 04 : 1 -> 2 -> 3
2025-12-12 13:28:36.230 dc53-p32-t108-n023:389999:390592 [7] NCCL INFO Ring 02 : 6 -> 7 -> 0
2025-12-12 13:28:36.230 dc53-p32-t108-n023:389995:390597 [3] NCCL INFO Ring 06 : 2 -> 3 -> 4
2025-12-12 13:28:36.230 dc53-p32-t108-n023:389997:390595 [5] NCCL INFO Ring 05 : 4 -> 5 -> 6
2025-12-12 13:28:36.230 dc53-p32-t108-n023:389993:390591 [1] NCCL INFO Tree 14 : 0 -> 1 -> 2/-1/-1
2025-12-12 13:28:36.230 dc53-p32-t108-n023:389998:390593 [6] NCCL INFO Ring 04 : 5 -> 6 -> 7
2025-12-12 13:28:36.230 dc53-p32-t108-n023:389996:390594 [4] NCCL INFO Ring 08 : 3 -> 4 -> 5
2025-12-12 13:28:36.230 dc53-p32-t108-n023:389992:390590 [0] NCCL INFO Tree 14 : -1 -> 0 -> 1/-1/-1
2025-12-12 13:28:36.230 dc53-p32-t108-n023:389994:390596 [2] NCCL INFO Ring 05 : 1 -> 2 -> 3
2025-12-12 13:28:36.230 dc53-p32-t108-n023:389992:390590 [0] NCCL INFO Tree 3 : -1 -> 0 -> 1/-1/-1
2025-12-12 13:28:36.230 dc53-p32-t108-n023:389999:390592 [7] NCCL INFO Ring 03 : 6 -> 7 -> 0
2025-12-12 13:28:36.230 dc53-p32-t108-n023:389995:390597 [3] NCCL INFO Ring 07 : 2 -> 3 -> 4
2025-12-12 13:28:36.230 dc53-p32-t108-n023:389997:390595 [5] NCCL INFO Ring 06 : 4 -> 5 -> 6
2025-12-12 13:28:36.230 dc53-p32-t108-n023:389993:390591 [1] NCCL INFO Tree 3 : 0 -> 1 -> 2/-1/-1
2025-12-12 13:28:36.230 dc53-p32-t108-n023:389998:390593 [6] NCCL INFO Ring 05 : 5 -> 6 -> 7
2025-12-12 13:28:36.230 dc53-p32-t108-n023:389996:390594 [4] NCCL INFO Ring 09 : 3 -> 4 -> 5
2025-12-12 13:28:36.230 dc53-p32-t108-n023:389994:390596 [2] NCCL INFO Ring 06 : 1 -> 2 -> 3
2025-12-12 13:28:36.230 dc53-p32-t108-n023:389992:390590 [0] NCCL INFO Tree 15 : -1 -> 0 -> 1/-1/-1
2025-12-12 13:28:36.230 dc53-p32-t108-n023:389998:390593 [6] NCCL INFO Ring 06 : 5 -> 6 -> 7
2025-12-12 13:28:36.230 dc53-p32-t108-n023:389999:390592 [7] NCCL INFO Ring 04 : 6 -> 7 -> 0
2025-12-12 13:28:36.230 dc53-p32-t108-n023:389995:390597 [3] NCCL INFO Ring 08 : 2 -> 3 -> 4
2025-12-12 13:28:36.230 dc53-p32-t108-n023:389997:390595 [5] NCCL INFO Ring 07 : 4 -> 5 -> 6
2025-12-12 13:28:36.230 dc53-p32-t108-n023:389993:390591 [1] NCCL INFO Tree 15 : 0 -> 1 -> 2/-1/-1
2025-12-12 13:28:36.230 dc53-p32-t108-n023:389995:390597 [3] NCCL INFO Ring 09 : 2 -> 3 -> 4
2025-12-12 13:28:36.230 dc53-p32-t108-n023:389996:390594 [4] NCCL INFO Ring 10 : 3 -> 4 -> 5
2025-12-12 13:28:36.230 dc53-p32-t108-n023:389993:390591 [1] NCCL INFO Tree 4 : 0 -> 1 -> 2/-1/-1
2025-12-12 13:28:36.230 dc53-p32-t108-n023:389995:390597 [3] NCCL INFO Ring 10 : 2 -> 3 -> 4
2025-12-12 13:28:36.230 dc53-p32-t108-n023:389994:390596 [2] NCCL INFO Ring 07 : 1 -> 2 -> 3
2025-12-12 13:28:36.230 dc53-p32-t108-n023:389992:390590 [0] NCCL INFO Tree 4 : -1 -> 0 -> 1/-1/-1
2025-12-12 13:28:36.230 dc53-p32-t108-n023:389999:390592 [7] NCCL INFO Ring 05 : 6 -> 7 -> 0
2025-12-12 13:28:36.230 dc53-p32-t108-n023:389998:390593 [6] NCCL INFO Ring 07 : 5 -> 6 -> 7
2025-12-12 13:28:36.230 dc53-p32-t108-n023:389999:390592 [7] NCCL INFO Ring 06 : 6 -> 7 -> 0
2025-12-12 13:28:36.230 dc53-p32-t108-n023:389997:390595 [5] NCCL INFO Ring 08 : 4 -> 5 -> 6
2025-12-12 13:28:36.230 dc53-p32-t108-n023:389993:390591 [1] NCCL INFO Tree 16 : 0 -> 1 -> 2/-1/-1
2025-12-12 13:28:36.230 dc53-p32-t108-n023:389996:390594 [4] NCCL INFO Ring 11 : 3 -> 4 -> 5
2025-12-12 13:28:36.230 dc53-p32-t108-n023:389999:390592 [7] NCCL INFO Ring 07 : 6 -> 7 -> 0
2025-12-12 13:28:36.230 dc53-p32-t108-n023:389995:390597 [3] NCCL INFO Ring 11 : 2 -> 3 -> 4
2025-12-12 13:28:36.230 dc53-p32-t108-n023:389994:390596 [2] NCCL INFO Ring 08 : 1 -> 2 -> 3
2025-12-12 13:28:36.230 dc53-p32-t108-n023:389999:390592 [7] NCCL INFO Ring 08 : 6 -> 7 -> 0
2025-12-12 13:28:36.230 dc53-p32-t108-n023:389992:390590 [0] NCCL INFO Tree 16 : -1 -> 0 -> 1/-1/-1
2025-12-12 13:28:36.230 dc53-p32-t108-n023:389998:390593 [6] NCCL INFO Ring 08 : 5 -> 6 -> 7
2025-12-12 13:28:36.230 dc53-p32-t108-n023:389997:390595 [5] NCCL INFO Ring 09 : 4 -> 5 -> 6
2025-12-12 13:28:36.230 dc53-p32-t108-n023:389993:390591 [1] NCCL INFO Tree 5 : 0 -> 1 -> 2/-1/-1
2025-12-12 13:28:36.230 dc53-p32-t108-n023:389996:390594 [4] NCCL INFO Ring 12 : 3 -> 4 -> 5
2025-12-12 13:28:36.230 dc53-p32-t108-n023:389995:390597 [3] NCCL INFO Ring 12 : 2 -> 3 -> 4
2025-12-12 13:28:36.230 dc53-p32-t108-n023:389997:390595 [5] NCCL INFO Ring 10 : 4 -> 5 -> 6
2025-12-12 13:28:36.230 dc53-p32-t108-n023:389994:390596 [2] NCCL INFO Ring 09 : 1 -> 2 -> 3
2025-12-12 13:28:36.230 dc53-p32-t108-n023:389995:390597 [3] NCCL INFO Ring 13 : 2 -> 3 -> 4
2025-12-12 13:28:36.230 dc53-p32-t108-n023:389992:390590 [0] NCCL INFO Tree 5 : -1 -> 0 -> 1/-1/-1
2025-12-12 13:28:36.230 dc53-p32-t108-n023:389999:390592 [7] NCCL INFO Ring 09 : 6 -> 7 -> 0
2025-12-12 13:28:36.230 dc53-p32-t108-n023:389998:390593 [6] NCCL INFO Ring 09 : 5 -> 6 -> 7
2025-12-12 13:28:36.230 dc53-p32-t108-n023:389994:390596 [2] NCCL INFO Ring 10 : 1 -> 2 -> 3
2025-12-12 13:28:36.230 dc53-p32-t108-n023:389993:390591 [1] NCCL INFO Tree 17 : 0 -> 1 -> 2/-1/-1
2025-12-12 13:28:36.230 dc53-p32-t108-n023:389996:390594 [4] NCCL INFO Ring 13 : 3 -> 4 -> 5
2025-12-12 13:28:36.230 dc53-p32-t108-n023:389997:390595 [5] NCCL INFO Ring 11 : 4 -> 5 -> 6
2025-12-12 13:28:36.230 dc53-p32-t108-n023:389993:390591 [1] NCCL INFO Tree 6 : 0 -> 1 -> 2/-1/-1
2025-12-12 13:28:36.230 dc53-p32-t108-n023:389995:390597 [3] NCCL INFO Ring 14 : 2 -> 3 -> 4
2025-12-12 13:28:36.230 dc53-p32-t108-n023:389996:390594 [4] NCCL INFO Ring 14 : 3 -> 4 -> 5
2025-12-12 13:28:36.230 dc53-p32-t108-n023:389992:390590 [0] NCCL INFO Tree 17 : -1 -> 0 -> 1/-1/-1
2025-12-12 13:28:36.230 dc53-p32-t108-n023:389999:390592 [7] NCCL INFO Ring 10 : 6 -> 7 -> 0
2025-12-12 13:28:36.230 dc53-p32-t108-n023:389994:390596 [2] NCCL INFO Ring 11 : 1 -> 2 -> 3
2025-12-12 13:28:36.230 dc53-p32-t108-n023:389998:390593 [6] NCCL INFO Ring 10 : 5 -> 6 -> 7
2025-12-12 13:28:36.230 dc53-p32-t108-n023:389999:390592 [7] NCCL INFO Ring 11 : 6 -> 7 -> 0
2025-12-12 13:28:36.230 dc53-p32-t108-n023:389993:390591 [1] NCCL INFO Tree 18 : 0 -> 1 -> 2/-1/-1
2025-12-12 13:28:36.230 dc53-p32-t108-n023:389999:390592 [7] NCCL INFO Ring 12 : 6 -> 7 -> 0
2025-12-12 13:28:36.230 dc53-p32-t108-n023:389995:390597 [3] NCCL INFO Ring 15 : 2 -> 3 -> 4
2025-12-12 13:28:36.230 dc53-p32-t108-n023:389997:390595 [5] NCCL INFO Ring 12 : 4 -> 5 -> 6
2025-12-12 13:28:36.230 dc53-p32-t108-n023:389996:390594 [4] NCCL INFO Ring 15 : 3 -> 4 -> 5
2025-12-12 13:28:36.230 dc53-p32-t108-n023:389992:390590 [0] NCCL INFO Tree 6 : -1 -> 0 -> 1/-1/-1
2025-12-12 13:28:36.230 dc53-p32-t108-n023:389994:390596 [2] NCCL INFO Ring 12 : 1 -> 2 -> 3
2025-12-12 13:28:36.230 dc53-p32-t108-n023:389998:390593 [6] NCCL INFO Ring 11 : 5 -> 6 -> 7
2025-12-12 13:28:36.230 dc53-p32-t108-n023:389993:390591 [1] NCCL INFO Tree 7 : 0 -> 1 -> 2/-1/-1
2025-12-12 13:28:36.230 dc53-p32-t108-n023:389992:390590 [0] NCCL INFO Tree 18 : -1 -> 0 -> 1/-1/-1
2025-12-12 13:28:36.230 dc53-p32-t108-n023:389999:390592 [7] NCCL INFO Ring 13 : 6 -> 7 -> 0
2025-12-12 13:28:36.230 dc53-p32-t108-n023:389993:390591 [1] NCCL INFO Tree 19 : 0 -> 1 -> 2/-1/-1
2025-12-12 13:28:36.230 dc53-p32-t108-n023:389992:390590 [0] NCCL INFO Tree 7 : -1 -> 0 -> 1/-1/-1
2025-12-12 13:28:36.230 dc53-p32-t108-n023:389999:390592 [7] NCCL INFO Ring 14 : 6 -> 7 -> 0
2025-12-12 13:28:36.230 dc53-p32-t108-n023:389997:390595 [5] NCCL INFO Ring 13 : 4 -> 5 -> 6
2025-12-12 13:28:36.230 dc53-p32-t108-n023:389995:390597 [3] NCCL INFO Ring 16 : 2 -> 3 -> 4
2025-12-12 13:28:36.230 dc53-p32-t108-n023:389992:390590 [0] NCCL INFO Tree 19 : -1 -> 0 -> 1/-1/-1
2025-12-12 13:28:36.230 dc53-p32-t108-n023:389999:390592 [7] NCCL INFO Ring 15 : 6 -> 7 -> 0
2025-12-12 13:28:36.230 dc53-p32-t108-n023:389997:390595 [5] NCCL INFO Ring 14 : 4 -> 5 -> 6
2025-12-12 13:28:36.230 dc53-p32-t108-n023:389996:390594 [4] NCCL INFO Ring 16 : 3 -> 4 -> 5
2025-12-12 13:28:36.230 dc53-p32-t108-n023:389994:390596 [2] NCCL INFO Ring 13 : 1 -> 2 -> 3
2025-12-12 13:28:36.230 dc53-p32-t108-n023:389998:390593 [6] NCCL INFO Ring 12 : 5 -> 6 -> 7
2025-12-12 13:28:36.230 dc53-p32-t108-n023:389993:390591 [1] NCCL INFO Tree 8 : 0 -> 1 -> 2/-1/-1
2025-12-12 13:28:36.230 dc53-p32-t108-n023:389995:390597 [3] NCCL INFO Ring 17 : 2 -> 3 -> 4
2025-12-12 13:28:36.230 dc53-p32-t108-n023:389992:390590 [0] NCCL INFO Tree 8 : -1 -> 0 -> 1/-1/-1
2025-12-12 13:28:36.230 dc53-p32-t108-n023:389999:390592 [7] NCCL INFO Ring 16 : 6 -> 7 -> 0
2025-12-12 13:28:36.230 dc53-p32-t108-n023:389996:390594 [4] NCCL INFO Ring 17 : 3 -> 4 -> 5
2025-12-12 13:28:36.230 dc53-p32-t108-n023:389997:390595 [5] NCCL INFO Ring 15 : 4 -> 5 -> 6
2025-12-12 13:28:36.230 dc53-p32-t108-n023:389994:390596 [2] NCCL INFO Ring 14 : 1 -> 2 -> 3
2025-12-12 13:28:36.230 dc53-p32-t108-n023:389998:390593 [6] NCCL INFO Ring 13 : 5 -> 6 -> 7
2025-12-12 13:28:36.230 dc53-p32-t108-n023:389997:390595 [5] NCCL INFO Ring 16 : 4 -> 5 -> 6
2025-12-12 13:28:36.230 dc53-p32-t108-n023:389993:390591 [1] NCCL INFO Tree 20 : 0 -> 1 -> 2/-1/-1
2025-12-12 13:28:36.230 dc53-p32-t108-n023:389994:390596 [2] NCCL INFO Ring 15 : 1 -> 2 -> 3
2025-12-12 13:28:36.230 dc53-p32-t108-n023:389995:390597 [3] NCCL INFO Ring 18 : 2 -> 3 -> 4
2025-12-12 13:28:36.230 dc53-p32-t108-n023:389992:390590 [0] NCCL INFO Tree 20 : -1 -> 0 -> 1/-1/-1
2025-12-12 13:28:36.230 dc53-p32-t108-n023:389999:390592 [7] NCCL INFO Ring 17 : 6 -> 7 -> 0
2025-12-12 13:28:36.230 dc53-p32-t108-n023:389996:390594 [4] NCCL INFO Ring 18 : 3 -> 4 -> 5
2025-12-12 13:28:36.230 dc53-p32-t108-n023:389997:390595 [5] NCCL INFO Ring 17 : 4 -> 5 -> 6
2025-12-12 13:28:36.230 dc53-p32-t108-n023:389998:390593 [6] NCCL INFO Ring 14 : 5 -> 6 -> 7
2025-12-12 13:28:36.230 dc53-p32-t108-n023:389994:390596 [2] NCCL INFO Ring 16 : 1 -> 2 -> 3
2025-12-12 13:28:36.230 dc53-p32-t108-n023:389996:390594 [4] NCCL INFO Ring 19 : 3 -> 4 -> 5
2025-12-12 13:28:36.230 dc53-p32-t108-n023:389993:390591 [1] NCCL INFO Tree 9 : 0 -> 1 -> 2/-1/-1
2025-12-12 13:28:36.230 dc53-p32-t108-n023:389998:390593 [6] NCCL INFO Ring 15 : 5 -> 6 -> 7
2025-12-12 13:28:36.230 dc53-p32-t108-n023:389994:390596 [2] NCCL INFO Ring 17 : 1 -> 2 -> 3
2025-12-12 13:28:36.230 dc53-p32-t108-n023:389996:390594 [4] NCCL INFO Ring 20 : 3 -> 4 -> 5
2025-12-12 13:28:36.230 dc53-p32-t108-n023:389995:390597 [3] NCCL INFO Ring 19 : 2 -> 3 -> 4
2025-12-12 13:28:36.230 dc53-p32-t108-n023:389996:390594 [4] NCCL INFO Ring 21 : 3 -> 4 -> 5
2025-12-12 13:28:36.230 dc53-p32-t108-n023:389992:390590 [0] NCCL INFO Tree 9 : -1 -> 0 -> 1/-1/-1
2025-12-12 13:28:36.230 dc53-p32-t108-n023:389999:390592 [7] NCCL INFO Ring 18 : 6 -> 7 -> 0
2025-12-12 13:28:36.230 dc53-p32-t108-n023:389997:390595 [5] NCCL INFO Ring 18 : 4 -> 5 -> 6
2025-12-12 13:28:36.230 dc53-p32-t108-n023:389993:390591 [1] NCCL INFO Tree 21 : 0 -> 1 -> 2/-1/-1
2025-12-12 13:28:36.230 dc53-p32-t108-n023:389999:390592 [7] NCCL INFO Ring 19 : 6 -> 7 -> 0
2025-12-12 13:28:36.230 dc53-p32-t108-n023:389998:390593 [6] NCCL INFO Ring 16 : 5 -> 6 -> 7
2025-12-12 13:28:36.230 dc53-p32-t108-n023:389997:390595 [5] NCCL INFO Ring 19 : 4 -> 5 -> 6
2025-12-12 13:28:36.230 dc53-p32-t108-n023:389994:390596 [2] NCCL INFO Ring 18 : 1 -> 2 -> 3
2025-12-12 13:28:36.230 dc53-p32-t108-n023:389995:390597 [3] NCCL INFO Ring 20 : 2 -> 3 -> 4
2025-12-12 13:28:36.230 dc53-p32-t108-n023:389996:390594 [4] NCCL INFO Ring 22 : 3 -> 4 -> 5
2025-12-12 13:28:36.230 dc53-p32-t108-n023:389992:390590 [0] NCCL INFO Tree 21 : -1 -> 0 -> 1/-1/-1
2025-12-12 13:28:36.230 dc53-p32-t108-n023:389993:390591 [1] NCCL INFO Tree 10 : 0 -> 1 -> 2/-1/-1
2025-12-12 13:28:36.230 dc53-p32-t108-n023:389999:390592 [7] NCCL INFO Ring 20 : 6 -> 7 -> 0
2025-12-12 13:28:36.230 dc53-p32-t108-n023:389998:390593 [6] NCCL INFO Ring 17 : 5 -> 6 -> 7
2025-12-12 13:28:36.230 dc53-p32-t108-n023:389997:390595 [5] NCCL INFO Ring 20 : 4 -> 5 -> 6
2025-12-12 13:28:36.230 dc53-p32-t108-n023:389994:390596 [2] NCCL INFO Ring 19 : 1 -> 2 -> 3
2025-12-12 13:28:36.230 dc53-p32-t108-n023:389995:390597 [3] NCCL INFO Ring 21 : 2 -> 3 -> 4
2025-12-12 13:28:36.230 dc53-p32-t108-n023:389996:390594 [4] NCCL INFO Ring 23 : 3 -> 4 -> 5
2025-12-12 13:28:36.230 dc53-p32-t108-n023:389993:390591 [1] NCCL INFO Tree 22 : 0 -> 1 -> 2/-1/-1
2025-12-12 13:28:36.230 dc53-p32-t108-n023:389992:390590 [0] NCCL INFO Tree 10 : -1 -> 0 -> 1/-1/-1
2025-12-12 13:28:36.230 dc53-p32-t108-n023:389999:390592 [7] NCCL INFO Ring 21 : 6 -> 7 -> 0
2025-12-12 13:28:36.230 dc53-p32-t108-n023:389993:390591 [1] NCCL INFO Tree 11 : 0 -> 1 -> 2/-1/-1
2025-12-12 13:28:36.230 dc53-p32-t108-n023:389998:390593 [6] NCCL INFO Ring 18 : 5 -> 6 -> 7
2025-12-12 13:28:36.230 dc53-p32-t108-n023:389997:390595 [5] NCCL INFO Ring 21 : 4 -> 5 -> 6
2025-12-12 13:28:36.230 dc53-p32-t108-n023:389999:390592 [7] NCCL INFO Ring 22 : 6 -> 7 -> 0
2025-12-12 13:28:36.230 dc53-p32-t108-n023:389993:390591 [1] NCCL INFO Tree 23 : 0 -> 1 -> 2/-1/-1
2025-12-12 13:28:36.230 dc53-p32-t108-n023:389994:390596 [2] NCCL INFO Ring 20 : 1 -> 2 -> 3
2025-12-12 13:28:36.230 dc53-p32-t108-n023:389995:390597 [3] NCCL INFO Ring 22 : 2 -> 3 -> 4
2025-12-12 13:28:36.230 dc53-p32-t108-n023:389996:390594 [4] NCCL INFO Trees [0] 5/-1/-1->4->3 [1] 5/-1/-1->4->3 [2] 5/-1/-1->4->3 [3] 5/-1/-1->4->3 [4] 5/-1/-1->4->3 [5] 5/-1/-1->4->3 [6] 5/-1/-1->4->3 [7] 5/-1/-1->4->3 [8] 5/-1/-1->4->3 [9] 5/-1/-1->4->3 [10] 5/-1/-1->4->3 [11] 5/-1/-1->4->3 [12] 5/-1/-1->4->3 [13] 5/-1/-1->4->3 [14] 5/-1/-1->4->3 [15] 5/-1/-1->4->3 [16] 5/-1/-1->4->3 [17] 5/-1/-1->4->3 [18] 5/-1/-1->4->3 [19] 5/-1/-1->4->3 [20] 5/-1/-1->4->3 [21] 5/-1/-1->4->3 [22] 5/-1/-1->4->3 [23] 5/-1/-1->4->3
2025-12-12 13:28:36.230 dc53-p32-t108-n023:389992:390590 [0] NCCL INFO Tree 22 : -1 -> 0 -> 1/-1/-1
2025-12-12 13:28:36.230 dc53-p32-t108-n023:389998:390593 [6] NCCL INFO Ring 19 : 5 -> 6 -> 7
2025-12-12 13:28:36.230 dc53-p32-t108-n023:389999:390592 [7] NCCL INFO Ring 23 : 6 -> 7 -> 0
2025-12-12 13:28:36.230 dc53-p32-t108-n023:389997:390595 [5] NCCL INFO Ring 22 : 4 -> 5 -> 6
2025-12-12 13:28:36.230 dc53-p32-t108-n023:389994:390596 [2] NCCL INFO Ring 21 : 1 -> 2 -> 3
2025-12-12 13:28:36.230 dc53-p32-t108-n023:389998:390593 [6] NCCL INFO Ring 20 : 5 -> 6 -> 7
2025-12-12 13:28:36.230 dc53-p32-t108-n023:389995:390597 [3] NCCL INFO Ring 23 : 2 -> 3 -> 4
2025-12-12 13:28:36.230 dc53-p32-t108-n023:389992:390590 [0] NCCL INFO Tree 11 : -1 -> 0 -> 1/-1/-1
2025-12-12 13:28:36.230 dc53-p32-t108-n023:389996:390594 [4] NCCL INFO P2P Chunksize set to 524288
2025-12-12 13:28:36.230 dc53-p32-t108-n023:389999:390592 [7] NCCL INFO Trees [0] -1/-1/-1->7->6 [1] -1/-1/-1->7->6 [2] -1/-1/-1->7->6 [3] -1/-1/-1->7->6 [4] -1/-1/-1->7->6 [5] -1/-1/-1->7->6 [6] -1/-1/-1->7->6 [7] -1/-1/-1->7->6 [8] -1/-1/-1->7->6 [9] -1/-1/-1->7->6 [10] -1/-1/-1->7->6 [11] -1/-1/-1->7->6 [12] -1/-1/-1->7->6 [13] -1/-1/-1->7->6 [14] -1/-1/-1->7->6 [15] -1/-1/-1->7->6 [16] -1/-1/-1->7->6 [17] -1/-1/-1->7->6 [18] -1/-1/-1->7->6 [19] -1/-1/-1->7->6 [20] -1/-1/-1->7->6 [21] -1/-1/-1->7->6 [22] -1/-1/-1->7->6 [23] -1/-1/-1->7->6
2025-12-12 13:28:36.230 dc53-p32-t108-n023:389992:390590 [0] NCCL INFO Tree 23 : -1 -> 0 -> 1/-1/-1
2025-12-12 13:28:36.230 dc53-p32-t108-n023:389997:390595 [5] NCCL INFO Ring 23 : 4 -> 5 -> 6
2025-12-12 13:28:36.230 dc53-p32-t108-n023:389993:390591 [1] NCCL INFO Ring 00 : 0 -> 1 -> 2
2025-12-12 13:28:36.230 dc53-p32-t108-n023:389994:390596 [2] NCCL INFO Ring 22 : 1 -> 2 -> 3
2025-12-12 13:28:36.230 dc53-p32-t108-n023:389999:390592 [7] NCCL INFO P2P Chunksize set to 524288
2025-12-12 13:28:36.230 dc53-p32-t108-n023:389998:390593 [6] NCCL INFO Ring 21 : 5 -> 6 -> 7
2025-12-12 13:28:36.230 dc53-p32-t108-n023:389992:390590 [0] NCCL INFO Channel 00/24 :    0   1   2   3   4   5   6   7
2025-12-12 13:28:36.230 dc53-p32-t108-n023:389995:390597 [3] NCCL INFO Trees [0] 4/-1/-1->3->2 [1] 4/-1/-1->3->2 [2] 4/-1/-1->3->2 [3] 4/-1/-1->3->2 [4] 4/-1/-1->3->2 [5] 4/-1/-1->3->2 [6] 4/-1/-1->3->2 [7] 4/-1/-1->3->2 [8] 4/-1/-1->3->2 [9] 4/-1/-1->3->2 [10] 4/-1/-1->3->2 [11] 4/-1/-1->3->2 [12] 4/-1/-1->3->2 [13] 4/-1/-1->3->2 [14] 4/-1/-1->3->2 [15] 4/-1/-1->3->2 [16] 4/-1/-1->3->2 [17] 4/-1/-1->3->2 [18] 4/-1/-1->3->2 [19] 4/-1/-1->3->2 [20] 4/-1/-1->3->2 [21] 4/-1/-1->3->2 [22] 4/-1/-1->3->2 [23] 4/-1/-1->3->2
2025-12-12 13:28:36.230 dc53-p32-t108-n023:389997:390595 [5] NCCL INFO Trees [0] 6/-1/-1->5->4 [1] 6/-1/-1->5->4 [2] 6/-1/-1->5->4 [3] 6/-1/-1->5->4 [4] 6/-1/-1->5->4 [5] 6/-1/-1->5->4 [6] 6/-1/-1->5->4 [7] 6/-1/-1->5->4 [8] 6/-1/-1->5->4 [9] 6/-1/-1->5->4 [10] 6/-1/-1->5->4 [11] 6/-1/-1->5->4 [12] 6/-1/-1->5->4 [13] 6/-1/-1->5->4 [14] 6/-1/-1->5->4 [15] 6/-1/-1->5->4 [16] 6/-1/-1->5->4 [17] 6/-1/-1->5->4 [18] 6/-1/-1->5->4 [19] 6/-1/-1->5->4 [20] 6/-1/-1->5->4 [21] 6/-1/-1->5->4 [22] 6/-1/-1->5->4 [23] 6/-1/-1->5->4
2025-12-12 13:28:36.230 dc53-p32-t108-n023:389998:390593 [6] NCCL INFO Ring 22 : 5 -> 6 -> 7
2025-12-12 13:28:36.230 dc53-p32-t108-n023:389992:390590 [0] NCCL INFO Channel 01/24 :    0   1   2   3   4   5   6   7
2025-12-12 13:28:36.230 dc53-p32-t108-n023:389993:390591 [1] NCCL INFO Ring 01 : 0 -> 1 -> 2
2025-12-12 13:28:36.230 dc53-p32-t108-n023:389994:390596 [2] NCCL INFO Ring 23 : 1 -> 2 -> 3
2025-12-12 13:28:36.230 dc53-p32-t108-n023:389995:390597 [3] NCCL INFO P2P Chunksize set to 524288
2025-12-12 13:28:36.230 dc53-p32-t108-n023:389992:390590 [0] NCCL INFO Channel 02/24 :    0   1   2   3   4   5   6   7
2025-12-12 13:28:36.230 dc53-p32-t108-n023:389998:390593 [6] NCCL INFO Ring 23 : 5 -> 6 -> 7
2025-12-12 13:28:36.230 dc53-p32-t108-n023:389993:390591 [1] NCCL INFO Ring 02 : 0 -> 1 -> 2
2025-12-12 13:28:36.230 dc53-p32-t108-n023:389994:390596 [2] NCCL INFO Trees [0] 3/-1/-1->2->1 [1] 3/-1/-1->2->1 [2] 3/-1/-1->2->1 [3] 3/-1/-1->2->1 [4] 3/-1/-1->2->1 [5] 3/-1/-1->2->1 [6] 3/-1/-1->2->1 [7] 3/-1/-1->2->1 [8] 3/-1/-1->2->1 [9] 3/-1/-1->2->1 [10] 3/-1/-1->2->1 [11] 3/-1/-1->2->1 [12] 3/-1/-1->2->1 [13] 3/-1/-1->2->1 [14] 3/-1/-1->2->1 [15] 3/-1/-1->2->1 [16] 3/-1/-1->2->1 [17] 3/-1/-1->2->1 [18] 3/-1/-1->2->1 [19] 3/-1/-1->2->1 [20] 3/-1/-1->2->1 [21] 3/-1/-1->2->1 [22] 3/-1/-1->2->1 [23] 3/-1/-1->2->1
2025-12-12 13:28:36.230 dc53-p32-t108-n023:389998:390593 [6] NCCL INFO Trees [0] 7/-1/-1->6->5 [1] 7/-1/-1->6->5 [2] 7/-1/-1->6->5 [3] 7/-1/-1->6->5 [4] 7/-1/-1->6->5 [5] 7/-1/-1->6->5 [6] 7/-1/-1->6->5 [7] 7/-1/-1->6->5 [8] 7/-1/-1->6->5 [9] 7/-1/-1->6->5 [10] 7/-1/-1->6->5 [11] 7/-1/-1->6->5 [12] 7/-1/-1->6->5 [13] 7/-1/-1->6->5 [14] 7/-1/-1->6->5 [15] 7/-1/-1->6->5 [16] 7/-1/-1->6->5 [17] 7/-1/-1->6->5 [18] 7/-1/-1->6->5 [19] 7/-1/-1->6->5 [20] 7/-1/-1->6->5 [21] 7/-1/-1->6->5 [22] 7/-1/-1->6->5 [23] 7/-1/-1->6->5
2025-12-12 13:28:36.230 dc53-p32-t108-n023:389997:390595 [5] NCCL INFO P2P Chunksize set to 524288
2025-12-12 13:28:36.230 dc53-p32-t108-n023:389992:390590 [0] NCCL INFO Channel 03/24 :    0   1   2   3   4   5   6   7
2025-12-12 13:28:36.230 dc53-p32-t108-n023:389993:390591 [1] NCCL INFO Ring 03 : 0 -> 1 -> 2
2025-12-12 13:28:36.230 dc53-p32-t108-n023:389994:390596 [2] NCCL INFO P2P Chunksize set to 524288
2025-12-12 13:28:36.230 dc53-p32-t108-n023:389993:390591 [1] NCCL INFO Ring 04 : 0 -> 1 -> 2
2025-12-12 13:28:36.230 dc53-p32-t108-n023:389992:390590 [0] NCCL INFO Channel 04/24 :    0   1   2   3   4   5   6   7
2025-12-12 13:28:36.230 dc53-p32-t108-n023:389998:390593 [6] NCCL INFO P2P Chunksize set to 524288
2025-12-12 13:28:36.230 dc53-p32-t108-n023:389993:390591 [1] NCCL INFO Ring 05 : 0 -> 1 -> 2
2025-12-12 13:28:36.230 dc53-p32-t108-n023:389993:390591 [1] NCCL INFO Ring 06 : 0 -> 1 -> 2
2025-12-12 13:28:36.230 dc53-p32-t108-n023:389992:390590 [0] NCCL INFO Channel 05/24 :    0   1   2   3   4   5   6   7
2025-12-12 13:28:36.230 dc53-p32-t108-n023:389993:390591 [1] NCCL INFO Ring 07 : 0 -> 1 -> 2
2025-12-12 13:28:36.230 dc53-p32-t108-n023:389992:390590 [0] NCCL INFO Channel 06/24 :    0   1   2   3   4   5   6   7
2025-12-12 13:28:36.230 dc53-p32-t108-n023:389993:390591 [1] NCCL INFO Ring 08 : 0 -> 1 -> 2
2025-12-12 13:28:36.230 dc53-p32-t108-n023:389992:390590 [0] NCCL INFO Channel 07/24 :    0   1   2   3   4   5   6   7
2025-12-12 13:28:36.230 dc53-p32-t108-n023:389993:390591 [1] NCCL INFO Ring 09 : 0 -> 1 -> 2
2025-12-12 13:28:36.230 dc53-p32-t108-n023:389993:390591 [1] NCCL INFO Ring 10 : 0 -> 1 -> 2
2025-12-12 13:28:36.230 dc53-p32-t108-n023:389992:390590 [0] NCCL INFO Channel 08/24 :    0   1   2   3   4   5   6   7
2025-12-12 13:28:36.230 dc53-p32-t108-n023:389993:390591 [1] NCCL INFO Ring 11 : 0 -> 1 -> 2
2025-12-12 13:28:36.230 dc53-p32-t108-n023:389992:390590 [0] NCCL INFO Channel 09/24 :    0   1   2   3   4   5   6   7
2025-12-12 13:28:36.230 dc53-p32-t108-n023:389993:390591 [1] NCCL INFO Ring 12 : 0 -> 1 -> 2
2025-12-12 13:28:36.230 dc53-p32-t108-n023:389993:390591 [1] NCCL INFO Ring 13 : 0 -> 1 -> 2
2025-12-12 13:28:36.230 dc53-p32-t108-n023:389992:390590 [0] NCCL INFO Channel 10/24 :    0   1   2   3   4   5   6   7
2025-12-12 13:28:36.230 dc53-p32-t108-n023:389993:390591 [1] NCCL INFO Ring 14 : 0 -> 1 -> 2
2025-12-12 13:28:36.230 dc53-p32-t108-n023:389992:390590 [0] NCCL INFO Channel 11/24 :    0   1   2   3   4   5   6   7
2025-12-12 13:28:36.230 dc53-p32-t108-n023:389993:390591 [1] NCCL INFO Ring 15 : 0 -> 1 -> 2
2025-12-12 13:28:36.230 dc53-p32-t108-n023:389992:390590 [0] NCCL INFO Channel 12/24 :    0   1   2   3   4   5   6   7
2025-12-12 13:28:36.230 dc53-p32-t108-n023:389993:390591 [1] NCCL INFO Ring 16 : 0 -> 1 -> 2
2025-12-12 13:28:36.230 dc53-p32-t108-n023:389993:390591 [1] NCCL INFO Ring 17 : 0 -> 1 -> 2
2025-12-12 13:28:36.230 dc53-p32-t108-n023:389992:390590 [0] NCCL INFO Channel 13/24 :    0   1   2   3   4   5   6   7
2025-12-12 13:28:36.230 dc53-p32-t108-n023:389993:390591 [1] NCCL INFO Ring 18 : 0 -> 1 -> 2
2025-12-12 13:28:36.230 dc53-p32-t108-n023:389992:390590 [0] NCCL INFO Channel 14/24 :    0   1   2   3   4   5   6   7
2025-12-12 13:28:36.230 dc53-p32-t108-n023:389993:390591 [1] NCCL INFO Ring 19 : 0 -> 1 -> 2
2025-12-12 13:28:36.230 dc53-p32-t108-n023:389992:390590 [0] NCCL INFO Channel 15/24 :    0   1   2   3   4   5   6   7
2025-12-12 13:28:36.230 dc53-p32-t108-n023:389993:390591 [1] NCCL INFO Ring 20 : 0 -> 1 -> 2
2025-12-12 13:28:36.230 dc53-p32-t108-n023:389992:390590 [0] NCCL INFO Channel 16/24 :    0   1   2   3   4   5   6   7
2025-12-12 13:28:36.230 dc53-p32-t108-n023:389993:390591 [1] NCCL INFO Ring 21 : 0 -> 1 -> 2
2025-12-12 13:28:36.230 dc53-p32-t108-n023:389993:390591 [1] NCCL INFO Ring 22 : 0 -> 1 -> 2
2025-12-12 13:28:36.230 dc53-p32-t108-n023:389992:390590 [0] NCCL INFO Channel 17/24 :    0   1   2   3   4   5   6   7
2025-12-12 13:28:36.230 dc53-p32-t108-n023:389993:390591 [1] NCCL INFO Ring 23 : 0 -> 1 -> 2
2025-12-12 13:28:36.230 dc53-p32-t108-n023:389992:390590 [0] NCCL INFO Channel 18/24 :    0   1   2   3   4   5   6   7
2025-12-12 13:28:36.230 dc53-p32-t108-n023:389993:390591 [1] NCCL INFO Trees [0] 2/-1/-1->1->0 [1] 2/-1/-1->1->0 [2] 2/-1/-1->1->0 [3] 2/-1/-1->1->0 [4] 2/-1/-1->1->0 [5] 2/-1/-1->1->0 [6] 2/-1/-1->1->0 [7] 2/-1/-1->1->0 [8] 2/-1/-1->1->0 [9] 2/-1/-1->1->0 [10] 2/-1/-1->1->0 [11] 2/-1/-1->1->0 [12] 2/-1/-1->1->0 [13] 2/-1/-1->1->0 [14] 2/-1/-1->1->0 [15] 2/-1/-1->1->0 [16] 2/-1/-1->1->0 [17] 2/-1/-1->1->0 [18] 2/-1/-1->1->0 [19] 2/-1/-1->1->0 [20] 2/-1/-1->1->0 [21] 2/-1/-1->1->0 [22] 2/-1/-1->1->0 [23] 2/-1/-1->1->0
2025-12-12 13:28:36.230 dc53-p32-t108-n023:389992:390590 [0] NCCL INFO Channel 19/24 :    0   1   2   3   4   5   6   7
2025-12-12 13:28:36.230 dc53-p32-t108-n023:389992:390590 [0] NCCL INFO Channel 20/24 :    0   1   2   3   4   5   6   7
2025-12-12 13:28:36.230 dc53-p32-t108-n023:389993:390591 [1] NCCL INFO P2P Chunksize set to 524288
2025-12-12 13:28:36.230 dc53-p32-t108-n023:389992:390590 [0] NCCL INFO Channel 21/24 :    0   1   2   3   4   5   6   7
2025-12-12 13:28:36.230 dc53-p32-t108-n023:389992:390590 [0] NCCL INFO Channel 22/24 :    0   1   2   3   4   5   6   7
2025-12-12 13:28:36.230 dc53-p32-t108-n023:389992:390590 [0] NCCL INFO Channel 23/24 :    0   1   2   3   4   5   6   7
2025-12-12 13:28:36.230 dc53-p32-t108-n023:389992:390590 [0] NCCL INFO Ring 00 : 7 -> 0 -> 1
2025-12-12 13:28:36.230 dc53-p32-t108-n023:389992:390590 [0] NCCL INFO Ring 01 : 7 -> 0 -> 1
2025-12-12 13:28:36.230 dc53-p32-t108-n023:389992:390590 [0] NCCL INFO Ring 02 : 7 -> 0 -> 1
2025-12-12 13:28:36.230 dc53-p32-t108-n023:389992:390590 [0] NCCL INFO Ring 03 : 7 -> 0 -> 1
2025-12-12 13:28:36.230 dc53-p32-t108-n023:389992:390590 [0] NCCL INFO Ring 04 : 7 -> 0 -> 1
2025-12-12 13:28:36.230 dc53-p32-t108-n023:389992:390590 [0] NCCL INFO Ring 05 : 7 -> 0 -> 1
2025-12-12 13:28:36.230 dc53-p32-t108-n023:389992:390590 [0] NCCL INFO Ring 06 : 7 -> 0 -> 1
2025-12-12 13:28:36.230 dc53-p32-t108-n023:389992:390590 [0] NCCL INFO Ring 07 : 7 -> 0 -> 1
2025-12-12 13:28:36.230 dc53-p32-t108-n023:389992:390590 [0] NCCL INFO Ring 08 : 7 -> 0 -> 1
2025-12-12 13:28:36.230 dc53-p32-t108-n023:389992:390590 [0] NCCL INFO Ring 09 : 7 -> 0 -> 1
2025-12-12 13:28:36.230 dc53-p32-t108-n023:389992:390590 [0] NCCL INFO Ring 10 : 7 -> 0 -> 1
2025-12-12 13:28:36.230 dc53-p32-t108-n023:389992:390590 [0] NCCL INFO Ring 11 : 7 -> 0 -> 1
2025-12-12 13:28:36.230 dc53-p32-t108-n023:389992:390590 [0] NCCL INFO Ring 12 : 7 -> 0 -> 1
2025-12-12 13:28:36.230 dc53-p32-t108-n023:389992:390590 [0] NCCL INFO Ring 13 : 7 -> 0 -> 1
2025-12-12 13:28:36.230 dc53-p32-t108-n023:389992:390590 [0] NCCL INFO Ring 14 : 7 -> 0 -> 1
2025-12-12 13:28:36.230 dc53-p32-t108-n023:389992:390590 [0] NCCL INFO Ring 15 : 7 -> 0 -> 1
2025-12-12 13:28:36.230 dc53-p32-t108-n023:389992:390590 [0] NCCL INFO Ring 16 : 7 -> 0 -> 1
2025-12-12 13:28:36.230 dc53-p32-t108-n023:389992:390590 [0] NCCL INFO Ring 17 : 7 -> 0 -> 1
2025-12-12 13:28:36.230 dc53-p32-t108-n023:389992:390590 [0] NCCL INFO Ring 18 : 7 -> 0 -> 1
2025-12-12 13:28:36.230 dc53-p32-t108-n023:389992:390590 [0] NCCL INFO Ring 19 : 7 -> 0 -> 1
2025-12-12 13:28:36.230 dc53-p32-t108-n023:389992:390590 [0] NCCL INFO Ring 20 : 7 -> 0 -> 1
2025-12-12 13:28:36.230 dc53-p32-t108-n023:389992:390590 [0] NCCL INFO Ring 21 : 7 -> 0 -> 1
2025-12-12 13:28:36.230 dc53-p32-t108-n023:389992:390590 [0] NCCL INFO Ring 22 : 7 -> 0 -> 1
2025-12-12 13:28:36.230 dc53-p32-t108-n023:389992:390590 [0] NCCL INFO Ring 23 : 7 -> 0 -> 1
2025-12-12 13:28:36.230 dc53-p32-t108-n023:389992:390590 [0] NCCL INFO Trees [0] 1/-1/-1->0->-1 [1] 1/-1/-1->0->-1 [2] 1/-1/-1->0->-1 [3] 1/-1/-1->0->-1 [4] 1/-1/-1->0->-1 [5] 1/-1/-1->0->-1 [6] 1/-1/-1->0->-1 [7] 1/-1/-1->0->-1 [8] 1/-1/-1->0->-1 [9] 1/-1/-1->0->-1 [10] 1/-1/-1->0->-1 [11] 1/-1/-1->0->-1 [12] 1/-1/-1->0->-1 [13] 1/-1/-1->0->-1 [14] 1/-1/-1->0->-1 [15] 1/-1/-1->0->-1 [16] 1/-1/-1->0->-1 [17] 1/-1/-1->0->-1 [18] 1/-1/-1->0->-1 [19] 1/-1/-1->0->-1 [20] 1/-1/-1->0->-1 [21] 1/-1/-1->0->-1 [22] 1/-1/-1->0->-1 [23] 1/-1/-1->0->-1
2025-12-12 13:28:36.230 dc53-p32-t108-n023:389992:390590 [0] NCCL INFO P2P Chunksize set to 524288
2025-12-12 13:28:36.294 dc53-p32-t108-n023:389998:390593 [6] NCCL INFO Ring Channel 00/0 : 6[6] -> 7[7] via P2P/CUMEM
2025-12-12 13:28:36.294 dc53-p32-t108-n023:389998:390593 [6] NCCL INFO Ring Channel 00/0 : 6[6] -> 7[7] via P2P/CUMEM
2025-12-12 13:28:36.295 dc53-p32-t108-n023:389998:390593 [6] NCCL INFO Ring Channel 01/0 : 6[6] -> 7[7] via P2P/CUMEM
2025-12-12 13:28:36.295 dc53-p32-t108-n023:389998:390593 [6] NCCL INFO Ring Channel 01/0 : 6[6] -> 7[7] via P2P/CUMEM
2025-12-12 13:28:36.295 dc53-p32-t108-n023:389998:390593 [6] NCCL INFO Ring Channel 02/0 : 6[6] -> 7[7] via P2P/CUMEM
2025-12-12 13:28:36.295 dc53-p32-t108-n023:389998:390593 [6] NCCL INFO Ring Channel 02/0 : 6[6] -> 7[7] via P2P/CUMEM
2025-12-12 13:28:36.296 dc53-p32-t108-n023:389998:390593 [6] NCCL INFO Ring Channel 03/0 : 6[6] -> 7[7] via P2P/CUMEM
2025-12-12 13:28:36.296 dc53-p32-t108-n023:389998:390593 [6] NCCL INFO Ring Channel 03/0 : 6[6] -> 7[7] via P2P/CUMEM
2025-12-12 13:28:36.296 dc53-p32-t108-n023:389998:390593 [6] NCCL INFO Ring Channel 04/0 : 6[6] -> 7[7] via P2P/CUMEM
2025-12-12 13:28:36.296 dc53-p32-t108-n023:389998:390593 [6] NCCL INFO Ring Channel 04/0 : 6[6] -> 7[7] via P2P/CUMEM
2025-12-12 13:28:36.297 dc53-p32-t108-n023:389998:390593 [6] NCCL INFO Ring Channel 05/0 : 6[6] -> 7[7] via P2P/CUMEM
2025-12-12 13:28:36.297 dc53-p32-t108-n023:389998:390593 [6] NCCL INFO Ring Channel 05/0 : 6[6] -> 7[7] via P2P/CUMEM
2025-12-12 13:28:36.297 dc53-p32-t108-n023:389998:390593 [6] NCCL INFO Ring Channel 06/0 : 6[6] -> 7[7] via P2P/CUMEM
2025-12-12 13:28:36.297 dc53-p32-t108-n023:389998:390593 [6] NCCL INFO Ring Channel 06/0 : 6[6] -> 7[7] via P2P/CUMEM
2025-12-12 13:28:36.298 dc53-p32-t108-n023:389998:390593 [6] NCCL INFO Ring Channel 07/0 : 6[6] -> 7[7] via P2P/CUMEM
2025-12-12 13:28:36.298 dc53-p32-t108-n023:389998:390593 [6] NCCL INFO Ring Channel 07/0 : 6[6] -> 7[7] via P2P/CUMEM
2025-12-12 13:28:36.298 dc53-p32-t108-n023:389998:390593 [6] NCCL INFO Ring Channel 08/0 : 6[6] -> 7[7] via P2P/CUMEM
2025-12-12 13:28:36.298 dc53-p32-t108-n023:389998:390593 [6] NCCL INFO Ring Channel 08/0 : 6[6] -> 7[7] via P2P/CUMEM
2025-12-12 13:28:36.299 dc53-p32-t108-n023:389998:390593 [6] NCCL INFO Ring Channel 09/0 : 6[6] -> 7[7] via P2P/CUMEM
2025-12-12 13:28:36.299 dc53-p32-t108-n023:389998:390593 [6] NCCL INFO Ring Channel 09/0 : 6[6] -> 7[7] via P2P/CUMEM
2025-12-12 13:28:36.299 dc53-p32-t108-n023:389997:390595 [5] NCCL INFO Ring Channel 00/0 : 5[5] -> 6[6] via P2P/CUMEM
2025-12-12 13:28:36.299 dc53-p32-t108-n023:389997:390595 [5] NCCL INFO Ring Channel 00/0 : 5[5] -> 6[6] via P2P/CUMEM
2025-12-12 13:28:36.300 dc53-p32-t108-n023:389998:390593 [6] NCCL INFO Ring Channel 10/0 : 6[6] -> 7[7] via P2P/CUMEM
2025-12-12 13:28:36.300 dc53-p32-t108-n023:389998:390593 [6] NCCL INFO Ring Channel 10/0 : 6[6] -> 7[7] via P2P/CUMEM
2025-12-12 13:28:36.300 dc53-p32-t108-n023:389997:390595 [5] NCCL INFO Ring Channel 01/0 : 5[5] -> 6[6] via P2P/CUMEM
2025-12-12 13:28:36.300 dc53-p32-t108-n023:389997:390595 [5] NCCL INFO Ring Channel 01/0 : 5[5] -> 6[6] via P2P/CUMEM
2025-12-12 13:28:36.300 dc53-p32-t108-n023:389998:390593 [6] NCCL INFO Ring Channel 11/0 : 6[6] -> 7[7] via P2P/CUMEM
2025-12-12 13:28:36.300 dc53-p32-t108-n023:389998:390593 [6] NCCL INFO Ring Channel 11/0 : 6[6] -> 7[7] via P2P/CUMEM
2025-12-12 13:28:36.300 dc53-p32-t108-n023:389997:390595 [5] NCCL INFO Ring Channel 02/0 : 5[5] -> 6[6] via P2P/CUMEM
2025-12-12 13:28:36.300 dc53-p32-t108-n023:389997:390595 [5] NCCL INFO Ring Channel 02/0 : 5[5] -> 6[6] via P2P/CUMEM
2025-12-12 13:28:36.301 dc53-p32-t108-n023:389998:390593 [6] NCCL INFO Ring Channel 12/0 : 6[6] -> 7[7] via P2P/CUMEM
2025-12-12 13:28:36.301 dc53-p32-t108-n023:389998:390593 [6] NCCL INFO Ring Channel 12/0 : 6[6] -> 7[7] via P2P/CUMEM
2025-12-12 13:28:36.301 dc53-p32-t108-n023:389997:390595 [5] NCCL INFO Ring Channel 03/0 : 5[5] -> 6[6] via P2P/CUMEM
2025-12-12 13:28:36.301 dc53-p32-t108-n023:389997:390595 [5] NCCL INFO Ring Channel 03/0 : 5[5] -> 6[6] via P2P/CUMEM
2025-12-12 13:28:36.301 dc53-p32-t108-n023:389998:390593 [6] NCCL INFO Ring Channel 13/0 : 6[6] -> 7[7] via P2P/CUMEM
2025-12-12 13:28:36.301 dc53-p32-t108-n023:389998:390593 [6] NCCL INFO Ring Channel 13/0 : 6[6] -> 7[7] via P2P/CUMEM
2025-12-12 13:28:36.302 dc53-p32-t108-n023:389997:390595 [5] NCCL INFO Ring Channel 04/0 : 5[5] -> 6[6] via P2P/CUMEM
2025-12-12 13:28:36.302 dc53-p32-t108-n023:389997:390595 [5] NCCL INFO Ring Channel 04/0 : 5[5] -> 6[6] via P2P/CUMEM
2025-12-12 13:28:36.302 dc53-p32-t108-n023:389998:390593 [6] NCCL INFO Ring Channel 14/0 : 6[6] -> 7[7] via P2P/CUMEM
2025-12-12 13:28:36.302 dc53-p32-t108-n023:389998:390593 [6] NCCL INFO Ring Channel 14/0 : 6[6] -> 7[7] via P2P/CUMEM
2025-12-12 13:28:36.302 dc53-p32-t108-n023:389997:390595 [5] NCCL INFO Ring Channel 05/0 : 5[5] -> 6[6] via P2P/CUMEM
2025-12-12 13:28:36.302 dc53-p32-t108-n023:389997:390595 [5] NCCL INFO Ring Channel 05/0 : 5[5] -> 6[6] via P2P/CUMEM
2025-12-12 13:28:36.303 dc53-p32-t108-n023:389998:390593 [6] NCCL INFO Ring Channel 15/0 : 6[6] -> 7[7] via P2P/CUMEM
2025-12-12 13:28:36.303 dc53-p32-t108-n023:389998:390593 [6] NCCL INFO Ring Channel 15/0 : 6[6] -> 7[7] via P2P/CUMEM
2025-12-12 13:28:36.303 dc53-p32-t108-n023:389997:390595 [5] NCCL INFO Ring Channel 06/0 : 5[5] -> 6[6] via P2P/CUMEM
2025-12-12 13:28:36.303 dc53-p32-t108-n023:389997:390595 [5] NCCL INFO Ring Channel 06/0 : 5[5] -> 6[6] via P2P/CUMEM
2025-12-12 13:28:36.303 dc53-p32-t108-n023:389998:390593 [6] NCCL INFO Ring Channel 16/0 : 6[6] -> 7[7] via P2P/CUMEM
2025-12-12 13:28:36.303 dc53-p32-t108-n023:389998:390593 [6] NCCL INFO Ring Channel 16/0 : 6[6] -> 7[7] via P2P/CUMEM
2025-12-12 13:28:36.304 dc53-p32-t108-n023:389997:390595 [5] NCCL INFO Ring Channel 07/0 : 5[5] -> 6[6] via P2P/CUMEM
2025-12-12 13:28:36.304 dc53-p32-t108-n023:389997:390595 [5] NCCL INFO Ring Channel 07/0 : 5[5] -> 6[6] via P2P/CUMEM
2025-12-12 13:28:36.304 dc53-p32-t108-n023:389998:390593 [6] NCCL INFO Ring Channel 17/0 : 6[6] -> 7[7] via P2P/CUMEM
2025-12-12 13:28:36.304 dc53-p32-t108-n023:389998:390593 [6] NCCL INFO Ring Channel 17/0 : 6[6] -> 7[7] via P2P/CUMEM
2025-12-12 13:28:36.304 dc53-p32-t108-n023:389997:390595 [5] NCCL INFO Ring Channel 08/0 : 5[5] -> 6[6] via P2P/CUMEM
2025-12-12 13:28:36.304 dc53-p32-t108-n023:389997:390595 [5] NCCL INFO Ring Channel 08/0 : 5[5] -> 6[6] via P2P/CUMEM
2025-12-12 13:28:36.305 dc53-p32-t108-n023:389998:390593 [6] NCCL INFO Ring Channel 18/0 : 6[6] -> 7[7] via P2P/CUMEM
2025-12-12 13:28:36.305 dc53-p32-t108-n023:389998:390593 [6] NCCL INFO Ring Channel 18/0 : 6[6] -> 7[7] via P2P/CUMEM
2025-12-12 13:28:36.305 dc53-p32-t108-n023:389997:390595 [5] NCCL INFO Ring Channel 09/0 : 5[5] -> 6[6] via P2P/CUMEM
2025-12-12 13:28:36.305 dc53-p32-t108-n023:389997:390595 [5] NCCL INFO Ring Channel 09/0 : 5[5] -> 6[6] via P2P/CUMEM
2025-12-12 13:28:36.305 dc53-p32-t108-n023:389998:390593 [6] NCCL INFO Ring Channel 19/0 : 6[6] -> 7[7] via P2P/CUMEM
2025-12-12 13:28:36.305 dc53-p32-t108-n023:389998:390593 [6] NCCL INFO Ring Channel 19/0 : 6[6] -> 7[7] via P2P/CUMEM
2025-12-12 13:28:36.305 dc53-p32-t108-n023:389997:390595 [5] NCCL INFO Ring Channel 10/0 : 5[5] -> 6[6] via P2P/CUMEM
2025-12-12 13:28:36.305 dc53-p32-t108-n023:389997:390595 [5] NCCL INFO Ring Channel 10/0 : 5[5] -> 6[6] via P2P/CUMEM
2025-12-12 13:28:36.306 dc53-p32-t108-n023:389998:390593 [6] NCCL INFO Ring Channel 20/0 : 6[6] -> 7[7] via P2P/CUMEM
2025-12-12 13:28:36.306 dc53-p32-t108-n023:389998:390593 [6] NCCL INFO Ring Channel 20/0 : 6[6] -> 7[7] via P2P/CUMEM
2025-12-12 13:28:36.306 dc53-p32-t108-n023:389997:390595 [5] NCCL INFO Ring Channel 11/0 : 5[5] -> 6[6] via P2P/CUMEM
2025-12-12 13:28:36.306 dc53-p32-t108-n023:389997:390595 [5] NCCL INFO Ring Channel 11/0 : 5[5] -> 6[6] via P2P/CUMEM
2025-12-12 13:28:36.307 dc53-p32-t108-n023:389998:390593 [6] NCCL INFO Ring Channel 21/0 : 6[6] -> 7[7] via P2P/CUMEM
2025-12-12 13:28:36.307 dc53-p32-t108-n023:389998:390593 [6] NCCL INFO Ring Channel 21/0 : 6[6] -> 7[7] via P2P/CUMEM
2025-12-12 13:28:36.307 dc53-p32-t108-n023:389997:390595 [5] NCCL INFO Ring Channel 12/0 : 5[5] -> 6[6] via P2P/CUMEM
2025-12-12 13:28:36.307 dc53-p32-t108-n023:389997:390595 [5] NCCL INFO Ring Channel 12/0 : 5[5] -> 6[6] via P2P/CUMEM
2025-12-12 13:28:36.307 dc53-p32-t108-n023:389999:390592 [7] NCCL INFO Ring Channel 00/0 : 7[7] -> 0[0] via P2P/CUMEM
2025-12-12 13:28:36.307 dc53-p32-t108-n023:389999:390592 [7] NCCL INFO Ring Channel 00/0 : 7[7] -> 0[0] via P2P/CUMEM
2025-12-12 13:28:36.307 dc53-p32-t108-n023:389998:390593 [6] NCCL INFO Ring Channel 22/0 : 6[6] -> 7[7] via P2P/CUMEM
2025-12-12 13:28:36.307 dc53-p32-t108-n023:389998:390593 [6] NCCL INFO Ring Channel 22/0 : 6[6] -> 7[7] via P2P/CUMEM
2025-12-12 13:28:36.307 dc53-p32-t108-n023:389997:390595 [5] NCCL INFO Ring Channel 13/0 : 5[5] -> 6[6] via P2P/CUMEM
2025-12-12 13:28:36.307 dc53-p32-t108-n023:389997:390595 [5] NCCL INFO Ring Channel 13/0 : 5[5] -> 6[6] via P2P/CUMEM
2025-12-12 13:28:36.308 dc53-p32-t108-n023:389999:390592 [7] NCCL INFO Ring Channel 01/0 : 7[7] -> 0[0] via P2P/CUMEM
2025-12-12 13:28:36.308 dc53-p32-t108-n023:389999:390592 [7] NCCL INFO Ring Channel 01/0 : 7[7] -> 0[0] via P2P/CUMEM
2025-12-12 13:28:36.308 dc53-p32-t108-n023:389998:390593 [6] NCCL INFO Ring Channel 23/0 : 6[6] -> 7[7] via P2P/CUMEM
2025-12-12 13:28:36.308 dc53-p32-t108-n023:389998:390593 [6] NCCL INFO Ring Channel 23/0 : 6[6] -> 7[7] via P2P/CUMEM
2025-12-12 13:28:36.308 dc53-p32-t108-n023:389997:390595 [5] NCCL INFO Ring Channel 14/0 : 5[5] -> 6[6] via P2P/CUMEM
2025-12-12 13:28:36.308 dc53-p32-t108-n023:389997:390595 [5] NCCL INFO Ring Channel 14/0 : 5[5] -> 6[6] via P2P/CUMEM
2025-12-12 13:28:36.308 dc53-p32-t108-n023:389999:390592 [7] NCCL INFO Ring Channel 02/0 : 7[7] -> 0[0] via P2P/CUMEM
2025-12-12 13:28:36.308 dc53-p32-t108-n023:389999:390592 [7] NCCL INFO Ring Channel 02/0 : 7[7] -> 0[0] via P2P/CUMEM
2025-12-12 13:28:36.308 dc53-p32-t108-n023:389995:390597 [3] NCCL INFO Ring Channel 00/0 : 3[3] -> 4[4] via P2P/CUMEM
2025-12-12 13:28:36.308 dc53-p32-t108-n023:389995:390597 [3] NCCL INFO Ring Channel 00/0 : 3[3] -> 4[4] via P2P/CUMEM
2025-12-12 13:28:36.309 dc53-p32-t108-n023:389997:390595 [5] NCCL INFO Ring Channel 15/0 : 5[5] -> 6[6] via P2P/CUMEM
2025-12-12 13:28:36.309 dc53-p32-t108-n023:389997:390595 [5] NCCL INFO Ring Channel 15/0 : 5[5] -> 6[6] via P2P/CUMEM
2025-12-12 13:28:36.309 dc53-p32-t108-n023:389999:390592 [7] NCCL INFO Ring Channel 03/0 : 7[7] -> 0[0] via P2P/CUMEM
2025-12-12 13:28:36.309 dc53-p32-t108-n023:389999:390592 [7] NCCL INFO Ring Channel 03/0 : 7[7] -> 0[0] via P2P/CUMEM
2025-12-12 13:28:36.309 dc53-p32-t108-n023:389995:390597 [3] NCCL INFO Ring Channel 01/0 : 3[3] -> 4[4] via P2P/CUMEM
2025-12-12 13:28:36.309 dc53-p32-t108-n023:389995:390597 [3] NCCL INFO Ring Channel 01/0 : 3[3] -> 4[4] via P2P/CUMEM
2025-12-12 13:28:36.309 dc53-p32-t108-n023:389997:390595 [5] NCCL INFO Ring Channel 16/0 : 5[5] -> 6[6] via P2P/CUMEM
2025-12-12 13:28:36.309 dc53-p32-t108-n023:389999:390592 [7] NCCL INFO Ring Channel 04/0 : 7[7] -> 0[0] via P2P/CUMEM
2025-12-12 13:28:36.309 dc53-p32-t108-n023:389997:390595 [5] NCCL INFO Ring Channel 16/0 : 5[5] -> 6[6] via P2P/CUMEM
2025-12-12 13:28:36.309 dc53-p32-t108-n023:389999:390592 [7] NCCL INFO Ring Channel 04/0 : 7[7] -> 0[0] via P2P/CUMEM
2025-12-12 13:28:36.309 dc53-p32-t108-n023:389995:390597 [3] NCCL INFO Ring Channel 02/0 : 3[3] -> 4[4] via P2P/CUMEM
2025-12-12 13:28:36.309 dc53-p32-t108-n023:389995:390597 [3] NCCL INFO Ring Channel 02/0 : 3[3] -> 4[4] via P2P/CUMEM
2025-12-12 13:28:36.309 dc53-p32-t108-n023:389993:390591 [1] NCCL INFO Ring Channel 00/0 : 1[1] -> 2[2] via P2P/CUMEM
2025-12-12 13:28:36.309 dc53-p32-t108-n023:389993:390591 [1] NCCL INFO Ring Channel 00/0 : 1[1] -> 2[2] via P2P/CUMEM
2025-12-12 13:28:36.310 dc53-p32-t108-n023:389997:390595 [5] NCCL INFO Ring Channel 17/0 : 5[5] -> 6[6] via P2P/CUMEM
2025-12-12 13:28:36.310 dc53-p32-t108-n023:389999:390592 [7] NCCL INFO Ring Channel 05/0 : 7[7] -> 0[0] via P2P/CUMEM
2025-12-12 13:28:36.310 dc53-p32-t108-n023:389997:390595 [5] NCCL INFO Ring Channel 17/0 : 5[5] -> 6[6] via P2P/CUMEM
2025-12-12 13:28:36.310 dc53-p32-t108-n023:389999:390592 [7] NCCL INFO Ring Channel 05/0 : 7[7] -> 0[0] via P2P/CUMEM
2025-12-12 13:28:36.310 dc53-p32-t108-n023:389995:390597 [3] NCCL INFO Ring Channel 03/0 : 3[3] -> 4[4] via P2P/CUMEM
2025-12-12 13:28:36.310 dc53-p32-t108-n023:389995:390597 [3] NCCL INFO Ring Channel 03/0 : 3[3] -> 4[4] via P2P/CUMEM
2025-12-12 13:28:36.310 dc53-p32-t108-n023:389993:390591 [1] NCCL INFO Ring Channel 01/0 : 1[1] -> 2[2] via P2P/CUMEM
2025-12-12 13:28:36.310 dc53-p32-t108-n023:389993:390591 [1] NCCL INFO Ring Channel 01/0 : 1[1] -> 2[2] via P2P/CUMEM
2025-12-12 13:28:36.310 dc53-p32-t108-n023:389997:390595 [5] NCCL INFO Ring Channel 18/0 : 5[5] -> 6[6] via P2P/CUMEM
2025-12-12 13:28:36.310 dc53-p32-t108-n023:389999:390592 [7] NCCL INFO Ring Channel 06/0 : 7[7] -> 0[0] via P2P/CUMEM
2025-12-12 13:28:36.310 dc53-p32-t108-n023:389997:390595 [5] NCCL INFO Ring Channel 18/0 : 5[5] -> 6[6] via P2P/CUMEM
2025-12-12 13:28:36.310 dc53-p32-t108-n023:389999:390592 [7] NCCL INFO Ring Channel 06/0 : 7[7] -> 0[0] via P2P/CUMEM
2025-12-12 13:28:36.310 dc53-p32-t108-n023:389995:390597 [3] NCCL INFO Ring Channel 04/0 : 3[3] -> 4[4] via P2P/CUMEM
2025-12-12 13:28:36.310 dc53-p32-t108-n023:389995:390597 [3] NCCL INFO Ring Channel 04/0 : 3[3] -> 4[4] via P2P/CUMEM
2025-12-12 13:28:36.311 dc53-p32-t108-n023:389993:390591 [1] NCCL INFO Ring Channel 02/0 : 1[1] -> 2[2] via P2P/CUMEM
2025-12-12 13:28:36.311 dc53-p32-t108-n023:389993:390591 [1] NCCL INFO Ring Channel 02/0 : 1[1] -> 2[2] via P2P/CUMEM
2025-12-12 13:28:36.311 dc53-p32-t108-n023:389999:390592 [7] NCCL INFO Ring Channel 07/0 : 7[7] -> 0[0] via P2P/CUMEM
2025-12-12 13:28:36.311 dc53-p32-t108-n023:389999:390592 [7] NCCL INFO Ring Channel 07/0 : 7[7] -> 0[0] via P2P/CUMEM
2025-12-12 13:28:36.311 dc53-p32-t108-n023:389997:390595 [5] NCCL INFO Ring Channel 19/0 : 5[5] -> 6[6] via P2P/CUMEM
2025-12-12 13:28:36.311 dc53-p32-t108-n023:389997:390595 [5] NCCL INFO Ring Channel 19/0 : 5[5] -> 6[6] via P2P/CUMEM
2025-12-12 13:28:36.311 dc53-p32-t108-n023:389995:390597 [3] NCCL INFO Ring Channel 05/0 : 3[3] -> 4[4] via P2P/CUMEM
2025-12-12 13:28:36.311 dc53-p32-t108-n023:389995:390597 [3] NCCL INFO Ring Channel 05/0 : 3[3] -> 4[4] via P2P/CUMEM
2025-12-12 13:28:36.311 dc53-p32-t108-n023:389993:390591 [1] NCCL INFO Ring Channel 03/0 : 1[1] -> 2[2] via P2P/CUMEM
2025-12-12 13:28:36.311 dc53-p32-t108-n023:389993:390591 [1] NCCL INFO Ring Channel 03/0 : 1[1] -> 2[2] via P2P/CUMEM
2025-12-12 13:28:36.311 dc53-p32-t108-n023:389994:390596 [2] NCCL INFO Ring Channel 00/0 : 2[2] -> 3[3] via P2P/CUMEM
2025-12-12 13:28:36.311 dc53-p32-t108-n023:389994:390596 [2] NCCL INFO Ring Channel 00/0 : 2[2] -> 3[3] via P2P/CUMEM
2025-12-12 13:28:36.311 dc53-p32-t108-n023:389999:390592 [7] NCCL INFO Ring Channel 08/0 : 7[7] -> 0[0] via P2P/CUMEM
2025-12-12 13:28:36.311 dc53-p32-t108-n023:389999:390592 [7] NCCL INFO Ring Channel 08/0 : 7[7] -> 0[0] via P2P/CUMEM
2025-12-12 13:28:36.311 dc53-p32-t108-n023:389997:390595 [5] NCCL INFO Ring Channel 20/0 : 5[5] -> 6[6] via P2P/CUMEM
2025-12-12 13:28:36.311 dc53-p32-t108-n023:389997:390595 [5] NCCL INFO Ring Channel 20/0 : 5[5] -> 6[6] via P2P/CUMEM
2025-12-12 13:28:36.311 dc53-p32-t108-n023:389995:390597 [3] NCCL INFO Ring Channel 06/0 : 3[3] -> 4[4] via P2P/CUMEM
2025-12-12 13:28:36.311 dc53-p32-t108-n023:389995:390597 [3] NCCL INFO Ring Channel 06/0 : 3[3] -> 4[4] via P2P/CUMEM
2025-12-12 13:28:36.312 dc53-p32-t108-n023:389993:390591 [1] NCCL INFO Ring Channel 04/0 : 1[1] -> 2[2] via P2P/CUMEM
2025-12-12 13:28:36.312 dc53-p32-t108-n023:389993:390591 [1] NCCL INFO Ring Channel 04/0 : 1[1] -> 2[2] via P2P/CUMEM
2025-12-12 13:28:36.312 dc53-p32-t108-n023:389994:390596 [2] NCCL INFO Ring Channel 01/0 : 2[2] -> 3[3] via P2P/CUMEM
2025-12-12 13:28:36.312 dc53-p32-t108-n023:389994:390596 [2] NCCL INFO Ring Channel 01/0 : 2[2] -> 3[3] via P2P/CUMEM
2025-12-12 13:28:36.312 dc53-p32-t108-n023:389999:390592 [7] NCCL INFO Ring Channel 09/0 : 7[7] -> 0[0] via P2P/CUMEM
2025-12-12 13:28:36.312 dc53-p32-t108-n023:389999:390592 [7] NCCL INFO Ring Channel 09/0 : 7[7] -> 0[0] via P2P/CUMEM
2025-12-12 13:28:36.312 dc53-p32-t108-n023:389997:390595 [5] NCCL INFO Ring Channel 21/0 : 5[5] -> 6[6] via P2P/CUMEM
2025-12-12 13:28:36.312 dc53-p32-t108-n023:389997:390595 [5] NCCL INFO Ring Channel 21/0 : 5[5] -> 6[6] via P2P/CUMEM
2025-12-12 13:28:36.312 dc53-p32-t108-n023:389995:390597 [3] NCCL INFO Ring Channel 07/0 : 3[3] -> 4[4] via P2P/CUMEM
2025-12-12 13:28:36.312 dc53-p32-t108-n023:389995:390597 [3] NCCL INFO Ring Channel 07/0 : 3[3] -> 4[4] via P2P/CUMEM
2025-12-12 13:28:36.312 dc53-p32-t108-n023:389993:390591 [1] NCCL INFO Ring Channel 05/0 : 1[1] -> 2[2] via P2P/CUMEM
2025-12-12 13:28:36.312 dc53-p32-t108-n023:389993:390591 [1] NCCL INFO Ring Channel 05/0 : 1[1] -> 2[2] via P2P/CUMEM
2025-12-12 13:28:36.312 dc53-p32-t108-n023:389994:390596 [2] NCCL INFO Ring Channel 02/0 : 2[2] -> 3[3] via P2P/CUMEM
2025-12-12 13:28:36.312 dc53-p32-t108-n023:389994:390596 [2] NCCL INFO Ring Channel 02/0 : 2[2] -> 3[3] via P2P/CUMEM
2025-12-12 13:28:36.312 dc53-p32-t108-n023:389996:390594 [4] NCCL INFO Ring Channel 00/0 : 4[4] -> 5[5] via P2P/CUMEM
2025-12-12 13:28:36.312 dc53-p32-t108-n023:389996:390594 [4] NCCL INFO Ring Channel 00/0 : 4[4] -> 5[5] via P2P/CUMEM
2025-12-12 13:28:36.312 dc53-p32-t108-n023:389999:390592 [7] NCCL INFO Ring Channel 10/0 : 7[7] -> 0[0] via P2P/CUMEM
2025-12-12 13:28:36.312 dc53-p32-t108-n023:389999:390592 [7] NCCL INFO Ring Channel 10/0 : 7[7] -> 0[0] via P2P/CUMEM
2025-12-12 13:28:36.312 dc53-p32-t108-n023:389997:390595 [5] NCCL INFO Ring Channel 22/0 : 5[5] -> 6[6] via P2P/CUMEM
2025-12-12 13:28:36.312 dc53-p32-t108-n023:389997:390595 [5] NCCL INFO Ring Channel 22/0 : 5[5] -> 6[6] via P2P/CUMEM
2025-12-12 13:28:36.312 dc53-p32-t108-n023:389995:390597 [3] NCCL INFO Ring Channel 08/0 : 3[3] -> 4[4] via P2P/CUMEM
2025-12-12 13:28:36.312 dc53-p32-t108-n023:389995:390597 [3] NCCL INFO Ring Channel 08/0 : 3[3] -> 4[4] via P2P/CUMEM
2025-12-12 13:28:36.313 dc53-p32-t108-n023:389993:390591 [1] NCCL INFO Ring Channel 06/0 : 1[1] -> 2[2] via P2P/CUMEM
2025-12-12 13:28:36.313 dc53-p32-t108-n023:389993:390591 [1] NCCL INFO Ring Channel 06/0 : 1[1] -> 2[2] via P2P/CUMEM
2025-12-12 13:28:36.313 dc53-p32-t108-n023:389994:390596 [2] NCCL INFO Ring Channel 03/0 : 2[2] -> 3[3] via P2P/CUMEM
2025-12-12 13:28:36.313 dc53-p32-t108-n023:389994:390596 [2] NCCL INFO Ring Channel 03/0 : 2[2] -> 3[3] via P2P/CUMEM
2025-12-12 13:28:36.313 dc53-p32-t108-n023:389996:390594 [4] NCCL INFO Ring Channel 01/0 : 4[4] -> 5[5] via P2P/CUMEM
2025-12-12 13:28:36.313 dc53-p32-t108-n023:389996:390594 [4] NCCL INFO Ring Channel 01/0 : 4[4] -> 5[5] via P2P/CUMEM
2025-12-12 13:28:36.313 dc53-p32-t108-n023:389999:390592 [7] NCCL INFO Ring Channel 11/0 : 7[7] -> 0[0] via P2P/CUMEM
2025-12-12 13:28:36.313 dc53-p32-t108-n023:389999:390592 [7] NCCL INFO Ring Channel 11/0 : 7[7] -> 0[0] via P2P/CUMEM
2025-12-12 13:28:36.313 dc53-p32-t108-n023:389997:390595 [5] NCCL INFO Ring Channel 23/0 : 5[5] -> 6[6] via P2P/CUMEM
2025-12-12 13:28:36.313 dc53-p32-t108-n023:389995:390597 [3] NCCL INFO Ring Channel 09/0 : 3[3] -> 4[4] via P2P/CUMEM
2025-12-12 13:28:36.313 dc53-p32-t108-n023:389997:390595 [5] NCCL INFO Ring Channel 23/0 : 5[5] -> 6[6] via P2P/CUMEM
2025-12-12 13:28:36.313 dc53-p32-t108-n023:389995:390597 [3] NCCL INFO Ring Channel 09/0 : 3[3] -> 4[4] via P2P/CUMEM
2025-12-12 13:28:36.313 dc53-p32-t108-n023:389993:390591 [1] NCCL INFO Ring Channel 07/0 : 1[1] -> 2[2] via P2P/CUMEM
2025-12-12 13:28:36.313 dc53-p32-t108-n023:389993:390591 [1] NCCL INFO Ring Channel 07/0 : 1[1] -> 2[2] via P2P/CUMEM
2025-12-12 13:28:36.313 dc53-p32-t108-n023:389994:390596 [2] NCCL INFO Ring Channel 04/0 : 2[2] -> 3[3] via P2P/CUMEM
2025-12-12 13:28:36.313 dc53-p32-t108-n023:389994:390596 [2] NCCL INFO Ring Channel 04/0 : 2[2] -> 3[3] via P2P/CUMEM
2025-12-12 13:28:36.313 dc53-p32-t108-n023:389996:390594 [4] NCCL INFO Ring Channel 02/0 : 4[4] -> 5[5] via P2P/CUMEM
2025-12-12 13:28:36.313 dc53-p32-t108-n023:389996:390594 [4] NCCL INFO Ring Channel 02/0 : 4[4] -> 5[5] via P2P/CUMEM
2025-12-12 13:28:36.313 dc53-p32-t108-n023:389999:390592 [7] NCCL INFO Ring Channel 12/0 : 7[7] -> 0[0] via P2P/CUMEM
2025-12-12 13:28:36.313 dc53-p32-t108-n023:389999:390592 [7] NCCL INFO Ring Channel 12/0 : 7[7] -> 0[0] via P2P/CUMEM
2025-12-12 13:28:36.314 dc53-p32-t108-n023:389995:390597 [3] NCCL INFO Ring Channel 10/0 : 3[3] -> 4[4] via P2P/CUMEM
2025-12-12 13:28:36.314 dc53-p32-t108-n023:389995:390597 [3] NCCL INFO Ring Channel 10/0 : 3[3] -> 4[4] via P2P/CUMEM
2025-12-12 13:28:36.314 dc53-p32-t108-n023:389993:390591 [1] NCCL INFO Ring Channel 08/0 : 1[1] -> 2[2] via P2P/CUMEM
2025-12-12 13:28:36.314 dc53-p32-t108-n023:389993:390591 [1] NCCL INFO Ring Channel 08/0 : 1[1] -> 2[2] via P2P/CUMEM
2025-12-12 13:28:36.314 dc53-p32-t108-n023:389994:390596 [2] NCCL INFO Ring Channel 05/0 : 2[2] -> 3[3] via P2P/CUMEM
2025-12-12 13:28:36.314 dc53-p32-t108-n023:389994:390596 [2] NCCL INFO Ring Channel 05/0 : 2[2] -> 3[3] via P2P/CUMEM
2025-12-12 13:28:36.314 dc53-p32-t108-n023:389996:390594 [4] NCCL INFO Ring Channel 03/0 : 4[4] -> 5[5] via P2P/CUMEM
2025-12-12 13:28:36.314 dc53-p32-t108-n023:389999:390592 [7] NCCL INFO Ring Channel 13/0 : 7[7] -> 0[0] via P2P/CUMEM
2025-12-12 13:28:36.314 dc53-p32-t108-n023:389996:390594 [4] NCCL INFO Ring Channel 03/0 : 4[4] -> 5[5] via P2P/CUMEM
2025-12-12 13:28:36.314 dc53-p32-t108-n023:389999:390592 [7] NCCL INFO Ring Channel 13/0 : 7[7] -> 0[0] via P2P/CUMEM
2025-12-12 13:28:36.314 dc53-p32-t108-n023:389995:390597 [3] NCCL INFO Ring Channel 11/0 : 3[3] -> 4[4] via P2P/CUMEM
2025-12-12 13:28:36.314 dc53-p32-t108-n023:389995:390597 [3] NCCL INFO Ring Channel 11/0 : 3[3] -> 4[4] via P2P/CUMEM
2025-12-12 13:28:36.314 dc53-p32-t108-n023:389993:390591 [1] NCCL INFO Ring Channel 09/0 : 1[1] -> 2[2] via P2P/CUMEM
2025-12-12 13:28:36.314 dc53-p32-t108-n023:389993:390591 [1] NCCL INFO Ring Channel 09/0 : 1[1] -> 2[2] via P2P/CUMEM
2025-12-12 13:28:36.314 dc53-p32-t108-n023:389994:390596 [2] NCCL INFO Ring Channel 06/0 : 2[2] -> 3[3] via P2P/CUMEM
2025-12-12 13:28:36.314 dc53-p32-t108-n023:389994:390596 [2] NCCL INFO Ring Channel 06/0 : 2[2] -> 3[3] via P2P/CUMEM
2025-12-12 13:28:36.314 dc53-p32-t108-n023:389996:390594 [4] NCCL INFO Ring Channel 04/0 : 4[4] -> 5[5] via P2P/CUMEM
2025-12-12 13:28:36.314 dc53-p32-t108-n023:389999:390592 [7] NCCL INFO Ring Channel 14/0 : 7[7] -> 0[0] via P2P/CUMEM
2025-12-12 13:28:36.314 dc53-p32-t108-n023:389996:390594 [4] NCCL INFO Ring Channel 04/0 : 4[4] -> 5[5] via P2P/CUMEM
2025-12-12 13:28:36.314 dc53-p32-t108-n023:389999:390592 [7] NCCL INFO Ring Channel 14/0 : 7[7] -> 0[0] via P2P/CUMEM
2025-12-12 13:28:36.314 dc53-p32-t108-n023:389995:390597 [3] NCCL INFO Ring Channel 12/0 : 3[3] -> 4[4] via P2P/CUMEM
2025-12-12 13:28:36.314 dc53-p32-t108-n023:389995:390597 [3] NCCL INFO Ring Channel 12/0 : 3[3] -> 4[4] via P2P/CUMEM
2025-12-12 13:28:36.315 dc53-p32-t108-n023:389993:390591 [1] NCCL INFO Ring Channel 10/0 : 1[1] -> 2[2] via P2P/CUMEM
2025-12-12 13:28:36.315 dc53-p32-t108-n023:389993:390591 [1] NCCL INFO Ring Channel 10/0 : 1[1] -> 2[2] via P2P/CUMEM
2025-12-12 13:28:36.315 dc53-p32-t108-n023:389994:390596 [2] NCCL INFO Ring Channel 07/0 : 2[2] -> 3[3] via P2P/CUMEM
2025-12-12 13:28:36.315 dc53-p32-t108-n023:389994:390596 [2] NCCL INFO Ring Channel 07/0 : 2[2] -> 3[3] via P2P/CUMEM
2025-12-12 13:28:36.315 dc53-p32-t108-n023:389996:390594 [4] NCCL INFO Ring Channel 05/0 : 4[4] -> 5[5] via P2P/CUMEM
2025-12-12 13:28:36.315 dc53-p32-t108-n023:389999:390592 [7] NCCL INFO Ring Channel 15/0 : 7[7] -> 0[0] via P2P/CUMEM
2025-12-12 13:28:36.315 dc53-p32-t108-n023:389996:390594 [4] NCCL INFO Ring Channel 05/0 : 4[4] -> 5[5] via P2P/CUMEM
2025-12-12 13:28:36.315 dc53-p32-t108-n023:389999:390592 [7] NCCL INFO Ring Channel 15/0 : 7[7] -> 0[0] via P2P/CUMEM
2025-12-12 13:28:36.315 dc53-p32-t108-n023:389995:390597 [3] NCCL INFO Ring Channel 13/0 : 3[3] -> 4[4] via P2P/CUMEM
2025-12-12 13:28:36.315 dc53-p32-t108-n023:389995:390597 [3] NCCL INFO Ring Channel 13/0 : 3[3] -> 4[4] via P2P/CUMEM
2025-12-12 13:28:36.315 dc53-p32-t108-n023:389993:390591 [1] NCCL INFO Ring Channel 11/0 : 1[1] -> 2[2] via P2P/CUMEM
2025-12-12 13:28:36.315 dc53-p32-t108-n023:389993:390591 [1] NCCL INFO Ring Channel 11/0 : 1[1] -> 2[2] via P2P/CUMEM
2025-12-12 13:28:36.315 dc53-p32-t108-n023:389994:390596 [2] NCCL INFO Ring Channel 08/0 : 2[2] -> 3[3] via P2P/CUMEM
2025-12-12 13:28:36.315 dc53-p32-t108-n023:389994:390596 [2] NCCL INFO Ring Channel 08/0 : 2[2] -> 3[3] via P2P/CUMEM
2025-12-12 13:28:36.315 dc53-p32-t108-n023:389996:390594 [4] NCCL INFO Ring Channel 06/0 : 4[4] -> 5[5] via P2P/CUMEM
2025-12-12 13:28:36.315 dc53-p32-t108-n023:389999:390592 [7] NCCL INFO Ring Channel 16/0 : 7[7] -> 0[0] via P2P/CUMEM
2025-12-12 13:28:36.315 dc53-p32-t108-n023:389996:390594 [4] NCCL INFO Ring Channel 06/0 : 4[4] -> 5[5] via P2P/CUMEM
2025-12-12 13:28:36.315 dc53-p32-t108-n023:389999:390592 [7] NCCL INFO Ring Channel 16/0 : 7[7] -> 0[0] via P2P/CUMEM
2025-12-12 13:28:36.315 dc53-p32-t108-n023:389995:390597 [3] NCCL INFO Ring Channel 14/0 : 3[3] -> 4[4] via P2P/CUMEM
2025-12-12 13:28:36.315 dc53-p32-t108-n023:389995:390597 [3] NCCL INFO Ring Channel 14/0 : 3[3] -> 4[4] via P2P/CUMEM
2025-12-12 13:28:36.315 dc53-p32-t108-n023:389993:390591 [1] NCCL INFO Ring Channel 12/0 : 1[1] -> 2[2] via P2P/CUMEM
2025-12-12 13:28:36.315 dc53-p32-t108-n023:389993:390591 [1] NCCL INFO Ring Channel 12/0 : 1[1] -> 2[2] via P2P/CUMEM
2025-12-12 13:28:36.315 dc53-p32-t108-n023:389994:390596 [2] NCCL INFO Ring Channel 09/0 : 2[2] -> 3[3] via P2P/CUMEM
2025-12-12 13:28:36.315 dc53-p32-t108-n023:389994:390596 [2] NCCL INFO Ring Channel 09/0 : 2[2] -> 3[3] via P2P/CUMEM
2025-12-12 13:28:36.316 dc53-p32-t108-n023:389996:390594 [4] NCCL INFO Ring Channel 07/0 : 4[4] -> 5[5] via P2P/CUMEM
2025-12-12 13:28:36.316 dc53-p32-t108-n023:389999:390592 [7] NCCL INFO Ring Channel 17/0 : 7[7] -> 0[0] via P2P/CUMEM
2025-12-12 13:28:36.316 dc53-p32-t108-n023:389996:390594 [4] NCCL INFO Ring Channel 07/0 : 4[4] -> 5[5] via P2P/CUMEM
2025-12-12 13:28:36.316 dc53-p32-t108-n023:389999:390592 [7] NCCL INFO Ring Channel 17/0 : 7[7] -> 0[0] via P2P/CUMEM
2025-12-12 13:28:36.316 dc53-p32-t108-n023:389995:390597 [3] NCCL INFO Ring Channel 15/0 : 3[3] -> 4[4] via P2P/CUMEM
2025-12-12 13:28:36.316 dc53-p32-t108-n023:389995:390597 [3] NCCL INFO Ring Channel 15/0 : 3[3] -> 4[4] via P2P/CUMEM
2025-12-12 13:28:36.316 dc53-p32-t108-n023:389993:390591 [1] NCCL INFO Ring Channel 13/0 : 1[1] -> 2[2] via P2P/CUMEM
2025-12-12 13:28:36.316 dc53-p32-t108-n023:389994:390596 [2] NCCL INFO Ring Channel 10/0 : 2[2] -> 3[3] via P2P/CUMEM
2025-12-12 13:28:36.316 dc53-p32-t108-n023:389993:390591 [1] NCCL INFO Ring Channel 13/0 : 1[1] -> 2[2] via P2P/CUMEM
2025-12-12 13:28:36.316 dc53-p32-t108-n023:389994:390596 [2] NCCL INFO Ring Channel 10/0 : 2[2] -> 3[3] via P2P/CUMEM
2025-12-12 13:28:36.316 dc53-p32-t108-n023:389996:390594 [4] NCCL INFO Ring Channel 08/0 : 4[4] -> 5[5] via P2P/CUMEM
2025-12-12 13:28:36.316 dc53-p32-t108-n023:389999:390592 [7] NCCL INFO Ring Channel 18/0 : 7[7] -> 0[0] via P2P/CUMEM
2025-12-12 13:28:36.316 dc53-p32-t108-n023:389996:390594 [4] NCCL INFO Ring Channel 08/0 : 4[4] -> 5[5] via P2P/CUMEM
2025-12-12 13:28:36.316 dc53-p32-t108-n023:389999:390592 [7] NCCL INFO Ring Channel 18/0 : 7[7] -> 0[0] via P2P/CUMEM
2025-12-12 13:28:36.316 dc53-p32-t108-n023:389995:390597 [3] NCCL INFO Ring Channel 16/0 : 3[3] -> 4[4] via P2P/CUMEM
2025-12-12 13:28:36.316 dc53-p32-t108-n023:389995:390597 [3] NCCL INFO Ring Channel 16/0 : 3[3] -> 4[4] via P2P/CUMEM
2025-12-12 13:28:36.316 dc53-p32-t108-n023:389993:390591 [1] NCCL INFO Ring Channel 14/0 : 1[1] -> 2[2] via P2P/CUMEM
2025-12-12 13:28:36.316 dc53-p32-t108-n023:389994:390596 [2] NCCL INFO Ring Channel 11/0 : 2[2] -> 3[3] via P2P/CUMEM
2025-12-12 13:28:36.316 dc53-p32-t108-n023:389993:390591 [1] NCCL INFO Ring Channel 14/0 : 1[1] -> 2[2] via P2P/CUMEM
2025-12-12 13:28:36.316 dc53-p32-t108-n023:389994:390596 [2] NCCL INFO Ring Channel 11/0 : 2[2] -> 3[3] via P2P/CUMEM
2025-12-12 13:28:36.316 dc53-p32-t108-n023:389996:390594 [4] NCCL INFO Ring Channel 09/0 : 4[4] -> 5[5] via P2P/CUMEM
2025-12-12 13:28:36.316 dc53-p32-t108-n023:389999:390592 [7] NCCL INFO Ring Channel 19/0 : 7[7] -> 0[0] via P2P/CUMEM
2025-12-12 13:28:36.316 dc53-p32-t108-n023:389996:390594 [4] NCCL INFO Ring Channel 09/0 : 4[4] -> 5[5] via P2P/CUMEM
2025-12-12 13:28:36.316 dc53-p32-t108-n023:389999:390592 [7] NCCL INFO Ring Channel 19/0 : 7[7] -> 0[0] via P2P/CUMEM
2025-12-12 13:28:36.317 dc53-p32-t108-n023:389995:390597 [3] NCCL INFO Ring Channel 17/0 : 3[3] -> 4[4] via P2P/CUMEM
2025-12-12 13:28:36.317 dc53-p32-t108-n023:389995:390597 [3] NCCL INFO Ring Channel 17/0 : 3[3] -> 4[4] via P2P/CUMEM
2025-12-12 13:28:36.317 dc53-p32-t108-n023:389993:390591 [1] NCCL INFO Ring Channel 15/0 : 1[1] -> 2[2] via P2P/CUMEM
2025-12-12 13:28:36.317 dc53-p32-t108-n023:389994:390596 [2] NCCL INFO Ring Channel 12/0 : 2[2] -> 3[3] via P2P/CUMEM
2025-12-12 13:28:36.317 dc53-p32-t108-n023:389993:390591 [1] NCCL INFO Ring Channel 15/0 : 1[1] -> 2[2] via P2P/CUMEM
2025-12-12 13:28:36.317 dc53-p32-t108-n023:389994:390596 [2] NCCL INFO Ring Channel 12/0 : 2[2] -> 3[3] via P2P/CUMEM
2025-12-12 13:28:36.317 dc53-p32-t108-n023:389996:390594 [4] NCCL INFO Ring Channel 10/0 : 4[4] -> 5[5] via P2P/CUMEM
2025-12-12 13:28:36.317 dc53-p32-t108-n023:389996:390594 [4] NCCL INFO Ring Channel 10/0 : 4[4] -> 5[5] via P2P/CUMEM
2025-12-12 13:28:36.317 dc53-p32-t108-n023:389999:390592 [7] NCCL INFO Ring Channel 20/0 : 7[7] -> 0[0] via P2P/CUMEM
2025-12-12 13:28:36.317 dc53-p32-t108-n023:389999:390592 [7] NCCL INFO Ring Channel 20/0 : 7[7] -> 0[0] via P2P/CUMEM
2025-12-12 13:28:36.317 dc53-p32-t108-n023:389995:390597 [3] NCCL INFO Ring Channel 18/0 : 3[3] -> 4[4] via P2P/CUMEM
2025-12-12 13:28:36.317 dc53-p32-t108-n023:389995:390597 [3] NCCL INFO Ring Channel 18/0 : 3[3] -> 4[4] via P2P/CUMEM
2025-12-12 13:28:36.317 dc53-p32-t108-n023:389993:390591 [1] NCCL INFO Ring Channel 16/0 : 1[1] -> 2[2] via P2P/CUMEM
2025-12-12 13:28:36.317 dc53-p32-t108-n023:389994:390596 [2] NCCL INFO Ring Channel 13/0 : 2[2] -> 3[3] via P2P/CUMEM
2025-12-12 13:28:36.317 dc53-p32-t108-n023:389993:390591 [1] NCCL INFO Ring Channel 16/0 : 1[1] -> 2[2] via P2P/CUMEM
2025-12-12 13:28:36.317 dc53-p32-t108-n023:389994:390596 [2] NCCL INFO Ring Channel 13/0 : 2[2] -> 3[3] via P2P/CUMEM
2025-12-12 13:28:36.317 dc53-p32-t108-n023:389996:390594 [4] NCCL INFO Ring Channel 11/0 : 4[4] -> 5[5] via P2P/CUMEM
2025-12-12 13:28:36.317 dc53-p32-t108-n023:389999:390592 [7] NCCL INFO Ring Channel 21/0 : 7[7] -> 0[0] via P2P/CUMEM
2025-12-12 13:28:36.317 dc53-p32-t108-n023:389996:390594 [4] NCCL INFO Ring Channel 11/0 : 4[4] -> 5[5] via P2P/CUMEM
2025-12-12 13:28:36.317 dc53-p32-t108-n023:389999:390592 [7] NCCL INFO Ring Channel 21/0 : 7[7] -> 0[0] via P2P/CUMEM
2025-12-12 13:28:36.317 dc53-p32-t108-n023:389995:390597 [3] NCCL INFO Ring Channel 19/0 : 3[3] -> 4[4] via P2P/CUMEM
2025-12-12 13:28:36.317 dc53-p32-t108-n023:389995:390597 [3] NCCL INFO Ring Channel 19/0 : 3[3] -> 4[4] via P2P/CUMEM
2025-12-12 13:28:36.318 dc53-p32-t108-n023:389993:390591 [1] NCCL INFO Ring Channel 17/0 : 1[1] -> 2[2] via P2P/CUMEM
2025-12-12 13:28:36.318 dc53-p32-t108-n023:389994:390596 [2] NCCL INFO Ring Channel 14/0 : 2[2] -> 3[3] via P2P/CUMEM
2025-12-12 13:28:36.318 dc53-p32-t108-n023:389993:390591 [1] NCCL INFO Ring Channel 17/0 : 1[1] -> 2[2] via P2P/CUMEM
2025-12-12 13:28:36.318 dc53-p32-t108-n023:389994:390596 [2] NCCL INFO Ring Channel 14/0 : 2[2] -> 3[3] via P2P/CUMEM
2025-12-12 13:28:36.318 dc53-p32-t108-n023:389996:390594 [4] NCCL INFO Ring Channel 12/0 : 4[4] -> 5[5] via P2P/CUMEM
2025-12-12 13:28:36.318 dc53-p32-t108-n023:389996:390594 [4] NCCL INFO Ring Channel 12/0 : 4[4] -> 5[5] via P2P/CUMEM
2025-12-12 13:28:36.318 dc53-p32-t108-n023:389999:390592 [7] NCCL INFO Ring Channel 22/0 : 7[7] -> 0[0] via P2P/CUMEM
2025-12-12 13:28:36.318 dc53-p32-t108-n023:389999:390592 [7] NCCL INFO Ring Channel 22/0 : 7[7] -> 0[0] via P2P/CUMEM
2025-12-12 13:28:36.318 dc53-p32-t108-n023:389995:390597 [3] NCCL INFO Ring Channel 20/0 : 3[3] -> 4[4] via P2P/CUMEM
2025-12-12 13:28:36.318 dc53-p32-t108-n023:389995:390597 [3] NCCL INFO Ring Channel 20/0 : 3[3] -> 4[4] via P2P/CUMEM
2025-12-12 13:28:36.318 dc53-p32-t108-n023:389993:390591 [1] NCCL INFO Ring Channel 18/0 : 1[1] -> 2[2] via P2P/CUMEM
2025-12-12 13:28:36.318 dc53-p32-t108-n023:389994:390596 [2] NCCL INFO Ring Channel 15/0 : 2[2] -> 3[3] via P2P/CUMEM
2025-12-12 13:28:36.318 dc53-p32-t108-n023:389993:390591 [1] NCCL INFO Ring Channel 18/0 : 1[1] -> 2[2] via P2P/CUMEM
2025-12-12 13:28:36.318 dc53-p32-t108-n023:389994:390596 [2] NCCL INFO Ring Channel 15/0 : 2[2] -> 3[3] via P2P/CUMEM
2025-12-12 13:28:36.318 dc53-p32-t108-n023:389996:390594 [4] NCCL INFO Ring Channel 13/0 : 4[4] -> 5[5] via P2P/CUMEM
2025-12-12 13:28:36.318 dc53-p32-t108-n023:389996:390594 [4] NCCL INFO Ring Channel 13/0 : 4[4] -> 5[5] via P2P/CUMEM
2025-12-12 13:28:36.318 dc53-p32-t108-n023:389999:390592 [7] NCCL INFO Ring Channel 23/0 : 7[7] -> 0[0] via P2P/CUMEM
2025-12-12 13:28:36.318 dc53-p32-t108-n023:389999:390592 [7] NCCL INFO Ring Channel 23/0 : 7[7] -> 0[0] via P2P/CUMEM
2025-12-12 13:28:36.318 dc53-p32-t108-n023:389995:390597 [3] NCCL INFO Ring Channel 21/0 : 3[3] -> 4[4] via P2P/CUMEM
2025-12-12 13:28:36.318 dc53-p32-t108-n023:389995:390597 [3] NCCL INFO Ring Channel 21/0 : 3[3] -> 4[4] via P2P/CUMEM
2025-12-12 13:28:36.318 dc53-p32-t108-n023:389993:390591 [1] NCCL INFO Ring Channel 19/0 : 1[1] -> 2[2] via P2P/CUMEM
2025-12-12 13:28:36.318 dc53-p32-t108-n023:389993:390591 [1] NCCL INFO Ring Channel 19/0 : 1[1] -> 2[2] via P2P/CUMEM
2025-12-12 13:28:36.319 dc53-p32-t108-n023:389994:390596 [2] NCCL INFO Ring Channel 16/0 : 2[2] -> 3[3] via P2P/CUMEM
2025-12-12 13:28:36.319 dc53-p32-t108-n023:389994:390596 [2] NCCL INFO Ring Channel 16/0 : 2[2] -> 3[3] via P2P/CUMEM
2025-12-12 13:28:36.319 dc53-p32-t108-n023:389996:390594 [4] NCCL INFO Ring Channel 14/0 : 4[4] -> 5[5] via P2P/CUMEM
2025-12-12 13:28:36.319 dc53-p32-t108-n023:389996:390594 [4] NCCL INFO Ring Channel 14/0 : 4[4] -> 5[5] via P2P/CUMEM
2025-12-12 13:28:36.319 dc53-p32-t108-n023:389995:390597 [3] NCCL INFO Ring Channel 22/0 : 3[3] -> 4[4] via P2P/CUMEM
2025-12-12 13:28:36.319 dc53-p32-t108-n023:389992:390590 [0] NCCL INFO Ring Channel 00/0 : 0[0] -> 1[1] via P2P/CUMEM
2025-12-12 13:28:36.319 dc53-p32-t108-n023:389995:390597 [3] NCCL INFO Ring Channel 22/0 : 3[3] -> 4[4] via P2P/CUMEM
2025-12-12 13:28:36.319 dc53-p32-t108-n023:389992:390590 [0] NCCL INFO Ring Channel 00/0 : 0[0] -> 1[1] via P2P/CUMEM
2025-12-12 13:28:36.319 dc53-p32-t108-n023:389993:390591 [1] NCCL INFO Ring Channel 20/0 : 1[1] -> 2[2] via P2P/CUMEM
2025-12-12 13:28:36.319 dc53-p32-t108-n023:389994:390596 [2] NCCL INFO Ring Channel 17/0 : 2[2] -> 3[3] via P2P/CUMEM
2025-12-12 13:28:36.319 dc53-p32-t108-n023:389993:390591 [1] NCCL INFO Ring Channel 20/0 : 1[1] -> 2[2] via P2P/CUMEM
2025-12-12 13:28:36.319 dc53-p32-t108-n023:389994:390596 [2] NCCL INFO Ring Channel 17/0 : 2[2] -> 3[3] via P2P/CUMEM
2025-12-12 13:28:36.319 dc53-p32-t108-n023:389996:390594 [4] NCCL INFO Ring Channel 15/0 : 4[4] -> 5[5] via P2P/CUMEM
2025-12-12 13:28:36.319 dc53-p32-t108-n023:389996:390594 [4] NCCL INFO Ring Channel 15/0 : 4[4] -> 5[5] via P2P/CUMEM
2025-12-12 13:28:36.319 dc53-p32-t108-n023:389995:390597 [3] NCCL INFO Ring Channel 23/0 : 3[3] -> 4[4] via P2P/CUMEM
2025-12-12 13:28:36.319 dc53-p32-t108-n023:389995:390597 [3] NCCL INFO Ring Channel 23/0 : 3[3] -> 4[4] via P2P/CUMEM
2025-12-12 13:28:36.319 dc53-p32-t108-n023:389993:390591 [1] NCCL INFO Ring Channel 21/0 : 1[1] -> 2[2] via P2P/CUMEM
2025-12-12 13:28:36.319 dc53-p32-t108-n023:389994:390596 [2] NCCL INFO Ring Channel 18/0 : 2[2] -> 3[3] via P2P/CUMEM
2025-12-12 13:28:36.319 dc53-p32-t108-n023:389993:390591 [1] NCCL INFO Ring Channel 21/0 : 1[1] -> 2[2] via P2P/CUMEM
2025-12-12 13:28:36.319 dc53-p32-t108-n023:389994:390596 [2] NCCL INFO Ring Channel 18/0 : 2[2] -> 3[3] via P2P/CUMEM
2025-12-12 13:28:36.319 dc53-p32-t108-n023:389996:390594 [4] NCCL INFO Ring Channel 16/0 : 4[4] -> 5[5] via P2P/CUMEM
2025-12-12 13:28:36.319 dc53-p32-t108-n023:389996:390594 [4] NCCL INFO Ring Channel 16/0 : 4[4] -> 5[5] via P2P/CUMEM
2025-12-12 13:28:36.319 dc53-p32-t108-n023:389992:390590 [0] NCCL INFO Ring Channel 01/0 : 0[0] -> 1[1] via P2P/CUMEM
2025-12-12 13:28:36.319 dc53-p32-t108-n023:389992:390590 [0] NCCL INFO Ring Channel 01/0 : 0[0] -> 1[1] via P2P/CUMEM
2025-12-12 13:28:36.320 dc53-p32-t108-n023:389993:390591 [1] NCCL INFO Ring Channel 22/0 : 1[1] -> 2[2] via P2P/CUMEM
2025-12-12 13:28:36.320 dc53-p32-t108-n023:389994:390596 [2] NCCL INFO Ring Channel 19/0 : 2[2] -> 3[3] via P2P/CUMEM
2025-12-12 13:28:36.320 dc53-p32-t108-n023:389993:390591 [1] NCCL INFO Ring Channel 22/0 : 1[1] -> 2[2] via P2P/CUMEM
2025-12-12 13:28:36.320 dc53-p32-t108-n023:389994:390596 [2] NCCL INFO Ring Channel 19/0 : 2[2] -> 3[3] via P2P/CUMEM
2025-12-12 13:28:36.320 dc53-p32-t108-n023:389996:390594 [4] NCCL INFO Ring Channel 17/0 : 4[4] -> 5[5] via P2P/CUMEM
2025-12-12 13:28:36.320 dc53-p32-t108-n023:389996:390594 [4] NCCL INFO Ring Channel 17/0 : 4[4] -> 5[5] via P2P/CUMEM
2025-12-12 13:28:36.320 dc53-p32-t108-n023:389992:390590 [0] NCCL INFO Ring Channel 02/0 : 0[0] -> 1[1] via P2P/CUMEM
2025-12-12 13:28:36.320 dc53-p32-t108-n023:389992:390590 [0] NCCL INFO Ring Channel 02/0 : 0[0] -> 1[1] via P2P/CUMEM
2025-12-12 13:28:36.321 dc53-p32-t108-n023:389994:390596 [2] NCCL INFO Ring Channel 20/0 : 2[2] -> 3[3] via P2P/CUMEM
2025-12-12 13:28:36.321 dc53-p32-t108-n023:389994:390596 [2] NCCL INFO Ring Channel 20/0 : 2[2] -> 3[3] via P2P/CUMEM
2025-12-12 13:28:36.321 dc53-p32-t108-n023:389996:390594 [4] NCCL INFO Ring Channel 18/0 : 4[4] -> 5[5] via P2P/CUMEM
2025-12-12 13:28:36.321 dc53-p32-t108-n023:389992:390590 [0] NCCL INFO Ring Channel 03/0 : 0[0] -> 1[1] via P2P/CUMEM
2025-12-12 13:28:36.321 dc53-p32-t108-n023:389996:390594 [4] NCCL INFO Ring Channel 18/0 : 4[4] -> 5[5] via P2P/CUMEM
2025-12-12 13:28:36.321 dc53-p32-t108-n023:389992:390590 [0] NCCL INFO Ring Channel 03/0 : 0[0] -> 1[1] via P2P/CUMEM
2025-12-12 13:28:36.321 dc53-p32-t108-n023:389993:390591 [1] NCCL INFO Ring Channel 23/0 : 1[1] -> 2[2] via P2P/CUMEM
2025-12-12 13:28:36.321 dc53-p32-t108-n023:389993:390591 [1] NCCL INFO Ring Channel 23/0 : 1[1] -> 2[2] via P2P/CUMEM
2025-12-12 13:28:36.321 dc53-p32-t108-n023:389994:390596 [2] NCCL INFO Ring Channel 21/0 : 2[2] -> 3[3] via P2P/CUMEM
2025-12-12 13:28:36.321 dc53-p32-t108-n023:389994:390596 [2] NCCL INFO Ring Channel 21/0 : 2[2] -> 3[3] via P2P/CUMEM
2025-12-12 13:28:36.322 dc53-p32-t108-n023:389996:390594 [4] NCCL INFO Ring Channel 19/0 : 4[4] -> 5[5] via P2P/CUMEM
2025-12-12 13:28:36.322 dc53-p32-t108-n023:389996:390594 [4] NCCL INFO Ring Channel 19/0 : 4[4] -> 5[5] via P2P/CUMEM
2025-12-12 13:28:36.322 dc53-p32-t108-n023:389992:390590 [0] NCCL INFO Ring Channel 04/0 : 0[0] -> 1[1] via P2P/CUMEM
2025-12-12 13:28:36.322 dc53-p32-t108-n023:389992:390590 [0] NCCL INFO Ring Channel 04/0 : 0[0] -> 1[1] via P2P/CUMEM
2025-12-12 13:28:36.323 dc53-p32-t108-n023:389994:390596 [2] NCCL INFO Ring Channel 22/0 : 2[2] -> 3[3] via P2P/CUMEM
2025-12-12 13:28:36.323 dc53-p32-t108-n023:389994:390596 [2] NCCL INFO Ring Channel 22/0 : 2[2] -> 3[3] via P2P/CUMEM
2025-12-12 13:28:36.326 dc53-p32-t108-n023:389994:390596 [2] NCCL INFO Ring Channel 23/0 : 2[2] -> 3[3] via P2P/CUMEM
2025-12-12 13:28:36.326 dc53-p32-t108-n023:389996:390594 [4] NCCL INFO Ring Channel 20/0 : 4[4] -> 5[5] via P2P/CUMEM
2025-12-12 13:28:36.326 dc53-p32-t108-n023:389994:390596 [2] NCCL INFO Ring Channel 23/0 : 2[2] -> 3[3] via P2P/CUMEM
2025-12-12 13:28:36.326 dc53-p32-t108-n023:389996:390594 [4] NCCL INFO Ring Channel 20/0 : 4[4] -> 5[5] via P2P/CUMEM
2025-12-12 13:28:36.326 dc53-p32-t108-n023:389992:390590 [0] NCCL INFO Ring Channel 05/0 : 0[0] -> 1[1] via P2P/CUMEM
2025-12-12 13:28:36.326 dc53-p32-t108-n023:389992:390590 [0] NCCL INFO Ring Channel 05/0 : 0[0] -> 1[1] via P2P/CUMEM
2025-12-12 13:28:36.326 dc53-p32-t108-n023:389996:390594 [4] NCCL INFO Ring Channel 21/0 : 4[4] -> 5[5] via P2P/CUMEM
2025-12-12 13:28:36.326 dc53-p32-t108-n023:389996:390594 [4] NCCL INFO Ring Channel 21/0 : 4[4] -> 5[5] via P2P/CUMEM
2025-12-12 13:28:36.326 dc53-p32-t108-n023:389992:390590 [0] NCCL INFO Ring Channel 06/0 : 0[0] -> 1[1] via P2P/CUMEM
2025-12-12 13:28:36.326 dc53-p32-t108-n023:389992:390590 [0] NCCL INFO Ring Channel 06/0 : 0[0] -> 1[1] via P2P/CUMEM
2025-12-12 13:28:36.329 dc53-p32-t108-n023:389996:390594 [4] NCCL INFO Ring Channel 22/0 : 4[4] -> 5[5] via P2P/CUMEM
2025-12-12 13:28:36.329 dc53-p32-t108-n023:389996:390594 [4] NCCL INFO Ring Channel 22/0 : 4[4] -> 5[5] via P2P/CUMEM
2025-12-12 13:28:36.329 dc53-p32-t108-n023:389992:390590 [0] NCCL INFO Ring Channel 07/0 : 0[0] -> 1[1] via P2P/CUMEM
2025-12-12 13:28:36.329 dc53-p32-t108-n023:389992:390590 [0] NCCL INFO Ring Channel 07/0 : 0[0] -> 1[1] via P2P/CUMEM
2025-12-12 13:28:36.331 dc53-p32-t108-n023:389996:390594 [4] NCCL INFO Ring Channel 23/0 : 4[4] -> 5[5] via P2P/CUMEM
2025-12-12 13:28:36.331 dc53-p32-t108-n023:389996:390594 [4] NCCL INFO Ring Channel 23/0 : 4[4] -> 5[5] via P2P/CUMEM
2025-12-12 13:28:36.334 dc53-p32-t108-n023:389992:390590 [0] NCCL INFO Ring Channel 08/0 : 0[0] -> 1[1] via P2P/CUMEM
2025-12-12 13:28:36.334 dc53-p32-t108-n023:389992:390590 [0] NCCL INFO Ring Channel 08/0 : 0[0] -> 1[1] via P2P/CUMEM
2025-12-12 13:28:36.338 dc53-p32-t108-n023:389992:390590 [0] NCCL INFO Ring Channel 09/0 : 0[0] -> 1[1] via P2P/CUMEM
2025-12-12 13:28:36.338 dc53-p32-t108-n023:389992:390590 [0] NCCL INFO Ring Channel 09/0 : 0[0] -> 1[1] via P2P/CUMEM
2025-12-12 13:28:36.343 dc53-p32-t108-n023:389992:390590 [0] NCCL INFO Ring Channel 10/0 : 0[0] -> 1[1] via P2P/CUMEM
2025-12-12 13:28:36.343 dc53-p32-t108-n023:389992:390590 [0] NCCL INFO Ring Channel 10/0 : 0[0] -> 1[1] via P2P/CUMEM
2025-12-12 13:28:36.344 dc53-p32-t108-n023:389992:390590 [0] NCCL INFO Ring Channel 11/0 : 0[0] -> 1[1] via P2P/CUMEM
2025-12-12 13:28:36.344 dc53-p32-t108-n023:389992:390590 [0] NCCL INFO Ring Channel 11/0 : 0[0] -> 1[1] via P2P/CUMEM
2025-12-12 13:28:36.347 dc53-p32-t108-n023:389992:390590 [0] NCCL INFO Ring Channel 12/0 : 0[0] -> 1[1] via P2P/CUMEM
2025-12-12 13:28:36.347 dc53-p32-t108-n023:389992:390590 [0] NCCL INFO Ring Channel 12/0 : 0[0] -> 1[1] via P2P/CUMEM
2025-12-12 13:28:36.351 dc53-p32-t108-n023:389992:390590 [0] NCCL INFO Ring Channel 13/0 : 0[0] -> 1[1] via P2P/CUMEM
2025-12-12 13:28:36.351 dc53-p32-t108-n023:389992:390590 [0] NCCL INFO Ring Channel 13/0 : 0[0] -> 1[1] via P2P/CUMEM
2025-12-12 13:28:36.353 dc53-p32-t108-n023:389992:390590 [0] NCCL INFO Ring Channel 14/0 : 0[0] -> 1[1] via P2P/CUMEM
2025-12-12 13:28:36.353 dc53-p32-t108-n023:389992:390590 [0] NCCL INFO Ring Channel 14/0 : 0[0] -> 1[1] via P2P/CUMEM
2025-12-12 13:28:36.362 dc53-p32-t108-n023:389992:390590 [0] NCCL INFO Ring Channel 15/0 : 0[0] -> 1[1] via P2P/CUMEM
2025-12-12 13:28:36.362 dc53-p32-t108-n023:389992:390590 [0] NCCL INFO Ring Channel 15/0 : 0[0] -> 1[1] via P2P/CUMEM
2025-12-12 13:28:36.363 dc53-p32-t108-n023:389992:390590 [0] NCCL INFO Ring Channel 16/0 : 0[0] -> 1[1] via P2P/CUMEM
2025-12-12 13:28:36.363 dc53-p32-t108-n023:389992:390590 [0] NCCL INFO Ring Channel 16/0 : 0[0] -> 1[1] via P2P/CUMEM
2025-12-12 13:28:36.364 dc53-p32-t108-n023:389992:390590 [0] NCCL INFO Ring Channel 17/0 : 0[0] -> 1[1] via P2P/CUMEM
2025-12-12 13:28:36.364 dc53-p32-t108-n023:389992:390590 [0] NCCL INFO Ring Channel 17/0 : 0[0] -> 1[1] via P2P/CUMEM
2025-12-12 13:28:36.365 dc53-p32-t108-n023:389992:390590 [0] NCCL INFO Ring Channel 18/0 : 0[0] -> 1[1] via P2P/CUMEM
2025-12-12 13:28:36.365 dc53-p32-t108-n023:389992:390590 [0] NCCL INFO Ring Channel 18/0 : 0[0] -> 1[1] via P2P/CUMEM
2025-12-12 13:28:36.370 dc53-p32-t108-n023:389992:390590 [0] NCCL INFO Ring Channel 19/0 : 0[0] -> 1[1] via P2P/CUMEM
2025-12-12 13:28:36.370 dc53-p32-t108-n023:389992:390590 [0] NCCL INFO Ring Channel 19/0 : 0[0] -> 1[1] via P2P/CUMEM
2025-12-12 13:28:36.371 dc53-p32-t108-n023:389992:390590 [0] NCCL INFO Ring Channel 20/0 : 0[0] -> 1[1] via P2P/CUMEM
2025-12-12 13:28:36.371 dc53-p32-t108-n023:389992:390590 [0] NCCL INFO Ring Channel 20/0 : 0[0] -> 1[1] via P2P/CUMEM
2025-12-12 13:28:36.378 dc53-p32-t108-n023:389992:390590 [0] NCCL INFO Ring Channel 21/0 : 0[0] -> 1[1] via P2P/CUMEM
2025-12-12 13:28:36.378 dc53-p32-t108-n023:389992:390590 [0] NCCL INFO Ring Channel 21/0 : 0[0] -> 1[1] via P2P/CUMEM
2025-12-12 13:28:36.378 dc53-p32-t108-n023:389992:390590 [0] NCCL INFO Ring Channel 22/0 : 0[0] -> 1[1] via P2P/CUMEM
2025-12-12 13:28:36.378 dc53-p32-t108-n023:389992:390590 [0] NCCL INFO Ring Channel 22/0 : 0[0] -> 1[1] via P2P/CUMEM
2025-12-12 13:28:36.378 dc53-p32-t108-n023:389992:390590 [0] NCCL INFO Ring Channel 23/0 : 0[0] -> 1[1] via P2P/CUMEM
2025-12-12 13:28:36.378 dc53-p32-t108-n023:389992:390590 [0] NCCL INFO Ring Channel 23/0 : 0[0] -> 1[1] via P2P/CUMEM
